{
    "0": {
        "precision": 0.8839957035445757,
        "recall": 0.8663157894736843,
        "f1-score": 0.8750664540138224,
        "support": 1900.0
    },
    "1": {
        "precision": 0.9338159255429163,
        "recall": 0.9505263157894737,
        "f1-score": 0.9420970266040689,
        "support": 1900.0
    },
    "2": {
        "precision": 0.8278947368421052,
        "recall": 0.8278947368421052,
        "f1-score": 0.8278947368421052,
        "support": 1900.0
    },
    "3": {
        "precision": 0.8308823529411765,
        "recall": 0.8326315789473684,
        "f1-score": 0.8317560462670873,
        "support": 1900.0
    },
    "accuracy": 0.8693421052631579,
    "macro avg": {
        "precision": 0.8691471797176935,
        "recall": 0.8693421052631579,
        "f1-score": 0.869203565931771,
        "support": 7600.0
    },
    "weighted avg": {
        "precision": 0.8691471797176934,
        "recall": 0.8693421052631579,
        "f1-score": 0.869203565931771,
        "support": 7600.0
    },
    "roc_auc": {
        "0": 0.9616254847645428,
        "1": 0.9917287165281625,
        "2": 0.9571286241920591,
        "3": 0.964313758079409
    },
    "model": "LogisticRegression",
    "params": {
        "max_iter": 2000,
        "random_state": 42,
        "C": 0.5,
        "tol": 0.0035
    },
    "mode": "training"
}