{
    "0": {
        "precision": 0.64,
        "recall": 0.6520376175548589,
        "f1-score": 0.6459627329192547,
        "support": 319.0
    },
    "1": {
        "precision": 0.7192982456140351,
        "recall": 0.7377892030848329,
        "f1-score": 0.7284263959390863,
        "support": 389.0
    },
    "2": {
        "precision": 0.6954177897574124,
        "recall": 0.6548223350253807,
        "f1-score": 0.6745098039215687,
        "support": 394.0
    },
    "3": {
        "precision": 0.6379746835443038,
        "recall": 0.6428571428571429,
        "f1-score": 0.6404066073697586,
        "support": 392.0
    },
    "4": {
        "precision": 0.7331606217616581,
        "recall": 0.7350649350649351,
        "f1-score": 0.7341115434500648,
        "support": 385.0
    },
    "5": {
        "precision": 0.8089005235602095,
        "recall": 0.7822784810126582,
        "f1-score": 0.7953667953667953,
        "support": 395.0
    },
    "6": {
        "precision": 0.84251968503937,
        "recall": 0.823076923076923,
        "f1-score": 0.8326848249027238,
        "support": 390.0
    },
    "7": {
        "precision": 0.8288508557457213,
        "recall": 0.8560606060606061,
        "f1-score": 0.8422360248447205,
        "support": 396.0
    },
    "8": {
        "precision": 0.8663239074550129,
        "recall": 0.8467336683417085,
        "f1-score": 0.8564167725540025,
        "support": 398.0
    },
    "9": {
        "precision": 0.9428571428571428,
        "recall": 0.9143576826196473,
        "f1-score": 0.928388746803069,
        "support": 397.0
    },
    "10": {
        "precision": 0.9643765903307888,
        "recall": 0.949874686716792,
        "f1-score": 0.9570707070707071,
        "support": 399.0
    },
    "11": {
        "precision": 0.8827930174563591,
        "recall": 0.8939393939393939,
        "f1-score": 0.8883312421580929,
        "support": 396.0
    },
    "12": {
        "precision": 0.6739659367396593,
        "recall": 0.7048346055979644,
        "f1-score": 0.6890547263681592,
        "support": 393.0
    },
    "13": {
        "precision": 0.9036458333333334,
        "recall": 0.8762626262626263,
        "f1-score": 0.8897435897435897,
        "support": 396.0
    },
    "14": {
        "precision": 0.9035532994923858,
        "recall": 0.9035532994923858,
        "f1-score": 0.9035532994923858,
        "support": 394.0
    },
    "15": {
        "precision": 0.7604651162790698,
        "recall": 0.821608040201005,
        "f1-score": 0.7898550724637681,
        "support": 398.0
    },
    "16": {
        "precision": 0.6849015317286652,
        "recall": 0.8598901098901099,
        "f1-score": 0.7624847746650426,
        "support": 364.0
    },
    "17": {
        "precision": 0.9132947976878613,
        "recall": 0.8404255319148937,
        "f1-score": 0.8753462603878116,
        "support": 376.0
    },
    "18": {
        "precision": 0.6795366795366795,
        "recall": 0.567741935483871,
        "f1-score": 0.6186291739894552,
        "support": 310.0
    },
    "19": {
        "precision": 0.5404255319148936,
        "recall": 0.5059760956175299,
        "f1-score": 0.522633744855967,
        "support": 251.0
    },
    "accuracy": 0.7871747211895911,
    "macro avg": {
        "precision": 0.7811130894917281,
        "recall": 0.7784592459907633,
        "f1-score": 0.7787606419633011,
        "support": 7532.0
    },
    "weighted avg": {
        "precision": 0.788702206622882,
        "recall": 0.7871747211895911,
        "f1-score": 0.786975073579215,
        "support": 7532.0
    },
    "roc_auc": {
        "0": 0.9743379573714648,
        "1": 0.9729690239100101,
        "2": 0.9725615956921775,
        "3": 0.9704781912765106,
        "4": 0.9793250823613212,
        "5": 0.9879717570939817,
        "6": 0.9908041272645025,
        "7": 0.9926570922226753,
        "8": 0.9949199318712993,
        "9": 0.9977480013909508,
        "10": 0.9993875759073838,
        "11": 0.9926977878561399,
        "12": 0.9768112439750545,
        "13": 0.9909885712506228,
        "14": 0.9949825272047936,
        "15": 0.9901543743387529,
        "16": 0.9874606768789246,
        "17": 0.9919172127540644,
        "18": 0.9432629688853951,
        "19": 0.9572521615228415
    },
    "model": "LogisticRegression",
    "params": {
        "max_iter": 200,
        "random_state": 42,
        "C": 1,
        "grid_search": false
    },
    "mode": "training"
}