{
    "0": {
        "precision": 0.9790356394129979,
        "recall": 0.9729166666666667,
        "f1-score": 0.9759665621734587,
        "support": 480.0
    },
    "1": {
        "precision": 0.9548611111111112,
        "recall": 0.9417808219178082,
        "f1-score": 0.9482758620689655,
        "support": 584.0
    },
    "2": {
        "precision": 0.9308600337268128,
        "recall": 0.934010152284264,
        "f1-score": 0.9324324324324325,
        "support": 591.0
    },
    "3": {
        "precision": 0.9072164948453608,
        "recall": 0.8949152542372881,
        "f1-score": 0.9010238907849829,
        "support": 590.0
    },
    "4": {
        "precision": 0.9496527777777778,
        "recall": 0.9463667820069204,
        "f1-score": 0.9480069324090121,
        "support": 578.0
    },
    "5": {
        "precision": 0.9746621621621622,
        "recall": 0.9730185497470489,
        "f1-score": 0.9738396624472574,
        "support": 593.0
    },
    "6": {
        "precision": 0.9496644295302014,
        "recall": 0.9675213675213675,
        "f1-score": 0.9585097375105842,
        "support": 585.0
    },
    "7": {
        "precision": 0.9831649831649831,
        "recall": 0.9831649831649831,
        "f1-score": 0.9831649831649831,
        "support": 594.0
    },
    "8": {
        "precision": 0.9850498338870431,
        "recall": 0.9916387959866221,
        "f1-score": 0.9883333333333333,
        "support": 598.0
    },
    "9": {
        "precision": 0.9983277591973244,
        "recall": 1.0,
        "f1-score": 0.999163179916318,
        "support": 597.0
    },
    "10": {
        "precision": 0.9983333333333333,
        "recall": 0.9983333333333333,
        "f1-score": 0.9983333333333333,
        "support": 600.0
    },
    "11": {
        "precision": 0.9983164983164983,
        "recall": 0.9966386554621849,
        "f1-score": 0.9974768713204374,
        "support": 595.0
    },
    "12": {
        "precision": 0.9612141652613828,
        "recall": 0.9644670050761421,
        "f1-score": 0.9628378378378378,
        "support": 591.0
    },
    "13": {
        "precision": 0.9966273187183811,
        "recall": 0.9949494949494949,
        "f1-score": 0.995787700084246,
        "support": 594.0
    },
    "14": {
        "precision": 0.9983108108108109,
        "recall": 0.9966273187183811,
        "f1-score": 0.9974683544303797,
        "support": 593.0
    },
    "15": {
        "precision": 0.9801980198019802,
        "recall": 0.991652754590985,
        "f1-score": 0.9858921161825727,
        "support": 599.0
    },
    "16": {
        "precision": 0.9890909090909091,
        "recall": 0.9963369963369964,
        "f1-score": 0.9927007299270073,
        "support": 546.0
    },
    "17": {
        "precision": 0.9946902654867257,
        "recall": 0.9964539007092199,
        "f1-score": 0.995571302037201,
        "support": 564.0
    },
    "18": {
        "precision": 0.9913606911447084,
        "recall": 0.9870967741935484,
        "f1-score": 0.9892241379310345,
        "support": 465.0
    },
    "19": {
        "precision": 0.9731182795698925,
        "recall": 0.9602122015915119,
        "f1-score": 0.9666221628838452,
        "support": 377.0
    },
    "accuracy": 0.9745448117376702,
    "macro avg": {
        "precision": 0.9746877758175199,
        "recall": 0.9744050904247384,
        "f1-score": 0.9745315561104613,
        "support": 11314.0
    },
    "weighted avg": {
        "precision": 0.9745066146927325,
        "recall": 0.9745448117376702,
        "f1-score": 0.9745112329879487,
        "support": 11314.0
    },
    "roc_auc": null,
    "model": "LogisticRegression",
    "params": {
        "max_iter": 200,
        "random_state": 42,
        "C": 1,
        "grid_search": false
    },
    "mode": "training"
}