{
    "0": {
        "precision": 0.864451476793249,
        "recall": 0.8626315789473684,
        "f1-score": 0.8635405690200211,
        "support": 1900.0
    },
    "1": {
        "precision": 0.9179989685404848,
        "recall": 0.9368421052631579,
        "f1-score": 0.9273248241729617,
        "support": 1900.0
    },
    "2": {
        "precision": 0.8006312467122567,
        "recall": 0.8010526315789473,
        "f1-score": 0.8008418837148119,
        "support": 1900.0
    },
    "3": {
        "precision": 0.8320815450643777,
        "recall": 0.8163157894736842,
        "f1-score": 0.8241232731137088,
        "support": 1900.0
    },
    "accuracy": 0.8542105263157894,
    "macro avg": {
        "precision": 0.853790809277592,
        "recall": 0.8542105263157894,
        "f1-score": 0.8539576375053759,
        "support": 7600.0
    },
    "weighted avg": {
        "precision": 0.8537908092775921,
        "recall": 0.8542105263157894,
        "f1-score": 0.8539576375053759,
        "support": 7600.0
    },
    "roc_auc": {
        "0": 0.9617508771929825,
        "1": 0.9887123730378579,
        "2": 0.9471151431209602,
        "3": 0.9621287165281626
    },
    "model": "LogisticRegression",
    "params": {
        "max_iter": 200,
        "random_state": 42,
        "C": 0.9
    },
    "mode": "training"
}