{
    "0": {
        "precision": 0.9608695652173913,
        "recall": 0.9208333333333333,
        "f1-score": 0.9404255319148936,
        "support": 480.0
    },
    "1": {
        "precision": 0.856,
        "recall": 0.916095890410959,
        "f1-score": 0.8850289495450786,
        "support": 584.0
    },
    "2": {
        "precision": 0.9673704414587332,
        "recall": 0.8527918781725888,
        "f1-score": 0.9064748201438849,
        "support": 591.0
    },
    "3": {
        "precision": 0.8809917355371901,
        "recall": 0.9033898305084745,
        "f1-score": 0.8920502092050209,
        "support": 590.0
    },
    "4": {
        "precision": 0.9496268656716418,
        "recall": 0.8806228373702422,
        "f1-score": 0.9138240574506283,
        "support": 578.0
    },
    "5": {
        "precision": 0.9268707482993197,
        "recall": 0.9190556492411467,
        "f1-score": 0.9229466553767993,
        "support": 593.0
    },
    "6": {
        "precision": 0.9038461538461539,
        "recall": 0.9641025641025641,
        "f1-score": 0.9330024813895782,
        "support": 585.0
    },
    "7": {
        "precision": 0.9349736379613357,
        "recall": 0.8956228956228957,
        "f1-score": 0.9148753224419605,
        "support": 594.0
    },
    "8": {
        "precision": 0.9458544839255499,
        "recall": 0.9347826086956522,
        "f1-score": 0.9402859545836838,
        "support": 598.0
    },
    "9": {
        "precision": 0.9274193548387096,
        "recall": 0.9631490787269682,
        "f1-score": 0.9449465899753492,
        "support": 597.0
    },
    "10": {
        "precision": 0.9930191972076788,
        "recall": 0.9483333333333334,
        "f1-score": 0.9701619778346121,
        "support": 600.0
    },
    "11": {
        "precision": 1.0,
        "recall": 0.9478991596638655,
        "f1-score": 0.9732528041415013,
        "support": 595.0
    },
    "12": {
        "precision": 0.7337662337662337,
        "recall": 0.9560067681895094,
        "f1-score": 0.8302718589272594,
        "support": 591.0
    },
    "13": {
        "precision": 0.9159802306425041,
        "recall": 0.936026936026936,
        "f1-score": 0.925895087427144,
        "support": 594.0
    },
    "14": {
        "precision": 0.9928443649373881,
        "recall": 0.9359190556492412,
        "f1-score": 0.9635416666666666,
        "support": 593.0
    },
    "15": {
        "precision": 0.8990536277602523,
        "recall": 0.9515859766277128,
        "f1-score": 0.9245742092457421,
        "support": 599.0
    },
    "16": {
        "precision": 0.99609375,
        "recall": 0.9340659340659341,
        "f1-score": 0.9640831758034026,
        "support": 546.0
    },
    "17": {
        "precision": 0.9963833634719711,
        "recall": 0.9769503546099291,
        "f1-score": 0.9865711727842436,
        "support": 564.0
    },
    "18": {
        "precision": 0.9083333333333333,
        "recall": 0.9376344086021505,
        "f1-score": 0.9227513227513228,
        "support": 465.0
    },
    "19": {
        "precision": 0.9473684210526315,
        "recall": 0.8116710875331565,
        "f1-score": 0.8742857142857143,
        "support": 377.0
    },
    "accuracy": 0.9262860173236698,
    "macro avg": {
        "precision": 0.9318332754464009,
        "recall": 0.9243269790243296,
        "f1-score": 0.9264624780947244,
        "support": 11314.0
    },
    "weighted avg": {
        "precision": 0.9312149156444867,
        "recall": 0.9262860173236698,
        "f1-score": 0.9271714101319083,
        "support": 11314.0
    },
    "roc_auc": null,
    "model": "LogisticRegression",
    "params": {
        "C": 1,
        "max_iter": 100,
        "penalty": "l2",
        "solver": "lbfgs",
        "tol": 0.0001
    },
    "mode": "training"
}