{
    "0": {
        "precision": 0.8248407643312102,
        "recall": 0.8119122257053292,
        "f1-score": 0.8183254344391785,
        "support": 319.0
    },
    "1": {
        "precision": 0.7539863325740319,
        "recall": 0.8508997429305912,
        "f1-score": 0.7995169082125604,
        "support": 389.0
    },
    "2": {
        "precision": 0.9117647058823529,
        "recall": 0.7868020304568528,
        "f1-score": 0.8446866485013624,
        "support": 394.0
    },
    "3": {
        "precision": 0.8197969543147208,
        "recall": 0.8239795918367347,
        "f1-score": 0.821882951653944,
        "support": 392.0
    },
    "4": {
        "precision": 0.9166666666666666,
        "recall": 0.8,
        "f1-score": 0.8543689320388349,
        "support": 385.0
    },
    "5": {
        "precision": 0.8804347826086957,
        "recall": 0.8202531645569621,
        "f1-score": 0.8492791612057667,
        "support": 395.0
    },
    "6": {
        "precision": 0.9041769041769042,
        "recall": 0.9435897435897436,
        "f1-score": 0.9234629861982434,
        "support": 390.0
    },
    "7": {
        "precision": 0.8723404255319149,
        "recall": 0.8282828282828283,
        "f1-score": 0.8497409326424871,
        "support": 396.0
    },
    "8": {
        "precision": 0.8532110091743119,
        "recall": 0.9346733668341709,
        "f1-score": 0.8920863309352518,
        "support": 398.0
    },
    "9": {
        "precision": 0.8629807692307693,
        "recall": 0.9042821158690176,
        "f1-score": 0.8831488314883149,
        "support": 397.0
    },
    "10": {
        "precision": 0.9661458333333334,
        "recall": 0.9298245614035088,
        "f1-score": 0.9476372924648787,
        "support": 399.0
    },
    "11": {
        "precision": 1.0,
        "recall": 0.898989898989899,
        "f1-score": 0.9468085106382979,
        "support": 396.0
    },
    "12": {
        "precision": 0.6494464944649446,
        "recall": 0.8956743002544529,
        "f1-score": 0.7529411764705882,
        "support": 393.0
    },
    "13": {
        "precision": 0.8138957816377171,
        "recall": 0.8282828282828283,
        "f1-score": 0.8210262828535669,
        "support": 396.0
    },
    "14": {
        "precision": 0.975,
        "recall": 0.8908629441624365,
        "f1-score": 0.9310344827586207,
        "support": 394.0
    },
    "15": {
        "precision": 0.875,
        "recall": 0.8969849246231156,
        "f1-score": 0.8858560794044665,
        "support": 398.0
    },
    "16": {
        "precision": 0.9396551724137931,
        "recall": 0.8983516483516484,
        "f1-score": 0.9185393258426966,
        "support": 364.0
    },
    "17": {
        "precision": 0.9762611275964391,
        "recall": 0.875,
        "f1-score": 0.9228611500701263,
        "support": 376.0
    },
    "18": {
        "precision": 0.7535014005602241,
        "recall": 0.867741935483871,
        "f1-score": 0.8065967016491754,
        "support": 310.0
    },
    "19": {
        "precision": 0.7962085308056872,
        "recall": 0.6693227091633466,
        "f1-score": 0.7272727272727273,
        "support": 251.0
    },
    "accuracy": 0.8616569304301647,
    "macro avg": {
        "precision": 0.8672656827651858,
        "recall": 0.8577855280388669,
        "f1-score": 0.8598536423370543,
        "support": 7532.0
    },
    "weighted avg": {
        "precision": 0.8698799751551691,
        "recall": 0.8616569304301647,
        "f1-score": 0.8631381916988339,
        "support": 7532.0
    },
    "roc_auc": {
        "0": 0.9831421584243356,
        "1": 0.9894563034189189,
        "2": 0.9873789811589647,
        "3": 0.9890988538272452,
        "4": 0.992525426161917,
        "5": 0.9920155793573516,
        "6": 0.9975917110053207,
        "7": 0.9929486852833267,
        "8": 0.9967707193100348,
        "9": 0.9954847057203728,
        "10": 0.9979294233059165,
        "11": 0.9973197501925081,
        "12": 0.9894982476287832,
        "13": 0.9905069472754452,
        "14": 0.9957125159829496,
        "15": 0.9941951134985271,
        "16": 0.9944809654631084,
        "17": 0.9951067695015638,
        "18": 0.9826140556185847,
        "19": 0.9851816467135167
    },
    "model": "LogisticRegression",
    "params": {
        "C": 1,
        "max_iter": 100,
        "penalty": "l2",
        "solver": "lbfgs",
        "tol": 0.0001
    },
    "mode": "training"
}