{
    "processing_time_seconds": 169.07360219955444,
    "memory_usage_mb": 0.56640625,
    "successful_samples": 11314,
    "total_samples": 11314,
    "error_rate": 0.0,
    "samples_per_second": 66.91760187759112,
    "timestamp": "2025-05-24 11:06:56"
}