{
    "processing_time_seconds": 61.78348636627197,
    "memory_usage_mb": 28.8984375,
    "successful_samples": 7532,
    "total_samples": 7532,
    "error_rate": 0.0,
    "samples_per_second": 121.90959822739576,
    "timestamp": "2025-05-24 11:08:00"
}