{
    "0": {
        "precision": 0.6195348837209302,
        "recall": 0.551781275890638,
        "f1-score": 0.5836985100788782,
        "support": 3621.0
    },
    "1": {
        "precision": 0.8546635542474373,
        "recall": 0.8669823947287141,
        "f1-score": 0.8607789021772463,
        "support": 9713.0
    },
    "2": {
        "precision": 0.639991463935126,
        "recall": 0.6560927586961277,
        "f1-score": 0.6479420978718807,
        "support": 4571.0
    },
    "3": {
        "precision": 0.838164931044188,
        "recall": 0.9026977872082449,
        "f1-score": 0.869235259778167,
        "support": 9897.0
    },
    "4": {
        "precision": 0.6057242990654206,
        "recall": 0.44449207029575655,
        "f1-score": 0.5127317676143387,
        "support": 2333.0
    },
    "accuracy": 0.776140700182512,
    "macro avg": {
        "precision": 0.7116158264026204,
        "recall": 0.6844092573638962,
        "f1-score": 0.6948773075041021,
        "support": 30135.0
    },
    "weighted avg": {
        "precision": 0.7691573588939858,
        "recall": 0.776140700182512,
        "f1-score": 0.771033206938256,
        "support": 30135.0
    },
    "roc_auc": {
        "0": 0.9288101941610749,
        "1": 0.958620651358165,
        "2": 0.9219614552788201,
        "3": 0.9630787984907458,
        "4": 0.92115521728833
    },
    "model": "XGBClassifier",
    "params": {
        "learning_rate": 0.1,
        "max_depth": 3,
        "n_estimators": 500,
        "num_class": 20,
        "eval_metric": "mlogloss",
        "objective": "multi:softmax"
    },
    "mode": "training"
}