{
    "0": {
        "precision": 0.6914893617021277,
        "recall": 0.6303879310344828,
        "f1-score": 0.6595264937993236,
        "support": 928.0
    },
    "1": {
        "precision": 0.7078364565587735,
        "recall": 0.760989010989011,
        "f1-score": 0.733451015004413,
        "support": 1092.0
    },
    "accuracy": 0.700990099009901,
    "macro avg": {
        "precision": 0.6996629091304506,
        "recall": 0.6956884710117468,
        "f1-score": 0.6964887544018683,
        "support": 2020.0
    },
    "weighted avg": {
        "precision": 0.7003265040701758,
        "recall": 0.700990099009901,
        "f1-score": 0.6994896508072235,
        "support": 2020.0
    },
    "roc_auc": null,
    "model": "LogisticRegression",
    "params": {
        "max_iter": 1000,
        "C": 1,
        "grid_search": false
    },
    "mode": "training"
}