{
    "0": {
        "precision": 0.6806596701649176,
        "recall": 0.6579710144927536,
        "f1-score": 0.6691230655858511,
        "support": 690.0
    },
    "1": {
        "precision": 0.6690042075736325,
        "recall": 0.691304347826087,
        "f1-score": 0.6799714896650035,
        "support": 690.0
    },
    "accuracy": 0.6746376811594202,
    "macro avg": {
        "precision": 0.6748319388692751,
        "recall": 0.6746376811594204,
        "f1-score": 0.6745472776254273,
        "support": 1380.0
    },
    "weighted avg": {
        "precision": 0.6748319388692751,
        "recall": 0.6746376811594202,
        "f1-score": 0.6745472776254273,
        "support": 1380.0
    },
    "model": "LogisticRegression"
}