{
    "0": {
        "precision": 0.6560283687943262,
        "recall": 0.5362318840579711,
        "f1-score": 0.5901116427432217,
        "support": 690.0
    },
    "1": {
        "precision": 0.6078431372549019,
        "recall": 0.7188405797101449,
        "f1-score": 0.6586985391766268,
        "support": 690.0
    },
    "accuracy": 0.6275362318840579,
    "macro avg": {
        "precision": 0.6319357530246141,
        "recall": 0.627536231884058,
        "f1-score": 0.6244050909599242,
        "support": 1380.0
    },
    "weighted avg": {
        "precision": 0.6319357530246141,
        "recall": 0.6275362318840579,
        "f1-score": 0.6244050909599242,
        "support": 1380.0
    },
    "model": "LogisticRegression"
}