{
    "0": {
        "precision": 0.9425352112676056,
        "recall": 0.8805263157894737,
        "f1-score": 0.9104761904761904,
        "support": 1900.0
    },
    "1": {
        "precision": 0.9643041903776514,
        "recall": 0.9810526315789474,
        "f1-score": 0.9726063135924863,
        "support": 1900.0
    },
    "2": {
        "precision": 0.8414207103551776,
        "recall": 0.8852631578947369,
        "f1-score": 0.8627853295716851,
        "support": 1900.0
    },
    "3": {
        "precision": 0.8795562599049128,
        "recall": 0.8763157894736842,
        "f1-score": 0.8779330345373055,
        "support": 1900.0
    },
    "accuracy": 0.9057894736842105,
    "macro avg": {
        "precision": 0.9069540929763369,
        "recall": 0.9057894736842106,
        "f1-score": 0.9059502170444168,
        "support": 7600.0
    },
    "weighted avg": {
        "precision": 0.9069540929763369,
        "recall": 0.9057894736842105,
        "f1-score": 0.9059502170444167,
        "support": 7600.0
    },
    "roc_auc": {
        "0": 0.9780997229916898,
        "1": 0.9969675900277009,
        "2": 0.9733608494921515,
        "3": 0.9782327793167129
    },
    "model": "LogisticRegression",
    "params": {
        "C": 0.5,
        "max_iter": 1000,
        "penalty": "l2",
        "solver": "lbfgs",
        "tol": 1e-05
    },
    "mode": "training"
}