{
    "0": {
        "precision": 0.7352476290832455,
        "recall": 0.7722744881018262,
        "f1-score": 0.753306342780027,
        "support": 3614.0
    },
    "1": {
        "precision": 0.5944914098718298,
        "recall": 0.6493893357164134,
        "f1-score": 0.6207289293849658,
        "support": 3357.0
    },
    "2": {
        "precision": 0.6917423259835711,
        "recall": 0.7622677465459743,
        "f1-score": 0.7252946509519492,
        "support": 2099.0
    },
    "3": {
        "precision": 0.8238341968911918,
        "recall": 0.7794117647058824,
        "f1-score": 0.801007556675063,
        "support": 204.0
    },
    "4": {
        "precision": 0.6594202898550725,
        "recall": 0.6453900709219859,
        "f1-score": 0.6523297491039427,
        "support": 705.0
    },
    "5": {
        "precision": 0.6167400881057269,
        "recall": 0.6473988439306358,
        "f1-score": 0.631697687535251,
        "support": 1730.0
    },
    "6": {
        "precision": 0.6922007990272712,
        "recall": 0.7368713017751479,
        "f1-score": 0.7138378862516793,
        "support": 5408.0
    },
    "7": {
        "precision": 0.7247349823321555,
        "recall": 0.770907724112009,
        "f1-score": 0.7471086422001639,
        "support": 5321.0
    },
    "8": {
        "precision": 0.3907942238267148,
        "recall": 0.16900858704137392,
        "f1-score": 0.23596730245231606,
        "support": 2562.0
    },
    "accuracy": 0.673,
    "macro avg": {
        "precision": 0.6588006605529755,
        "recall": 0.6592133180945832,
        "f1-score": 0.6534754163705954,
        "support": 25000.0
    },
    "weighted avg": {
        "precision": 0.6562290053278224,
        "recall": 0.673,
        "f1-score": 0.6594045291238182,
        "support": 25000.0
    },
    "roc_auc": null,
    "model": "LogisticRegression",
    "params": {
        "max_iter": 2000,
        "random_state": 42,
        "C": 0.8
    },
    "mode": "training"
}