{
    "0": {
        "precision": 0.6849489795918368,
        "recall": 0.7122015915119363,
        "f1-score": 0.6983094928478544,
        "support": 754.0
    },
    "1": {
        "precision": 0.5325034578146611,
        "recall": 0.5932203389830508,
        "f1-score": 0.5612244897959183,
        "support": 649.0
    },
    "2": {
        "precision": 0.6175115207373272,
        "recall": 0.6802030456852792,
        "f1-score": 0.6473429951690821,
        "support": 394.0
    },
    "3": {
        "precision": 0.6571428571428571,
        "recall": 0.5227272727272727,
        "f1-score": 0.5822784810126582,
        "support": 44.0
    },
    "4": {
        "precision": 0.572463768115942,
        "recall": 0.5064102564102564,
        "f1-score": 0.5374149659863946,
        "support": 156.0
    },
    "5": {
        "precision": 0.527027027027027,
        "recall": 0.5446927374301676,
        "f1-score": 0.5357142857142857,
        "support": 358.0
    },
    "6": {
        "precision": 0.6532534246575342,
        "recall": 0.6892502258355917,
        "f1-score": 0.6707692307692308,
        "support": 1107.0
    },
    "7": {
        "precision": 0.6714031971580817,
        "recall": 0.7304347826086957,
        "f1-score": 0.6996760758907913,
        "support": 1035.0
    },
    "8": {
        "precision": 0.22972972972972974,
        "recall": 0.10139165009940358,
        "f1-score": 0.1406896551724138,
        "support": 503.0
    },
    "accuracy": 0.6114,
    "macro avg": {
        "precision": 0.5717759957749996,
        "recall": 0.5645035445879615,
        "f1-score": 0.5637132969287366,
        "support": 5000.0
    },
    "weighted avg": {
        "precision": 0.5891696054658149,
        "recall": 0.6114,
        "f1-score": 0.5969058134571664,
        "support": 5000.0
    },
    "roc_auc": {
        "0": 0.9371360281669375,
        "1": 0.8895364011390329,
        "2": 0.9628133465288048,
        "3": 0.9672573189522342,
        "4": 0.9547417900019057,
        "5": 0.9195630615776768,
        "6": 0.9006244502037449,
        "7": 0.9196491035692748,
        "8": 0.6575211837712882
    },
    "model": "LogisticRegression",
    "params": {
        "max_iter": 2000,
        "random_state": 42,
        "C": 0.8
    },
    "mode": "training"
}