{
    "0": {
        "precision": 0.597565543071161,
        "recall": 0.5524265681805066,
        "f1-score": 0.5741101682209362,
        "support": 17329.0
    },
    "1": {
        "precision": 0.8052387702854241,
        "recall": 0.8211180392241473,
        "f1-score": 0.8131008845019869,
        "support": 46349.0
    },
    "2": {
        "precision": 0.5928452115812918,
        "recall": 0.5859127802999037,
        "f1-score": 0.5893586106690653,
        "support": 21807.0
    },
    "3": {
        "precision": 0.7986024906899452,
        "recall": 0.8406643201888423,
        "f1-score": 0.819093774706601,
        "support": 47447.0
    },
    "4": {
        "precision": 0.5792887255431846,
        "recall": 0.4827927927927928,
        "f1-score": 0.5266571667239939,
        "support": 11100.0
    },
    "accuracy": 0.7335453232614975,
    "macro avg": {
        "precision": 0.6747081482342013,
        "recall": 0.6565829001372385,
        "f1-score": 0.6644641209645167,
        "support": 144032.0
    },
    "weighted avg": {
        "precision": 0.7284964300855898,
        "recall": 0.7335453232614975,
        "f1-score": 0.7303706683437288,
        "support": 144032.0
    },
    "roc_auc": null,
    "model": "LogisticRegression",
    "params": {
        "max_iter": 5000,
        "random_state": 42,
        "C": 0.9
    },
    "mode": "training"
}