{
    "0": {
        "precision": 0.5928571428571429,
        "recall": 0.547294224647567,
        "f1-score": 0.5691652873019626,
        "support": 4398.0
    },
    "1": {
        "precision": 0.7970114170584285,
        "recall": 0.818166149603585,
        "f1-score": 0.8074502466405852,
        "support": 11604.0
    },
    "2": {
        "precision": 0.5678711851713162,
        "recall": 0.5657526580861779,
        "f1-score": 0.5668099420669034,
        "support": 5361.0
    },
    "3": {
        "precision": 0.7979830576845502,
        "recall": 0.8307576012094742,
        "f1-score": 0.8140405744619563,
        "support": 11906.0
    },
    "4": {
        "precision": 0.5521739130434783,
        "recall": 0.46367287331142754,
        "f1-score": 0.5040682675133955,
        "support": 2739.0
    },
    "accuracy": 0.7247000666518552,
    "macro avg": {
        "precision": 0.6615793431629833,
        "recall": 0.6451287013716464,
        "f1-score": 0.6523068635969607,
        "support": 36008.0
    },
    "weighted avg": {
        "precision": 0.7196582496710033,
        "recall": 0.7247000666518552,
        "f1-score": 0.7216207442583674,
        "support": 36008.0
    },
    "roc_auc": null,
    "model": "LogisticRegression",
    "params": {
        "max_iter": 5000,
        "random_state": 42,
        "C": 0.9
    },
    "mode": "training"
}