{
    "0": {
        "precision": 0.5351769011793412,
        "recall": 0.6926315789473684,
        "f1-score": 0.6038082128928653,
        "support": 1900.0
    },
    "1": {
        "precision": 0.4841417910447761,
        "recall": 0.8194736842105264,
        "f1-score": 0.6086786551993745,
        "support": 1900.0
    },
    "2": {
        "precision": 0.5376569037656904,
        "recall": 0.40578947368421053,
        "f1-score": 0.46250749850029993,
        "support": 1900.0
    },
    "3": {
        "precision": 0.8004073319755601,
        "recall": 0.20684210526315788,
        "f1-score": 0.328732747804266,
        "support": 1900.0
    },
    "accuracy": 0.5311842105263158,
    "macro avg": {
        "precision": 0.589345731991342,
        "recall": 0.5311842105263157,
        "f1-score": 0.5009317785992015,
        "support": 7600.0
    },
    "weighted avg": {
        "precision": 0.589345731991342,
        "recall": 0.5311842105263158,
        "f1-score": 0.5009317785992015,
        "support": 7600.0
    },
    "roc_auc": null,
    "model": "SVM",
    "params": {
        "max_iter": 100,
        "random_state": 42,
        "C": 0.9,
        "grid_search": false,
        "tol": 0.001,
        "normalize": false
    },
    "mode": "training"
}