{
    "0": {
        "precision": 0.6931711880261927,
        "recall": 0.39,
        "f1-score": 0.4991579656449983,
        "support": 1900.0
    },
    "1": {
        "precision": 0.7636544190665343,
        "recall": 0.8094736842105263,
        "f1-score": 0.7858967807869187,
        "support": 1900.0
    },
    "2": {
        "precision": 0.422177009155646,
        "recall": 0.6552631578947369,
        "f1-score": 0.5135079397813982,
        "support": 1900.0
    },
    "3": {
        "precision": 0.5727040816326531,
        "recall": 0.4726315789473684,
        "f1-score": 0.5178777393310265,
        "support": 1900.0
    },
    "accuracy": 0.5818421052631579,
    "macro avg": {
        "precision": 0.6129266744702565,
        "recall": 0.5818421052631579,
        "f1-score": 0.5791101063860855,
        "support": 7600.0
    },
    "weighted avg": {
        "precision": 0.6129266744702565,
        "recall": 0.5818421052631579,
        "f1-score": 0.5791101063860855,
        "support": 7600.0
    },
    "roc_auc": null,
    "model": "SVM",
    "params": {
        "C": 0.1,
        "gamma": "scale",
        "kernel": "linear",
        "tol": 0.001
    },
    "mode": "training"
}