{
    "0": {
        "precision": 0.4748015912680167,
        "recall": 0.7917,
        "f1-score": 0.5936043387526087,
        "support": 30000.0
    },
    "1": {
        "precision": 0.8177549683336973,
        "recall": 0.7489,
        "f1-score": 0.7818143856352437,
        "support": 30000.0
    },
    "2": {
        "precision": 0.5604780174201576,
        "recall": 0.7207,
        "f1-score": 0.6305704619692021,
        "support": 30000.0
    },
    "3": {
        "precision": 0.9050165520753756,
        "recall": 0.11846666666666666,
        "f1-score": 0.2095086509269903,
        "support": 30000.0
    },
    "accuracy": 0.5949416666666667,
    "macro avg": {
        "precision": 0.6895127822743118,
        "recall": 0.5949416666666666,
        "f1-score": 0.5538744593210112,
        "support": 120000.0
    },
    "weighted avg": {
        "precision": 0.6895127822743118,
        "recall": 0.5949416666666667,
        "f1-score": 0.5538744593210112,
        "support": 120000.0
    },
    "roc_auc": null,
    "model": "SVM",
    "params": {
        "max_iter": 200,
        "random_state": 42,
        "C": 0.7,
        "grid_search": false,
        "tol": 0.0005,
        "normalize": false
    },
    "mode": "training"
}