{
    "0": {
        "precision": 0.6858804196688155,
        "recall": 0.36173333333333335,
        "f1-score": 0.473658941119986,
        "support": 30000.0
    },
    "1": {
        "precision": 0.7585335817360827,
        "recall": 0.8007333333333333,
        "f1-score": 0.779062413854611,
        "support": 30000.0
    },
    "2": {
        "precision": 0.42138634046890927,
        "recall": 0.6889666666666666,
        "f1-score": 0.5229348513598988,
        "support": 30000.0
    },
    "3": {
        "precision": 0.5852338121829574,
        "recall": 0.45763333333333334,
        "f1-score": 0.5136272657550647,
        "support": 30000.0
    },
    "accuracy": 0.5772666666666667,
    "macro avg": {
        "precision": 0.6127585385141912,
        "recall": 0.5772666666666666,
        "f1-score": 0.5723208680223901,
        "support": 120000.0
    },
    "weighted avg": {
        "precision": 0.6127585385141913,
        "recall": 0.5772666666666667,
        "f1-score": 0.5723208680223901,
        "support": 120000.0
    },
    "roc_auc": null,
    "model": "SVM",
    "params": {
        "C": 0.1,
        "gamma": "scale",
        "kernel": "linear",
        "tol": 0.001
    },
    "mode": "training"
}