{
    "0": {
        "precision": 0.8992982569608382,
        "recall": 0.9269666666666667,
        "f1-score": 0.9129228698521084,
        "support": 30000.0
    },
    "1": {
        "precision": 0.9826838404416114,
        "recall": 0.9969,
        "f1-score": 0.9897408743422577,
        "support": 30000.0
    },
    "2": {
        "precision": 0.9049770261400054,
        "recall": 0.7812666666666667,
        "f1-score": 0.8385838744879157,
        "support": 30000.0
    },
    "3": {
        "precision": 0.8315416564866845,
        "recall": 0.9076,
        "f1-score": 0.8679076883845467,
        "support": 30000.0
    },
    "accuracy": 0.9031833333333333,
    "macro avg": {
        "precision": 0.9046251950072849,
        "recall": 0.9031833333333333,
        "f1-score": 0.9022888267667071,
        "support": 120000.0
    },
    "weighted avg": {
        "precision": 0.904625195007285,
        "recall": 0.9031833333333333,
        "f1-score": 0.9022888267667072,
        "support": 120000.0
    },
    "roc_auc": null,
    "model": "SVM",
    "params": {
        "max_iter": 2000,
        "random_state": 42,
        "C": 0.7,
        "grid_search": false,
        "tol": 0.0005,
        "normalize": true
    },
    "mode": "training"
}