{
    "0": {
        "precision": 0.6761791518034086,
        "recall": 0.8978947368421053,
        "f1-score": 0.771422111688899,
        "support": 1900.0
    },
    "1": {
        "precision": 0.9349173553719008,
        "recall": 0.9526315789473684,
        "f1-score": 0.9436913451511991,
        "support": 1900.0
    },
    "2": {
        "precision": 0.7642015005359056,
        "recall": 0.7505263157894737,
        "f1-score": 0.7573021773765268,
        "support": 1900.0
    },
    "3": {
        "precision": 0.8745098039215686,
        "recall": 0.5868421052631579,
        "f1-score": 0.7023622047244095,
        "support": 1900.0
    },
    "accuracy": 0.7969736842105263,
    "macro avg": {
        "precision": 0.8124519529081959,
        "recall": 0.7969736842105264,
        "f1-score": 0.7936944597352585,
        "support": 7600.0
    },
    "weighted avg": {
        "precision": 0.8124519529081958,
        "recall": 0.7969736842105263,
        "f1-score": 0.7936944597352587,
        "support": 7600.0
    },
    "model": "SVM"
}