{
    "0": {
        "precision": 0.9527007299270073,
        "recall": 0.89519890260631,
        "f1-score": 0.923055162659123,
        "support": 3645.0
    },
    "1": {
        "precision": 0.9179024285407265,
        "recall": 0.9634558989397699,
        "f1-score": 0.9401276689412282,
        "support": 4433.0
    },
    "accuracy": 0.9326565981678633,
    "macro avg": {
        "precision": 0.9353015792338668,
        "recall": 0.9293274007730399,
        "f1-score": 0.9315914158001757,
        "support": 8078.0
    },
    "weighted avg": {
        "precision": 0.9336043112534022,
        "recall": 0.9326565981678633,
        "f1-score": 0.9324241178892013,
        "support": 8078.0
    },
    "roc_auc": null,
    "model": "LogisticRegression",
    "params": {
        "max_iter": 1500
    },
    "mode": "training"
}