{
    "0": {
        "precision": 0.9417910447761194,
        "recall": 0.9144927536231884,
        "f1-score": 0.9279411764705883,
        "support": 690.0
    },
    "1": {
        "precision": 0.9169014084507042,
        "recall": 0.9434782608695652,
        "f1-score": 0.93,
        "support": 690.0
    },
    "accuracy": 0.9289855072463769,
    "macro avg": {
        "precision": 0.9293462266134118,
        "recall": 0.9289855072463769,
        "f1-score": 0.9289705882352941,
        "support": 1380.0
    },
    "weighted avg": {
        "precision": 0.9293462266134117,
        "recall": 0.9289855072463769,
        "f1-score": 0.9289705882352941,
        "support": 1380.0
    },
    "model": "LogisticRegression"
}