{
    "0": {
        "precision": 0.7572969543147208,
        "recall": 0.6592101629384148,
        "f1-score": 0.7048575225158719,
        "support": 3621.0
    },
    "1": {
        "precision": 0.9125964010282777,
        "recall": 0.8771749202100279,
        "f1-score": 0.8945351462019003,
        "support": 9713.0
    },
    "2": {
        "precision": 0.7880624854278386,
        "recall": 0.7394443229052724,
        "f1-score": 0.7629796839729119,
        "support": 4571.0
    },
    "3": {
        "precision": 0.7992672744312856,
        "recall": 0.9478629887844802,
        "f1-score": 0.8672460016640473,
        "support": 9897.0
    },
    "4": {
        "precision": 0.9080814312152992,
        "recall": 0.6309472781825975,
        "f1-score": 0.7445624683864441,
        "support": 2333.0
    },
    "accuracy": 0.834245893479343,
    "macro avg": {
        "precision": 0.8330609092834844,
        "recall": 0.7709279346041585,
        "f1-score": 0.7948361645482351,
        "support": 30135.0
    },
    "weighted avg": {
        "precision": 0.8374765863522031,
        "recall": 0.834245893479343,
        "f1-score": 0.8312157629581504,
        "support": 30135.0
    },
    "roc_auc": {
        "0": 0.9559484052830458,
        "1": 0.9736145548831121,
        "2": 0.9620290336638555,
        "3": 0.9803504508334251,
        "4": 0.9563725968889119
    },
    "model": "XGBClassifier",
    "params": {
        "learning_rate": 0.1,
        "max_depth": 3,
        "n_estimators": 500,
        "num_class": 20,
        "eval_metric": "mlogloss",
        "objective": "multi:softmax"
    },
    "mode": "training"
}