{
    "0": {
        "precision": 0.7881197630357047,
        "recall": 0.6796612509780458,
        "f1-score": 0.7298833531039937,
        "support": 21727.0
    },
    "1": {
        "precision": 0.9110980747693457,
        "recall": 0.8843718185426122,
        "f1-score": 0.8975360313818889,
        "support": 57953.0
    },
    "2": {
        "precision": 0.7932800496624506,
        "recall": 0.7525765606595995,
        "f1-score": 0.7723924294510974,
        "support": 27168.0
    },
    "3": {
        "precision": 0.8094442844802764,
        "recall": 0.9472815190470575,
        "f1-score": 0.8729553694114724,
        "support": 59353.0
    },
    "4": {
        "precision": 0.9146291768541157,
        "recall": 0.6487462966977383,
        "f1-score": 0.7590784189389136,
        "support": 13839.0
    },
    "accuracy": 0.8424072428349255,
    "macro avg": {
        "precision": 0.8433142697603786,
        "recall": 0.7825274891850107,
        "f1-score": 0.8063691204574731,
        "support": 180040.0
    },
    "weighted avg": {
        "precision": 0.8452381526497227,
        "recall": 0.8424072428349255,
        "f1-score": 0.8396736560945748,
        "support": 180040.0
    },
    "roc_auc": null,
    "model": "XGBClassifier",
    "params": {
        "learning_rate": 0.1,
        "max_depth": 3,
        "n_estimators": 500,
        "num_class": 20,
        "eval_metric": "mlogloss",
        "objective": "multi:softmax"
    },
    "mode": "training"
}