{
    "0": {
        "precision": 0.7465753424657534,
        "recall": 0.7898550724637681,
        "f1-score": 0.7676056338028169,
        "support": 690.0
    },
    "1": {
        "precision": 0.7769230769230769,
        "recall": 0.7318840579710145,
        "f1-score": 0.753731343283582,
        "support": 690.0
    },
    "accuracy": 0.7608695652173914,
    "macro avg": {
        "precision": 0.7617492096944152,
        "recall": 0.7608695652173914,
        "f1-score": 0.7606684885431995,
        "support": 1380.0
    },
    "weighted avg": {
        "precision": 0.7617492096944152,
        "recall": 0.7608695652173914,
        "f1-score": 0.7606684885431994,
        "support": 1380.0
    },
    "roc_auc": null,
    "model": "SVM",
    "params": {
        "max_iter": 1000,
        "random_state": 42,
        "C": 20,
        "tol": 0.001,
        "normalize": true
    },
    "mode": "training"
}