{
    "0": {
        "precision": 0.767203513909224,
        "recall": 0.7594202898550725,
        "f1-score": 0.763292061179898,
        "support": 690.0
    },
    "1": {
        "precision": 0.7618364418938307,
        "recall": 0.7695652173913043,
        "f1-score": 0.7656813266041816,
        "support": 690.0
    },
    "accuracy": 0.7644927536231884,
    "macro avg": {
        "precision": 0.7645199779015274,
        "recall": 0.7644927536231885,
        "f1-score": 0.7644866938920398,
        "support": 1380.0
    },
    "weighted avg": {
        "precision": 0.7645199779015274,
        "recall": 0.7644927536231884,
        "f1-score": 0.7644866938920398,
        "support": 1380.0
    },
    "roc_auc": null,
    "model": "SVM",
    "params": {
        "max_iter": 1000,
        "random_state": 42,
        "C": 10,
        "tol": 0.001,
        "normalize": true
    },
    "mode": "training"
}