{
    "0": {
        "precision": 0.9512874043145442,
        "recall": 0.29892849333041766,
        "f1-score": 0.45490848585690513,
        "support": 4573.0
    },
    "1": {
        "precision": 0.6298348920447985,
        "recall": 0.9873303167420815,
        "f1-score": 0.7690680953052305,
        "support": 5525.0
    },
    "accuracy": 0.6755793226381461,
    "macro avg": {
        "precision": 0.7905611481796713,
        "recall": 0.6431294050362496,
        "f1-score": 0.6119882905810679,
        "support": 10098.0
    },
    "weighted avg": {
        "precision": 0.7754085045036565,
        "recall": 0.6755793226381461,
        "f1-score": 0.6267971610601134,
        "support": 10098.0
    },
    "roc_auc": null,
    "model": "SVM",
    "params": {
        "max_iter": 1000,
        "random_state": 42,
        "C": 1,
        "tol": 0.001,
        "normalize": true
    },
    "mode": "training"
}