{
    "0": {
        "precision": 0.7947132807503731,
        "recall": 0.8152197682046797,
        "f1-score": 0.8048359240069085,
        "support": 4573.0
    },
    "1": {
        "precision": 0.8437211022748289,
        "recall": 0.8257013574660633,
        "f1-score": 0.8346139773143066,
        "support": 5525.0
    },
    "accuracy": 0.8209546444840562,
    "macro avg": {
        "precision": 0.819217191512601,
        "recall": 0.8204605628353715,
        "f1-score": 0.8197249506606076,
        "support": 10098.0
    },
    "weighted avg": {
        "precision": 0.8215273245137537,
        "recall": 0.8209546444840562,
        "f1-score": 0.821128629941091,
        "support": 10098.0
    },
    "roc_auc": null,
    "model": "SVM",
    "params": {
        "max_iter": 1000,
        "random_state": 42,
        "C": 20,
        "tol": 0.001,
        "normalize": true
    },
    "mode": "training"
}