{
    "0": {
        "precision": 0.531233595800525,
        "recall": 0.5589616128141397,
        "f1-score": 0.544744987215718,
        "support": 3621.0
    },
    "1": {
        "precision": 0.8216432865731463,
        "recall": 0.8020179141356945,
        "f1-score": 0.8117119933312493,
        "support": 9713.0
    },
    "2": {
        "precision": 0.6490913170293919,
        "recall": 0.6329030846641873,
        "f1-score": 0.6408949933540098,
        "support": 4571.0
    },
    "3": {
        "precision": 0.7715654952076677,
        "recall": 0.8296453470748711,
        "f1-score": 0.799552071668533,
        "support": 9897.0
    },
    "4": {
        "precision": 0.6487106017191977,
        "recall": 0.48521217316759535,
        "f1-score": 0.5551741049534086,
        "support": 2333.0
    },
    "accuracy": 0.7317073170731707,
    "macro avg": {
        "precision": 0.6844488592659858,
        "recall": 0.6617480263712976,
        "f1-score": 0.6704156301045837,
        "support": 30135.0
    },
    "weighted avg": {
        "precision": 0.7307396729019809,
        "recall": 0.7317073170731707,
        "f1-score": 0.7298688981156626,
        "support": 30135.0
    },
    "model": "LogisticRegression"
}