{
    "0": {
        "precision": 0.5289128758673862,
        "recall": 0.4679399727148704,
        "f1-score": 0.49656170828809265,
        "support": 4398.0
    },
    "1": {
        "precision": 0.7008737092930898,
        "recall": 0.760427438814202,
        "f1-score": 0.7294370505083905,
        "support": 11604.0
    },
    "2": {
        "precision": 0.47354110018824513,
        "recall": 0.42230927065845925,
        "f1-score": 0.4464602642476829,
        "support": 5361.0
    },
    "3": {
        "precision": 0.7040038131553861,
        "recall": 0.7443305896186797,
        "f1-score": 0.7236057810075937,
        "support": 11906.0
    },
    "4": {
        "precision": 0.4953660797034291,
        "recall": 0.39028842643300476,
        "f1-score": 0.4365938329589545,
        "support": 2739.0
    },
    "accuracy": 0.6408853588091535,
    "macro avg": {
        "precision": 0.5805395156415073,
        "recall": 0.5570591396478433,
        "f1-score": 0.5665317274021429,
        "support": 36008.0
    },
    "weighted avg": {
        "precision": 0.6314271350962753,
        "recall": 0.6408853588091535,
        "f1-score": 0.6346595295749058,
        "support": 36008.0
    },
    "roc_auc": null,
    "model": "LogisticRegression",
    "params": {
        "max_iter": 5000,
        "random_state": 42,
        "C": 0.9
    },
    "mode": "training"
}