{
    "0": {
        "precision": 0.3990911939830774,
        "recall": 0.7033968516984258,
        "f1-score": 0.5092472258322503,
        "support": 3621.0
    },
    "1": {
        "precision": 0.8837769158753511,
        "recall": 0.6803253371769793,
        "f1-score": 0.7688190808609657,
        "support": 9713.0
    },
    "2": {
        "precision": 0.5900741218175959,
        "recall": 0.40056880332531175,
        "f1-score": 0.4771957258274694,
        "support": 4571.0
    },
    "3": {
        "precision": 0.8142810705385198,
        "recall": 0.7593210063655653,
        "f1-score": 0.785841263201924,
        "support": 9897.0
    },
    "4": {
        "precision": 0.3567444219066937,
        "recall": 0.6030861551650236,
        "f1-score": 0.4483033296160586,
        "support": 2333.0
    },
    "accuracy": 0.6606271777003484,
    "macro avg": {
        "precision": 0.6087935448242475,
        "recall": 0.6293396307462612,
        "f1-score": 0.5978813250677336,
        "support": 30135.0
    },
    "weighted avg": {
        "precision": 0.7173614634002418,
        "recall": 0.6606271777003484,
        "f1-score": 0.6741711713888239,
        "support": 30135.0
    },
    "roc_auc": {
        "0": 0.8933345401178997,
        "1": 0.9258545316694307,
        "2": 0.8593594403924985,
        "3": 0.9186741282826513,
        "4": 0.893502367007551
    },
    "model": "LogisticRegression",
    "params": {
        "max_iter": 5000,
        "random_state": 42,
        "C": 0.9
    },
    "mode": "training"
}