{
    "0": {
        "precision": 0.5962127954118461,
        "recall": 0.5550237032264004,
        "f1-score": 0.5748814149166925,
        "support": 21727.0
    },
    "1": {
        "precision": 0.7979344634276562,
        "recall": 0.8252376926129795,
        "f1-score": 0.8113564454698912,
        "support": 57953.0
    },
    "2": {
        "precision": 0.6104738732475958,
        "recall": 0.5818242049469965,
        "f1-score": 0.5958048284050432,
        "support": 27168.0
    },
    "3": {
        "precision": 0.7977411749713266,
        "recall": 0.8437484204673732,
        "f1-score": 0.8201000581352504,
        "support": 59353.0
    },
    "4": {
        "precision": 0.5676688375412615,
        "recall": 0.4597875569044006,
        "f1-score": 0.5080645161290323,
        "support": 13839.0
    },
    "accuracy": 0.7339091313041546,
    "macro avg": {
        "precision": 0.6740062289199372,
        "recall": 0.65312431563163,
        "f1-score": 0.662041452611182,
        "support": 180040.0
    },
    "weighted avg": {
        "precision": 0.7275398053439984,
        "recall": 0.7339091313041546,
        "f1-score": 0.7298617960093923,
        "support": 180040.0
    },
    "roc_auc": null,
    "model": "LogisticRegression",
    "params": {
        "max_iter": 5000,
        "random_state": 42,
        "C": 0.9
    },
    "mode": "training"
}