{
    "0": {
        "precision": 0.5207838479809976,
        "recall": 0.45547925442899184,
        "f1-score": 0.48594736032014774,
        "support": 17329.0
    },
    "1": {
        "precision": 0.6965331739390317,
        "recall": 0.7542557552482254,
        "f1-score": 0.7242461595831736,
        "support": 46349.0
    },
    "2": {
        "precision": 0.47520424624030805,
        "recall": 0.4187646168661439,
        "f1-score": 0.4452028081123245,
        "support": 21807.0
    },
    "3": {
        "precision": 0.6971660873151476,
        "recall": 0.7481821822243767,
        "f1-score": 0.7217737836244231,
        "support": 47447.0
    },
    "4": {
        "precision": 0.5024561403508772,
        "recall": 0.387027027027027,
        "f1-score": 0.43725190839694655,
        "support": 11100.0
    },
    "accuracy": 0.6372125638746945,
    "macro avg": {
        "precision": 0.5784286991652724,
        "recall": 0.552741767158953,
        "f1-score": 0.5628844040074031,
        "support": 144032.0
    },
    "weighted avg": {
        "precision": 0.6271298106050172,
        "recall": 0.6372125638746945,
        "f1-score": 0.6303953398470334,
        "support": 144032.0
    },
    "roc_auc": null,
    "model": "LogisticRegression",
    "params": {
        "max_iter": 5000,
        "random_state": 42,
        "C": 0.9
    },
    "mode": "training"
}