{
    "0": {
        "precision": 0.8148148148148148,
        "recall": 0.7823613086770982,
        "f1-score": 0.7982583454281568,
        "support": 703.0
    },
    "1": {
        "precision": 0.7353433835845896,
        "recall": 0.6226950354609929,
        "f1-score": 0.674347158218126,
        "support": 705.0
    },
    "2": {
        "precision": 0.8650602409638555,
        "recall": 0.8527315914489311,
        "f1-score": 0.8588516746411483,
        "support": 421.0
    },
    "3": {
        "precision": 1.0,
        "recall": 0.125,
        "f1-score": 0.2222222222222222,
        "support": 40.0
    },
    "4": {
        "precision": 1.0,
        "recall": 0.2328767123287671,
        "f1-score": 0.37777777777777777,
        "support": 146.0
    },
    "5": {
        "precision": 0.8955223880597015,
        "recall": 0.69164265129683,
        "f1-score": 0.7804878048780488,
        "support": 347.0
    },
    "6": {
        "precision": 0.7866909753874203,
        "recall": 0.7902930402930403,
        "f1-score": 0.7884878940155322,
        "support": 1092.0
    },
    "7": {
        "precision": 0.7971781305114638,
        "recall": 0.8617731172545281,
        "f1-score": 0.8282180485570316,
        "support": 1049.0
    },
    "8": {
        "precision": 0.40258064516129033,
        "recall": 0.6277665995975855,
        "f1-score": 0.49056603773584906,
        "support": 497.0
    },
    "accuracy": 0.7412,
    "macro avg": {
        "precision": 0.8107989531647929,
        "recall": 0.6207933395953081,
        "f1-score": 0.6465796626082104,
        "support": 5000.0
    },
    "weighted avg": {
        "precision": 0.76951150300384,
        "recall": 0.7412,
        "f1-score": 0.7413362930193658,
        "support": 5000.0
    },
    "roc_auc": null,
    "model": "SVM",
    "params": {
        "max_iter": 1000,
        "random_state": 42,
        "C": 0.8,
        "grid_search": false,
        "tol": 0.001,
        "normalize": true
    },
    "mode": "training"
}