{
    "0": {
        "precision": 0.9764150943396226,
        "recall": 0.9737133370226896,
        "f1-score": 0.9750623441396509,
        "support": 3614.0
    },
    "1": {
        "precision": 0.9666048237476809,
        "recall": 0.9311885612153709,
        "f1-score": 0.9485662266727356,
        "support": 3357.0
    },
    "2": {
        "precision": 0.9657919400187441,
        "recall": 0.9818961410195332,
        "f1-score": 0.9737774627923459,
        "support": 2099.0
    },
    "3": {
        "precision": 1.0,
        "recall": 0.9166666666666666,
        "f1-score": 0.9565217391304348,
        "support": 204.0
    },
    "4": {
        "precision": 1.0,
        "recall": 0.9078014184397163,
        "f1-score": 0.9516728624535316,
        "support": 705.0
    },
    "5": {
        "precision": 0.9934367541766109,
        "recall": 0.9624277456647399,
        "f1-score": 0.9776864357017029,
        "support": 1730.0
    },
    "6": {
        "precision": 0.9527793270124558,
        "recall": 0.9476701183431953,
        "f1-score": 0.9502178548252527,
        "support": 5408.0
    },
    "7": {
        "precision": 0.949944175660588,
        "recall": 0.9594061266679196,
        "f1-score": 0.9546517064048621,
        "support": 5321.0
    },
    "8": {
        "precision": 0.8802308802308803,
        "recall": 0.9523809523809523,
        "f1-score": 0.9148856392950881,
        "support": 2562.0
    },
    "accuracy": 0.95472,
    "macro avg": {
        "precision": 0.9650225550207314,
        "recall": 0.9481278963800871,
        "f1-score": 0.955893585712845,
        "support": 25000.0
    },
    "weighted avg": {
        "precision": 0.9556373794165642,
        "recall": 0.95472,
        "f1-score": 0.9548818104875102,
        "support": 25000.0
    },
    "roc_auc": null,
    "model": "SVM",
    "params": {
        "max_iter": 1000,
        "random_state": 42,
        "C": 0.8,
        "grid_search": false,
        "tol": 0.001,
        "normalize": true
    },
    "mode": "training"
}