{
    "0": {
        "precision": 0.5884535277271544,
        "recall": 0.5217265854925269,
        "f1-score": 0.5530847582051204,
        "support": 17329.0
    },
    "1": {
        "precision": 0.7812248270164205,
        "recall": 0.8160478111717621,
        "f1-score": 0.7982567219619264,
        "support": 46349.0
    },
    "2": {
        "precision": 0.5715256211180124,
        "recall": 0.540101802173614,
        "f1-score": 0.5553695626547213,
        "support": 21807.0
    },
    "3": {
        "precision": 0.7742402882205514,
        "recall": 0.8333930490863489,
        "f1-score": 0.8027284077183081,
        "support": 47447.0
    },
    "4": {
        "precision": 0.5741280765193048,
        "recall": 0.44342342342342345,
        "f1-score": 0.500381233162202,
        "support": 11100.0
    },
    "accuracy": 0.7158548100422129,
    "macro avg": {
        "precision": 0.6579144681202886,
        "recall": 0.6309385342695351,
        "f1-score": 0.6419641367404556,
        "support": 144032.0
    },
    "weighted avg": {
        "precision": 0.70802155433274,
        "recall": 0.7158548100422129,
        "f1-score": 0.7105020903901381,
        "support": 144032.0
    },
    "roc_auc": null,
    "model": "LogisticRegression",
    "params": {
        "max_iter": 5000,
        "random_state": 42,
        "C": 0.9
    },
    "mode": "training"
}