{
    "0": {
        "precision": 0.5874035989717223,
        "recall": 0.5195543428831287,
        "f1-score": 0.5513996138996139,
        "support": 4398.0
    },
    "1": {
        "precision": 0.776941330496686,
        "recall": 0.8182523267838676,
        "f1-score": 0.7970619097586569,
        "support": 11604.0
    },
    "2": {
        "precision": 0.5535993740219093,
        "recall": 0.527886588323074,
        "f1-score": 0.5404373150004774,
        "support": 5361.0
    },
    "3": {
        "precision": 0.7778831712908071,
        "recall": 0.8265580379640517,
        "f1-score": 0.8014822657490736,
        "support": 11906.0
    },
    "4": {
        "precision": 0.5581068416119962,
        "recall": 0.4348302300109529,
        "f1-score": 0.4888159244818387,
        "support": 2739.0
    },
    "accuracy": 0.712119528993557,
    "macro avg": {
        "precision": 0.6507868632786241,
        "recall": 0.625416305193015,
        "f1-score": 0.6358394057779322,
        "support": 36008.0
    },
    "weighted avg": {
        "precision": 0.7042047919366874,
        "recall": 0.712119528993557,
        "f1-score": 0.7068640585884175,
        "support": 36008.0
    },
    "roc_auc": null,
    "model": "LogisticRegression",
    "params": {
        "max_iter": 5000,
        "random_state": 42,
        "C": 0.9
    },
    "mode": "training"
}