{
    "0": {
        "precision": 0.5661538461538461,
        "recall": 0.5768025078369906,
        "f1-score": 0.5714285714285714,
        "support": 319.0
    },
    "1": {
        "precision": 0.6143958868894601,
        "recall": 0.6143958868894601,
        "f1-score": 0.6143958868894601,
        "support": 389.0
    },
    "2": {
        "precision": 0.5864661654135338,
        "recall": 0.5939086294416244,
        "f1-score": 0.5901639344262295,
        "support": 394.0
    },
    "3": {
        "precision": 0.5728643216080402,
        "recall": 0.5816326530612245,
        "f1-score": 0.5772151898734177,
        "support": 392.0
    },
    "4": {
        "precision": 0.5818181818181818,
        "recall": 0.5818181818181818,
        "f1-score": 0.5818181818181818,
        "support": 385.0
    },
    "5": {
        "precision": 0.7296587926509186,
        "recall": 0.7037974683544304,
        "f1-score": 0.7164948453608248,
        "support": 395.0
    },
    "6": {
        "precision": 0.7139240506329114,
        "recall": 0.7230769230769231,
        "f1-score": 0.7184713375796178,
        "support": 390.0
    },
    "7": {
        "precision": 0.7188264058679706,
        "recall": 0.7424242424242424,
        "f1-score": 0.7304347826086957,
        "support": 396.0
    },
    "8": {
        "precision": 0.7469287469287469,
        "recall": 0.7638190954773869,
        "f1-score": 0.7552795031055901,
        "support": 398.0
    },
    "9": {
        "precision": 0.8487179487179487,
        "recall": 0.8337531486146096,
        "f1-score": 0.841168996188056,
        "support": 397.0
    },
    "10": {
        "precision": 0.8830845771144279,
        "recall": 0.8897243107769424,
        "f1-score": 0.8863920099875156,
        "support": 399.0
    },
    "11": {
        "precision": 0.7673267326732673,
        "recall": 0.7828282828282829,
        "f1-score": 0.775,
        "support": 396.0
    },
    "12": {
        "precision": 0.5482233502538071,
        "recall": 0.549618320610687,
        "f1-score": 0.5489199491740788,
        "support": 393.0
    },
    "13": {
        "precision": 0.8315789473684211,
        "recall": 0.797979797979798,
        "f1-score": 0.8144329896907216,
        "support": 396.0
    },
    "14": {
        "precision": 0.8188976377952756,
        "recall": 0.7918781725888325,
        "f1-score": 0.8051612903225807,
        "support": 394.0
    },
    "15": {
        "precision": 0.6957547169811321,
        "recall": 0.7412060301507538,
        "f1-score": 0.7177615571776156,
        "support": 398.0
    },
    "16": {
        "precision": 0.6347150259067358,
        "recall": 0.6730769230769231,
        "f1-score": 0.6533333333333333,
        "support": 364.0
    },
    "17": {
        "precision": 0.8818443804034583,
        "recall": 0.8138297872340425,
        "f1-score": 0.8464730290456431,
        "support": 376.0
    },
    "18": {
        "precision": 0.5555555555555556,
        "recall": 0.46774193548387094,
        "f1-score": 0.5078809106830122,
        "support": 310.0
    },
    "19": {
        "precision": 0.4036363636363636,
        "recall": 0.44223107569721115,
        "f1-score": 0.4220532319391635,
        "support": 251.0
    },
    "accuracy": 0.6915825809877855,
    "macro avg": {
        "precision": 0.6850185817185003,
        "recall": 0.6832771686711209,
        "f1-score": 0.6837139765316155,
        "support": 7532.0
    },
    "weighted avg": {
        "precision": 0.6932319452302357,
        "recall": 0.6915825809877855,
        "f1-score": 0.6920174126319749,
        "support": 7532.0
    },
    "roc_auc": {
        "0": 0.9540771690960287,
        "1": 0.9547049675973062,
        "2": 0.951188889663245,
        "3": 0.956716257931744,
        "4": 0.9526136658919645,
        "5": 0.9743220833488524,
        "6": 0.9801291026718079,
        "7": 0.9798977725687367,
        "8": 0.9847309155815523,
        "9": 0.9918248108183485,
        "10": 0.995272774674665,
        "11": 0.9807046077365583,
        "12": 0.9493300428032665,
        "13": 0.9781552917063006,
        "14": 0.9751252679233047,
        "15": 0.98128256928038,
        "16": 0.9661982130592621,
        "17": 0.9871882544628522,
        "18": 0.9273809417460983,
        "19": 0.9376979104595216
    },
    "model": "LogisticRegression",
    "params": {
        "max_iter": 200,
        "random_state": 42,
        "C": 0.9
    },
    "mode": "training"
}