{
    "0": {
        "precision": 0.9055793991416309,
        "recall": 0.8791666666666667,
        "f1-score": 0.8921775898520085,
        "support": 480.0
    },
    "1": {
        "precision": 0.8316326530612245,
        "recall": 0.8373287671232876,
        "f1-score": 0.8344709897610921,
        "support": 584.0
    },
    "2": {
        "precision": 0.8566610455311973,
        "recall": 0.8595600676818951,
        "f1-score": 0.8581081081081081,
        "support": 591.0
    },
    "3": {
        "precision": 0.7885615251299827,
        "recall": 0.7711864406779662,
        "f1-score": 0.779777206512425,
        "support": 590.0
    },
    "4": {
        "precision": 0.8344709897610921,
        "recall": 0.8460207612456747,
        "f1-score": 0.8402061855670103,
        "support": 578.0
    },
    "5": {
        "precision": 0.8870151770657673,
        "recall": 0.8870151770657673,
        "f1-score": 0.8870151770657673,
        "support": 593.0
    },
    "6": {
        "precision": 0.8958677685950414,
        "recall": 0.9264957264957265,
        "f1-score": 0.9109243697478991,
        "support": 585.0
    },
    "7": {
        "precision": 0.9328859060402684,
        "recall": 0.936026936026936,
        "f1-score": 0.934453781512605,
        "support": 594.0
    },
    "8": {
        "precision": 0.9302325581395349,
        "recall": 0.9364548494983278,
        "f1-score": 0.9333333333333333,
        "support": 598.0
    },
    "9": {
        "precision": 0.9949748743718593,
        "recall": 0.9949748743718593,
        "f1-score": 0.9949748743718593,
        "support": 597.0
    },
    "10": {
        "precision": 0.9966555183946488,
        "recall": 0.9933333333333333,
        "f1-score": 0.994991652754591,
        "support": 600.0
    },
    "11": {
        "precision": 0.9693877551020408,
        "recall": 0.957983193277311,
        "f1-score": 0.9636517328825022,
        "support": 595.0
    },
    "12": {
        "precision": 0.8797250859106529,
        "recall": 0.8663282571912013,
        "f1-score": 0.8729752770673487,
        "support": 591.0
    },
    "13": {
        "precision": 0.991652754590985,
        "recall": 1.0,
        "f1-score": 0.9958088851634534,
        "support": 594.0
    },
    "14": {
        "precision": 0.9715719063545151,
        "recall": 0.9797639123102867,
        "f1-score": 0.9756507136859782,
        "support": 593.0
    },
    "15": {
        "precision": 0.9254966887417219,
        "recall": 0.9332220367278798,
        "f1-score": 0.9293433083956775,
        "support": 599.0
    },
    "16": {
        "precision": 0.9576427255985267,
        "recall": 0.9523809523809523,
        "f1-score": 0.9550045913682277,
        "support": 546.0
    },
    "17": {
        "precision": 0.9823943661971831,
        "recall": 0.9893617021276596,
        "f1-score": 0.9858657243816255,
        "support": 564.0
    },
    "18": {
        "precision": 0.9443254817987152,
        "recall": 0.9483870967741935,
        "f1-score": 0.9463519313304721,
        "support": 465.0
    },
    "19": {
        "precision": 0.8736263736263736,
        "recall": 0.843501326259947,
        "f1-score": 0.8582995951417004,
        "support": 377.0
    },
    "accuracy": 0.9183312709916918,
    "macro avg": {
        "precision": 0.917518027657648,
        "recall": 0.9169246038618436,
        "f1-score": 0.9171692514001843,
        "support": 11314.0
    },
    "weighted avg": {
        "precision": 0.9181876012311785,
        "recall": 0.9183312709916918,
        "f1-score": 0.9182122221201745,
        "support": 11314.0
    },
    "roc_auc": null,
    "model": "LogisticRegression",
    "params": {
        "max_iter": 200,
        "random_state": 42,
        "C": 0.9
    },
    "mode": "training"
}