{
    "0": {
        "precision": 0.7477003942181341,
        "recall": 0.7546419098143236,
        "f1-score": 0.7511551155115511,
        "support": 754.0
    },
    "1": {
        "precision": 0.5632530120481928,
        "recall": 0.576271186440678,
        "f1-score": 0.5696877380045697,
        "support": 649.0
    },
    "2": {
        "precision": 0.6299559471365639,
        "recall": 0.7258883248730964,
        "f1-score": 0.6745283018867925,
        "support": 394.0
    },
    "3": {
        "precision": 0.71875,
        "recall": 0.5227272727272727,
        "f1-score": 0.6052631578947368,
        "support": 44.0
    },
    "4": {
        "precision": 0.5751633986928104,
        "recall": 0.5641025641025641,
        "f1-score": 0.56957928802589,
        "support": 156.0
    },
    "5": {
        "precision": 0.5596816976127321,
        "recall": 0.5893854748603352,
        "f1-score": 0.5741496598639456,
        "support": 358.0
    },
    "6": {
        "precision": 0.6858638743455497,
        "recall": 0.7100271002710027,
        "f1-score": 0.6977363515312917,
        "support": 1107.0
    },
    "7": {
        "precision": 0.6971894832275612,
        "recall": 0.7429951690821256,
        "f1-score": 0.7193638914873713,
        "support": 1035.0
    },
    "8": {
        "precision": 0.24193548387096775,
        "recall": 0.14910536779324055,
        "f1-score": 0.18450184501845018,
        "support": 503.0
    },
    "accuracy": 0.6362,
    "macro avg": {
        "precision": 0.602165921239168,
        "recall": 0.5927938188849599,
        "f1-score": 0.5939961499138442,
        "support": 5000.0
    },
    "weighted avg": {
        "precision": 0.6203544911202278,
        "recall": 0.6362,
        "f1-score": 0.6265268345987242,
        "support": 5000.0
    },
    "roc_auc": {
        "0": 0.9485916531208651,
        "1": 0.8905322227254843,
        "2": 0.9625301141085012,
        "3": 0.9703619120992003,
        "4": 0.9462433039022634,
        "5": 0.9341457279779715,
        "6": 0.9134652310646747,
        "7": 0.930778612375191,
        "8": 0.6625044043057644
    },
    "model": "LogisticRegression",
    "params": {
        "max_iter": 1500,
        "random_state": 42,
        "penalty": "l2",
        "solver": "lbfgs",
        "C": 0.7
    },
    "mode": "training"
}