{
    "0": {
        "precision": 0.8155990351112302,
        "recall": 0.8420033204205866,
        "f1-score": 0.8285908781484003,
        "support": 3614.0
    },
    "1": {
        "precision": 0.6788913773796192,
        "recall": 0.7223711647304141,
        "f1-score": 0.6999567037090489,
        "support": 3357.0
    },
    "2": {
        "precision": 0.7778772951186744,
        "recall": 0.8275369223439734,
        "f1-score": 0.8019390581717452,
        "support": 2099.0
    },
    "3": {
        "precision": 0.9951219512195122,
        "recall": 1.0,
        "f1-score": 0.9975550122249389,
        "support": 204.0
    },
    "4": {
        "precision": 0.7807262569832403,
        "recall": 0.7929078014184398,
        "f1-score": 0.7867698803659395,
        "support": 705.0
    },
    "5": {
        "precision": 0.7079889807162535,
        "recall": 0.7427745664739884,
        "f1-score": 0.7249647390691114,
        "support": 1730.0
    },
    "6": {
        "precision": 0.7516112175579167,
        "recall": 0.7978920118343196,
        "f1-score": 0.7740604538523634,
        "support": 5408.0
    },
    "7": {
        "precision": 0.7733910221741482,
        "recall": 0.8062394286788198,
        "f1-score": 0.7894736842105263,
        "support": 5321.0
    },
    "8": {
        "precision": 0.4736111111111111,
        "recall": 0.26619828259172523,
        "f1-score": 0.3408295852073963,
        "support": 2562.0
    },
    "accuracy": 0.7416,
    "macro avg": {
        "precision": 0.7505353608190785,
        "recall": 0.7553248331658075,
        "f1-score": 0.74934888832883,
        "support": 25000.0
    },
    "weighted avg": {
        "precision": 0.7292373718111629,
        "recall": 0.7416,
        "f1-score": 0.7320011585297069,
        "support": 25000.0
    },
    "roc_auc": null,
    "model": "LogisticRegression",
    "params": {
        "max_iter": 1500,
        "random_state": 42,
        "penalty": "l2",
        "solver": "lbfgs",
        "C": 0.7
    },
    "mode": "training"
}