{
    "0": {
        "precision": 0.9973148355336764,
        "recall": 0.9746337196588672,
        "f1-score": 0.9858438398584384,
        "support": 4573.0
    },
    "1": {
        "precision": 0.9793924320483212,
        "recall": 0.9978280542986425,
        "f1-score": 0.9885242962166039,
        "support": 5525.0
    },
    "accuracy": 0.9873242226183403,
    "macro avg": {
        "precision": 0.9883536337909988,
        "recall": 0.9862308869787548,
        "f1-score": 0.9871840680375211,
        "support": 10098.0
    },
    "weighted avg": {
        "precision": 0.9875088066906791,
        "recall": 0.9873242226183403,
        "f1-score": 0.9873104195156839,
        "support": 10098.0
    },
    "roc_auc": null,
    "model": "XGBClassifier",
    "params": {
        "learning_rate": 0.1,
        "max_depth": 3,
        "n_estimators": 500,
        "num_class": 2,
        "eval_metric": "mlogloss",
        "objective": "multi:softmax"
    },
    "mode": "training"
}