{
    "0": {
        "precision": 0.9936507936507937,
        "recall": 0.9582331073693418,
        "f1-score": 0.975620616720472,
        "support": 4573.0
    },
    "1": {
        "precision": 0.9664205344585092,
        "recall": 0.9949321266968326,
        "f1-score": 0.9804690983679658,
        "support": 5525.0
    },
    "accuracy": 0.9783125371360666,
    "macro avg": {
        "precision": 0.9800356640546515,
        "recall": 0.9765826170330871,
        "f1-score": 0.9780448575442189,
        "support": 10098.0
    },
    "weighted avg": {
        "precision": 0.9787520828132643,
        "recall": 0.9783125371360666,
        "f1-score": 0.9782734055006664,
        "support": 10098.0
    },
    "roc_auc": null,
    "model": "XGBClassifier",
    "params": {
        "learning_rate": 0.1,
        "max_depth": 3,
        "n_estimators": 500,
        "num_class": 2,
        "eval_metric": "mlogloss",
        "objective": "multi:softmax"
    },
    "mode": "training"
}