{
    "0": {
        "precision": 0.9751111111111112,
        "recall": 0.9595451563525038,
        "f1-score": 0.9672655130607296,
        "support": 4573.0
    },
    "1": {
        "precision": 0.9669524830296534,
        "recall": 0.9797285067873304,
        "f1-score": 0.9732985705295334,
        "support": 5525.0
    },
    "accuracy": 0.9705882352941176,
    "macro avg": {
        "precision": 0.9710317970703823,
        "recall": 0.9696368315699171,
        "f1-score": 0.9702820417951314,
        "support": 10098.0
    },
    "weighted avg": {
        "precision": 0.9706472152752966,
        "recall": 0.9705882352941176,
        "f1-score": 0.9705664283424824,
        "support": 10098.0
    },
    "roc_auc": null,
    "model": "XGBClassifier",
    "params": {
        "learning_rate": 0.1,
        "max_depth": 3,
        "n_estimators": 500,
        "num_class": 2,
        "eval_metric": "mlogloss",
        "objective": "multi:softmax"
    },
    "mode": "training"
}