{
    "0": {
        "precision": 0.8502994011976048,
        "recall": 0.8231884057971014,
        "f1-score": 0.8365243004418262,
        "support": 690.0
    },
    "1": {
        "precision": 0.8286516853932584,
        "recall": 0.855072463768116,
        "f1-score": 0.8416547788873039,
        "support": 690.0
    },
    "accuracy": 0.8391304347826087,
    "macro avg": {
        "precision": 0.8394755432954316,
        "recall": 0.8391304347826087,
        "f1-score": 0.839089539664565,
        "support": 1380.0
    },
    "weighted avg": {
        "precision": 0.8394755432954316,
        "recall": 0.8391304347826087,
        "f1-score": 0.839089539664565,
        "support": 1380.0
    },
    "roc_auc": {
        "0": 0.9109241755933628,
        "1": 0.9109241755933628
    },
    "model": "XGBClassifier",
    "params": {
        "learning_rate": 0.1,
        "max_depth": 3,
        "n_estimators": 400,
        "num_class": 2,
        "eval_metric": "mlogloss",
        "objective": "multi:softmax"
    },
    "mode": "training"
}