{
    "0": {
        "precision": 0.8162962962962963,
        "recall": 0.7985507246376812,
        "f1-score": 0.8073260073260073,
        "support": 690.0
    },
    "1": {
        "precision": 0.8028368794326242,
        "recall": 0.8202898550724638,
        "f1-score": 0.8114695340501792,
        "support": 690.0
    },
    "accuracy": 0.8094202898550724,
    "macro avg": {
        "precision": 0.8095665878644602,
        "recall": 0.8094202898550724,
        "f1-score": 0.8093977706880933,
        "support": 1380.0
    },
    "weighted avg": {
        "precision": 0.8095665878644602,
        "recall": 0.8094202898550724,
        "f1-score": 0.8093977706880933,
        "support": 1380.0
    },
    "roc_auc": {
        "0": 0.8953392144507457,
        "1": 0.8953392144507457
    },
    "model": "XGBClassifier",
    "params": {
        "learning_rate": 0.1,
        "max_depth": 3,
        "n_estimators": 500,
        "num_class": 2,
        "eval_metric": "mlogloss",
        "objective": "multi:softmax"
    },
    "mode": "training"
}