{
    "0": {
        "precision": 0.68561872909699,
        "recall": 0.6426332288401254,
        "f1-score": 0.6634304207119741,
        "support": 319.0
    },
    "1": {
        "precision": 0.6116279069767442,
        "recall": 0.6760925449871465,
        "f1-score": 0.6422466422466423,
        "support": 389.0
    },
    "2": {
        "precision": 0.5905882352941176,
        "recall": 0.6370558375634517,
        "f1-score": 0.612942612942613,
        "support": 394.0
    },
    "3": {
        "precision": 0.5883720930232558,
        "recall": 0.6454081632653061,
        "f1-score": 0.6155717761557178,
        "support": 392.0
    },
    "4": {
        "precision": 0.6856287425149701,
        "recall": 0.5948051948051948,
        "f1-score": 0.6369958275382476,
        "support": 385.0
    },
    "5": {
        "precision": 0.7350649350649351,
        "recall": 0.7164556962025317,
        "f1-score": 0.7256410256410256,
        "support": 395.0
    },
    "6": {
        "precision": 0.7044444444444444,
        "recall": 0.8128205128205128,
        "f1-score": 0.7547619047619047,
        "support": 390.0
    },
    "7": {
        "precision": 0.8320610687022901,
        "recall": 0.8257575757575758,
        "f1-score": 0.8288973384030418,
        "support": 396.0
    },
    "8": {
        "precision": 0.848,
        "recall": 0.7989949748743719,
        "f1-score": 0.8227684346701164,
        "support": 398.0
    },
    "9": {
        "precision": 0.9065656565656566,
        "recall": 0.9042821158690176,
        "f1-score": 0.905422446406053,
        "support": 397.0
    },
    "10": {
        "precision": 0.9785522788203753,
        "recall": 0.9147869674185464,
        "f1-score": 0.9455958549222798,
        "support": 399.0
    },
    "11": {
        "precision": 0.8469945355191257,
        "recall": 0.7828282828282829,
        "f1-score": 0.8136482939632546,
        "support": 396.0
    },
    "12": {
        "precision": 0.6044776119402985,
        "recall": 0.6183206106870229,
        "f1-score": 0.6113207547169811,
        "support": 393.0
    },
    "13": {
        "precision": 0.9299719887955182,
        "recall": 0.8383838383838383,
        "f1-score": 0.8818061088977424,
        "support": 396.0
    },
    "14": {
        "precision": 0.8329048843187661,
        "recall": 0.8223350253807107,
        "f1-score": 0.8275862068965517,
        "support": 394.0
    },
    "15": {
        "precision": 0.6950207468879668,
        "recall": 0.8417085427135679,
        "f1-score": 0.7613636363636364,
        "support": 398.0
    },
    "16": {
        "precision": 0.6204690831556503,
        "recall": 0.7994505494505495,
        "f1-score": 0.6986794717887155,
        "support": 364.0
    },
    "17": {
        "precision": 0.9246376811594202,
        "recall": 0.848404255319149,
        "f1-score": 0.8848821081830791,
        "support": 376.0
    },
    "18": {
        "precision": 0.592057761732852,
        "recall": 0.5290322580645161,
        "f1-score": 0.5587734241908007,
        "support": 310.0
    },
    "19": {
        "precision": 0.5225806451612903,
        "recall": 0.32270916334661354,
        "f1-score": 0.39901477832512317,
        "support": 251.0
    },
    "accuracy": 0.7393786510886883,
    "macro avg": {
        "precision": 0.7367819514587335,
        "recall": 0.7286132669289016,
        "f1-score": 0.7295674533862749,
        "support": 7532.0
    },
    "weighted avg": {
        "precision": 0.7435755179889203,
        "recall": 0.7393786510886883,
        "f1-score": 0.7387280031755115,
        "support": 7532.0
    },
    "roc_auc": null,
    "model": "SVM",
    "params": {
        "max_iter": 1000,
        "random_state": 42,
        "C": 0.9,
        "grid_search": false,
        "tol": 0.001,
        "normalize": false
    },
    "mode": "training"
}