{
    "0": {
        "precision": 0.8835164835164835,
        "recall": 0.8375,
        "f1-score": 0.8598930481283422,
        "support": 480.0
    },
    "1": {
        "precision": 0.7942583732057417,
        "recall": 0.8527397260273972,
        "f1-score": 0.8224607762180016,
        "support": 584.0
    },
    "2": {
        "precision": 0.8144,
        "recall": 0.8612521150592216,
        "f1-score": 0.837171052631579,
        "support": 591.0
    },
    "3": {
        "precision": 0.7772194304857621,
        "recall": 0.7864406779661017,
        "f1-score": 0.7818028643639428,
        "support": 590.0
    },
    "4": {
        "precision": 0.8641304347826086,
        "recall": 0.8252595155709342,
        "f1-score": 0.8442477876106195,
        "support": 578.0
    },
    "5": {
        "precision": 0.8879310344827587,
        "recall": 0.8684654300168634,
        "f1-score": 0.8780903665814151,
        "support": 593.0
    },
    "6": {
        "precision": 0.8317901234567902,
        "recall": 0.9213675213675213,
        "f1-score": 0.8742903487429035,
        "support": 585.0
    },
    "7": {
        "precision": 0.9120135363790186,
        "recall": 0.9074074074074074,
        "f1-score": 0.909704641350211,
        "support": 594.0
    },
    "8": {
        "precision": 0.9450171821305842,
        "recall": 0.919732441471572,
        "f1-score": 0.9322033898305084,
        "support": 598.0
    },
    "9": {
        "precision": 0.9681208053691275,
        "recall": 0.966499162479062,
        "f1-score": 0.9673093042749371,
        "support": 597.0
    },
    "10": {
        "precision": 0.9879725085910653,
        "recall": 0.9583333333333334,
        "f1-score": 0.9729272419627749,
        "support": 600.0
    },
    "11": {
        "precision": 0.9618055555555556,
        "recall": 0.9310924369747899,
        "f1-score": 0.946199829205807,
        "support": 595.0
    },
    "12": {
        "precision": 0.8772241992882562,
        "recall": 0.8341793570219966,
        "f1-score": 0.8551604509973981,
        "support": 591.0
    },
    "13": {
        "precision": 0.9793103448275862,
        "recall": 0.9562289562289562,
        "f1-score": 0.9676320272572402,
        "support": 594.0
    },
    "14": {
        "precision": 0.9511784511784511,
        "recall": 0.9527824620573356,
        "f1-score": 0.9519797809604044,
        "support": 593.0
    },
    "15": {
        "precision": 0.8628659476117103,
        "recall": 0.9348914858096828,
        "f1-score": 0.8974358974358975,
        "support": 599.0
    },
    "16": {
        "precision": 0.8812392426850258,
        "recall": 0.9377289377289377,
        "f1-score": 0.9086069210292813,
        "support": 546.0
    },
    "17": {
        "precision": 0.9663120567375887,
        "recall": 0.9663120567375887,
        "f1-score": 0.9663120567375887,
        "support": 564.0
    },
    "18": {
        "precision": 0.8672199170124482,
        "recall": 0.8989247311827957,
        "f1-score": 0.8827877507919747,
        "support": 465.0
    },
    "19": {
        "precision": 0.8934707903780069,
        "recall": 0.6896551724137931,
        "f1-score": 0.7784431137724551,
        "support": 377.0
    },
    "accuracy": 0.8944670319957575,
    "macro avg": {
        "precision": 0.8953498208837285,
        "recall": 0.8903396463427645,
        "f1-score": 0.8917329324941641,
        "support": 11314.0
    },
    "weighted avg": {
        "precision": 0.8960228369016092,
        "recall": 0.8944670319957575,
        "f1-score": 0.8943451815196664,
        "support": 11314.0
    },
    "roc_auc": null,
    "model": "SVM",
    "params": {
        "max_iter": 1000,
        "random_state": 42,
        "C": 0.9,
        "grid_search": false,
        "tol": 0.001,
        "normalize": false
    },
    "mode": "training"
}