{
    "0": {
        "precision": 0.6851851851851852,
        "recall": 0.6870026525198939,
        "f1-score": 0.686092715231788,
        "support": 754.0
    },
    "1": {
        "precision": 0.4895977808599168,
        "recall": 0.5439137134052389,
        "f1-score": 0.5153284671532846,
        "support": 649.0
    },
    "2": {
        "precision": 0.6052631578947368,
        "recall": 0.700507614213198,
        "f1-score": 0.6494117647058824,
        "support": 394.0
    },
    "3": {
        "precision": 0.5555555555555556,
        "recall": 0.45454545454545453,
        "f1-score": 0.5,
        "support": 44.0
    },
    "4": {
        "precision": 0.5488721804511278,
        "recall": 0.46794871794871795,
        "f1-score": 0.5051903114186851,
        "support": 156.0
    },
    "5": {
        "precision": 0.5382513661202186,
        "recall": 0.5502793296089385,
        "f1-score": 0.5441988950276243,
        "support": 358.0
    },
    "6": {
        "precision": 0.6448839208942391,
        "recall": 0.6775067750677507,
        "f1-score": 0.6607929515418502,
        "support": 1107.0
    },
    "7": {
        "precision": 0.6516357206012379,
        "recall": 0.7120772946859903,
        "f1-score": 0.6805170821791321,
        "support": 1035.0
    },
    "8": {
        "precision": 0.21008403361344538,
        "recall": 0.09940357852882704,
        "f1-score": 0.1349527665317139,
        "support": 503.0
    },
    "accuracy": 0.5948,
    "macro avg": {
        "precision": 0.5477032112417404,
        "recall": 0.54368723672489,
        "f1-score": 0.541831661532218,
        "support": 5000.0
    },
    "weighted avg": {
        "precision": 0.5739233014887736,
        "recall": 0.5948,
        "f1-score": 0.5813954859480507,
        "support": 5000.0
    },
    "roc_auc": {
        "0": 0.9254061553954354,
        "1": 0.8659380501232559,
        "2": 0.9593555966505838,
        "3": 0.9552562550443907,
        "4": 0.9502821359757775,
        "5": 0.9183120356039948,
        "6": 0.8983137686501449,
        "7": 0.9113479662018508,
        "8": 0.6709142520903045
    },
    "model": "LogisticRegression",
    "params": {
        "max_iter": 1500,
        "random_state": 42,
        "penalty": "l2",
        "solver": "lbfgs",
        "C": 0.7
    },
    "mode": "training"
}