{
    "0": {
        "precision": 0.7233529726834493,
        "recall": 0.7473713337022689,
        "f1-score": 0.7351660315732172,
        "support": 3614.0
    },
    "1": {
        "precision": 0.5542687853487746,
        "recall": 0.613047363717605,
        "f1-score": 0.5821782178217821,
        "support": 3357.0
    },
    "2": {
        "precision": 0.6826453617399023,
        "recall": 0.7327298713673178,
        "f1-score": 0.7068014705882353,
        "support": 2099.0
    },
    "3": {
        "precision": 0.8253968253968254,
        "recall": 0.7647058823529411,
        "f1-score": 0.7938931297709924,
        "support": 204.0
    },
    "4": {
        "precision": 0.6294642857142857,
        "recall": 0.6,
        "f1-score": 0.6143790849673203,
        "support": 705.0
    },
    "5": {
        "precision": 0.58244231851435,
        "recall": 0.5982658959537572,
        "f1-score": 0.5902480752780154,
        "support": 1730.0
    },
    "6": {
        "precision": 0.6611177170035671,
        "recall": 0.7196745562130178,
        "f1-score": 0.6891544931385569,
        "support": 5408.0
    },
    "7": {
        "precision": 0.7035193743334518,
        "recall": 0.743845141890622,
        "f1-score": 0.7231204896318626,
        "support": 5321.0
    },
    "8": {
        "precision": 0.33768494342906874,
        "recall": 0.15144418423106948,
        "f1-score": 0.20910805712745892,
        "support": 2562.0
    },
    "accuracy": 0.64596,
    "macro avg": {
        "precision": 0.6333213982404083,
        "recall": 0.630120469936511,
        "f1-score": 0.6271165610997157,
        "support": 25000.0
    },
    "weighted avg": {
        "precision": 0.6284571633709636,
        "recall": 0.64596,
        "f1-score": 0.6328586276915701,
        "support": 25000.0
    },
    "roc_auc": null,
    "model": "LogisticRegression",
    "params": {
        "max_iter": 1500,
        "random_state": 42,
        "penalty": "l2",
        "solver": "lbfgs",
        "C": 0.7
    },
    "mode": "training"
}