{
    "0": {
        "precision": 0.6187660668380462,
        "recall": 0.6660210293303819,
        "f1-score": 0.6415245202558635,
        "support": 3614.0
    },
    "1": {
        "precision": 0.47201051248357423,
        "recall": 0.535001489425082,
        "f1-score": 0.5015358838313321,
        "support": 3357.0
    },
    "2": {
        "precision": 0.6059749697214373,
        "recall": 0.7151024297284421,
        "f1-score": 0.6560314685314685,
        "support": 2099.0
    },
    "3": {
        "precision": 0.6510067114093959,
        "recall": 0.47549019607843135,
        "f1-score": 0.5495750708215298,
        "support": 204.0
    },
    "4": {
        "precision": 0.5026269702276708,
        "recall": 0.40709219858156026,
        "f1-score": 0.4498432601880878,
        "support": 705.0
    },
    "5": {
        "precision": 0.5125657510227937,
        "recall": 0.5069364161849711,
        "f1-score": 0.5097355419936065,
        "support": 1730.0
    },
    "6": {
        "precision": 0.6076909812036558,
        "recall": 0.6516272189349113,
        "f1-score": 0.6288926563754796,
        "support": 5408.0
    },
    "7": {
        "precision": 0.6396569828491424,
        "recall": 0.6869009584664537,
        "f1-score": 0.6624376982328953,
        "support": 5321.0
    },
    "8": {
        "precision": 0.29411764705882354,
        "recall": 0.1014832162373146,
        "f1-score": 0.15089959373186304,
        "support": 2562.0
    },
    "accuracy": 0.57616,
    "macro avg": {
        "precision": 0.5449351769793932,
        "recall": 0.5272950169963941,
        "f1-score": 0.5278306326624583,
        "support": 25000.0
    },
    "weighted avg": {
        "precision": 0.556405379746687,
        "recall": 0.57616,
        "f1-score": 0.560108726732801,
        "support": 25000.0
    },
    "roc_auc": null,
    "model": "LogisticRegression",
    "params": {
        "max_iter": 4000,
        "C": 0.9,
        "random_state": 42,
        "grid_search": false,
        "normalize": false
    },
    "mode": "training"
}