{
    "0": {
        "precision": 0.5920096852300242,
        "recall": 0.6485411140583555,
        "f1-score": 0.6189873417721519,
        "support": 754.0
    },
    "1": {
        "precision": 0.43706777316735823,
        "recall": 0.4869029275808937,
        "f1-score": 0.4606413994169096,
        "support": 649.0
    },
    "2": {
        "precision": 0.562992125984252,
        "recall": 0.7258883248730964,
        "f1-score": 0.6341463414634146,
        "support": 394.0
    },
    "3": {
        "precision": 0.4146341463414634,
        "recall": 0.38636363636363635,
        "f1-score": 0.4,
        "support": 44.0
    },
    "4": {
        "precision": 0.43243243243243246,
        "recall": 0.41025641025641024,
        "f1-score": 0.42105263157894735,
        "support": 156.0
    },
    "5": {
        "precision": 0.43832020997375326,
        "recall": 0.4664804469273743,
        "f1-score": 0.4519621109607578,
        "support": 358.0
    },
    "6": {
        "precision": 0.5850877192982457,
        "recall": 0.6025293586269196,
        "f1-score": 0.5936804628393414,
        "support": 1107.0
    },
    "7": {
        "precision": 0.6008928571428571,
        "recall": 0.6502415458937199,
        "f1-score": 0.6245939675174014,
        "support": 1035.0
    },
    "8": {
        "precision": 0.17699115044247787,
        "recall": 0.039761431411530816,
        "f1-score": 0.06493506493506493,
        "support": 503.0
    },
    "accuracy": 0.5398,
    "macro avg": {
        "precision": 0.47115867777920717,
        "recall": 0.49077391066577075,
        "f1-score": 0.47444436894266545,
        "support": 5000.0
    },
    "weighted avg": {
        "precision": 0.5106231886469036,
        "recall": 0.5398,
        "f1-score": 0.5193868790221257,
        "support": 5000.0
    },
    "roc_auc": {
        "0": 0.8950368016832194,
        "1": 0.8363045670035296,
        "2": 0.9500772552243707,
        "3": 0.9322400763078729,
        "4": 0.9138175167799445,
        "5": 0.8908905571909622,
        "6": 0.8642067352260132,
        "7": 0.8830874012342295,
        "8": 0.6310652871739986
    },
    "model": "LogisticRegression",
    "params": {
        "max_iter": 2000,
        "C": 0.9,
        "random_state": 42,
        "grid_search": false,
        "normalize": false
    },
    "mode": "training"
}