{
    "0": {
        "precision": 0.6187161639597835,
        "recall": 0.6640841173215274,
        "f1-score": 0.6405978913652742,
        "support": 3614.0
    },
    "1": {
        "precision": 0.4727801268498943,
        "recall": 0.5329162943103962,
        "f1-score": 0.5010502730709985,
        "support": 3357.0
    },
    "2": {
        "precision": 0.6063055780113177,
        "recall": 0.7146260123868509,
        "f1-score": 0.656024491581019,
        "support": 2099.0
    },
    "3": {
        "precision": 0.6395348837209303,
        "recall": 0.5392156862745098,
        "f1-score": 0.5851063829787234,
        "support": 204.0
    },
    "4": {
        "precision": 0.49828178694158076,
        "recall": 0.41134751773049644,
        "f1-score": 0.4506604506604507,
        "support": 705.0
    },
    "5": {
        "precision": 0.5090696313633704,
        "recall": 0.5028901734104047,
        "f1-score": 0.5059610351846467,
        "support": 1730.0
    },
    "6": {
        "precision": 0.6066873491899345,
        "recall": 0.650887573964497,
        "f1-score": 0.6280107047279215,
        "support": 5408.0
    },
    "7": {
        "precision": 0.6407511407511407,
        "recall": 0.6861492200714151,
        "f1-score": 0.662673563844269,
        "support": 5321.0
    },
    "8": {
        "precision": 0.2922222222222222,
        "recall": 0.10265417642466823,
        "f1-score": 0.15193529751588677,
        "support": 2562.0
    },
    "accuracy": 0.57572,
    "macro avg": {
        "precision": 0.5427054314455748,
        "recall": 0.5338634190994184,
        "f1-score": 0.5313355656587988,
        "support": 25000.0
    },
    "weighted avg": {
        "precision": 0.5558927234660938,
        "recall": 0.57572,
        "f1-score": 0.5599263208501749,
        "support": 25000.0
    },
    "roc_auc": null,
    "model": "LogisticRegression",
    "params": {
        "max_iter": 2000,
        "C": 0.9,
        "random_state": 42,
        "grid_search": false,
        "normalize": true
    },
    "mode": "training"
}