{
    "0": {
        "precision": 0.6155424467812259,
        "recall": 0.6640841173215274,
        "f1-score": 0.6388925861839478,
        "support": 3614.0
    },
    "1": {
        "precision": 0.46431292862585727,
        "recall": 0.5445338099493595,
        "f1-score": 0.5012338908692076,
        "support": 3357.0
    },
    "2": {
        "precision": 0.6007179896290387,
        "recall": 0.7174845164363983,
        "f1-score": 0.6539296569691706,
        "support": 2099.0
    },
    "3": {
        "precision": 0.7619047619047619,
        "recall": 0.3137254901960784,
        "f1-score": 0.4444444444444444,
        "support": 204.0
    },
    "4": {
        "precision": 0.5430327868852459,
        "recall": 0.375886524822695,
        "f1-score": 0.44425817267393125,
        "support": 705.0
    },
    "5": {
        "precision": 0.5096774193548387,
        "recall": 0.5023121387283237,
        "f1-score": 0.5059679767103348,
        "support": 1730.0
    },
    "6": {
        "precision": 0.6050824175824175,
        "recall": 0.6516272189349113,
        "f1-score": 0.6274928774928775,
        "support": 5408.0
    },
    "7": {
        "precision": 0.6389033489501995,
        "recall": 0.6919751926329637,
        "f1-score": 0.6643810898592566,
        "support": 5321.0
    },
    "8": {
        "precision": 0.2938209331651955,
        "recall": 0.09094457455113193,
        "f1-score": 0.13889716840536512,
        "support": 2562.0
    },
    "accuracy": 0.57484,
    "macro avg": {
        "precision": 0.5592216703198645,
        "recall": 0.5058415092859322,
        "f1-score": 0.5132775404009484,
        "support": 25000.0
    },
    "weighted avg": {
        "precision": 0.5555537700312482,
        "recall": 0.57484,
        "f1-score": 0.5571159764913123,
        "support": 25000.0
    },
    "roc_auc": null,
    "model": "LogisticRegression",
    "params": {
        "max_iter": 4000,
        "C": 0.1,
        "random_state": 42,
        "grid_search": false,
        "normalize": false
    },
    "mode": "training"
}