{
    "0": {
        "precision": 0.5793184488836662,
        "recall": 0.6538461538461539,
        "f1-score": 0.6143302180685358,
        "support": 754.0
    },
    "1": {
        "precision": 0.42555994729907776,
        "recall": 0.49768875192604006,
        "f1-score": 0.4588068181818182,
        "support": 649.0
    },
    "2": {
        "precision": 0.5634920634920635,
        "recall": 0.7208121827411168,
        "f1-score": 0.6325167037861915,
        "support": 394.0
    },
    "3": {
        "precision": 0.5416666666666666,
        "recall": 0.29545454545454547,
        "f1-score": 0.38235294117647056,
        "support": 44.0
    },
    "4": {
        "precision": 0.5272727272727272,
        "recall": 0.3717948717948718,
        "f1-score": 0.43609022556390975,
        "support": 156.0
    },
    "5": {
        "precision": 0.43169398907103823,
        "recall": 0.441340782122905,
        "f1-score": 0.43646408839779005,
        "support": 358.0
    },
    "6": {
        "precision": 0.5847750865051903,
        "recall": 0.6106594399277326,
        "f1-score": 0.5974370304904993,
        "support": 1107.0
    },
    "7": {
        "precision": 0.6035555555555555,
        "recall": 0.6560386473429952,
        "f1-score": 0.6287037037037037,
        "support": 1035.0
    },
    "8": {
        "precision": 0.2,
        "recall": 0.041749502982107355,
        "f1-score": 0.06907894736842106,
        "support": 503.0
    },
    "accuracy": 0.541,
    "macro avg": {
        "precision": 0.4952593871939984,
        "recall": 0.4765983197931632,
        "f1-score": 0.47286451963748216,
        "support": 5000.0
    },
    "weighted avg": {
        "precision": 0.513654147381563,
        "recall": 0.541,
        "f1-score": 0.5196215551148422,
        "support": 5000.0
    },
    "roc_auc": {
        "0": 0.8973094977204321,
        "1": 0.8389527724884099,
        "2": 0.951932592888111,
        "3": 0.9365002934918188,
        "4": 0.9184147981113298,
        "5": 0.8933691411186182,
        "6": 0.865490859720653,
        "7": 0.884440545595214,
        "8": 0.6335215303686
    },
    "model": "LogisticRegression",
    "params": {
        "max_iter": 4000,
        "C": 0.1,
        "random_state": 42,
        "grid_search": false,
        "normalize": false
    },
    "mode": "training"
}