{
    "processing_time_seconds": 13.58548092842102,
    "memory_usage_mb": 7.359375,
    "successful_samples": 5000,
    "total_samples": 5000,
    "error_rate": 0.0,
    "samples_per_second": 368.03997049084427,
    "timestamp": "2025-06-05 11:52:40"
}