{
    "processing_time_seconds": 66.56910109519958,
    "memory_usage_mb": -74.25,
    "successful_samples": 25000,
    "total_samples": 25000,
    "error_rate": 0.0,
    "samples_per_second": 375.54961068571185,
    "timestamp": "2025-06-05 11:52:22"
}