{
    "0": {
        "precision": 0.589588377723971,
        "recall": 0.6458885941644562,
        "f1-score": 0.6164556962025316,
        "support": 754.0
    },
    "1": {
        "precision": 0.43546099290780144,
        "recall": 0.47303543913713403,
        "f1-score": 0.4534711964549483,
        "support": 649.0
    },
    "2": {
        "precision": 0.562874251497006,
        "recall": 0.7157360406091371,
        "f1-score": 0.6301675977653631,
        "support": 394.0
    },
    "3": {
        "precision": 0.3333333333333333,
        "recall": 0.45454545454545453,
        "f1-score": 0.38461538461538464,
        "support": 44.0
    },
    "4": {
        "precision": 0.42138364779874216,
        "recall": 0.42948717948717946,
        "f1-score": 0.4253968253968254,
        "support": 156.0
    },
    "5": {
        "precision": 0.4375,
        "recall": 0.4692737430167598,
        "f1-score": 0.4528301886792453,
        "support": 358.0
    },
    "6": {
        "precision": 0.5850220264317181,
        "recall": 0.5998193315266486,
        "f1-score": 0.592328278322926,
        "support": 1107.0
    },
    "7": {
        "precision": 0.6019677996422182,
        "recall": 0.6502415458937199,
        "f1-score": 0.6251741755689735,
        "support": 1035.0
    },
    "8": {
        "precision": 0.16964285714285715,
        "recall": 0.03777335984095427,
        "f1-score": 0.061788617886178863,
        "support": 503.0
    },
    "accuracy": 0.5374,
    "macro avg": {
        "precision": 0.45964147627529417,
        "recall": 0.49731118758016035,
        "f1-score": 0.47135866232137513,
        "support": 5000.0
    },
    "weighted avg": {
        "precision": 0.5083900410093186,
        "recall": 0.5374,
        "f1-score": 0.517327394960358,
        "support": 5000.0
    },
    "model": "LogisticRegression"
}