{
    "0": {
        "precision": 0.4742268041237113,
        "recall": 0.43260188087774293,
        "f1-score": 0.4524590163934426,
        "support": 319.0
    },
    "1": {
        "precision": 0.4987405541561713,
        "recall": 0.5089974293059126,
        "f1-score": 0.5038167938931297,
        "support": 389.0
    },
    "2": {
        "precision": 0.4506329113924051,
        "recall": 0.4517766497461929,
        "f1-score": 0.4512040557667934,
        "support": 394.0
    },
    "3": {
        "precision": 0.42780748663101603,
        "recall": 0.40816326530612246,
        "f1-score": 0.4177545691906005,
        "support": 392.0
    },
    "4": {
        "precision": 0.48441926345609065,
        "recall": 0.44415584415584414,
        "f1-score": 0.4634146341463415,
        "support": 385.0
    },
    "5": {
        "precision": 0.5569948186528497,
        "recall": 0.5443037974683544,
        "f1-score": 0.5505761843790012,
        "support": 395.0
    },
    "6": {
        "precision": 0.545,
        "recall": 0.558974358974359,
        "f1-score": 0.5518987341772152,
        "support": 390.0
    },
    "7": {
        "precision": 0.6256410256410256,
        "recall": 0.6161616161616161,
        "f1-score": 0.6208651399491094,
        "support": 396.0
    },
    "8": {
        "precision": 0.5985221674876847,
        "recall": 0.6105527638190955,
        "f1-score": 0.6044776119402985,
        "support": 398.0
    },
    "9": {
        "precision": 0.7349397590361446,
        "recall": 0.7682619647355163,
        "f1-score": 0.7512315270935961,
        "support": 397.0
    },
    "10": {
        "precision": 0.7794117647058824,
        "recall": 0.7969924812030075,
        "f1-score": 0.7881040892193308,
        "support": 399.0
    },
    "11": {
        "precision": 0.7,
        "recall": 0.6540404040404041,
        "f1-score": 0.6762402088772846,
        "support": 396.0
    },
    "12": {
        "precision": 0.4505208333333333,
        "recall": 0.4402035623409669,
        "f1-score": 0.4453024453024453,
        "support": 393.0
    },
    "13": {
        "precision": 0.7472826086956522,
        "recall": 0.6944444444444444,
        "f1-score": 0.7198952879581152,
        "support": 396.0
    },
    "14": {
        "precision": 0.6567901234567901,
        "recall": 0.6751269035532995,
        "f1-score": 0.6658322903629537,
        "support": 394.0
    },
    "15": {
        "precision": 0.5458515283842795,
        "recall": 0.628140703517588,
        "f1-score": 0.5841121495327103,
        "support": 398.0
    },
    "16": {
        "precision": 0.553030303030303,
        "recall": 0.6016483516483516,
        "f1-score": 0.5763157894736842,
        "support": 364.0
    },
    "17": {
        "precision": 0.7387862796833773,
        "recall": 0.7446808510638298,
        "f1-score": 0.7417218543046358,
        "support": 376.0
    },
    "18": {
        "precision": 0.43234323432343236,
        "recall": 0.42258064516129035,
        "f1-score": 0.4274061990212072,
        "support": 310.0
    },
    "19": {
        "precision": 0.2795275590551181,
        "recall": 0.28286852589641437,
        "f1-score": 0.2811881188118812,
        "support": 251.0
    },
    "accuracy": 0.5724907063197026,
    "macro avg": {
        "precision": 0.5640234512622635,
        "recall": 0.5642338221710177,
        "f1-score": 0.563690834989689,
        "support": 7532.0
    },
    "weighted avg": {
        "precision": 0.5719333581926537,
        "recall": 0.5724907063197026,
        "f1-score": 0.5717673651159993,
        "support": 7532.0
    },
    "roc_auc": {
        "0": 0.9199651274018915,
        "1": 0.9187130910338092,
        "2": 0.9060259453585799,
        "3": 0.9099307580174928,
        "4": 0.9060988263170996,
        "5": 0.9404930270670051,
        "6": 0.943324429700795,
        "7": 0.9472297951487975,
        "8": 0.9481240658013926,
        "9": 0.9800525666394242,
        "10": 0.9827667444230934,
        "11": 0.9530354696063776,
        "12": 0.8937656359879628,
        "13": 0.9601610980885086,
        "14": 0.9458183341321845,
        "15": 0.9599856585985719,
        "16": 0.9398087961145997,
        "17": 0.9739561653366315,
        "18": 0.8766055332719914,
        "19": 0.895482484291648
    },
    "model": "LogisticRegression",
    "params": {
        "max_iter": 200,
        "random_state": 42,
        "C": 0.9
    },
    "mode": "training"
}