{
    "0": {
        "precision": 0.6902286902286903,
        "recall": 0.6916666666666667,
        "f1-score": 0.6909469302809573,
        "support": 480.0
    },
    "1": {
        "precision": 0.6309523809523809,
        "recall": 0.6352739726027398,
        "f1-score": 0.6331058020477816,
        "support": 584.0
    },
    "2": {
        "precision": 0.658273381294964,
        "recall": 0.6192893401015228,
        "f1-score": 0.6381865736704446,
        "support": 591.0
    },
    "3": {
        "precision": 0.6133093525179856,
        "recall": 0.5779661016949152,
        "f1-score": 0.5951134380453752,
        "support": 590.0
    },
    "4": {
        "precision": 0.6325088339222615,
        "recall": 0.6193771626297578,
        "f1-score": 0.6258741258741258,
        "support": 578.0
    },
    "5": {
        "precision": 0.7089678510998308,
        "recall": 0.7065767284991569,
        "f1-score": 0.7077702702702703,
        "support": 593.0
    },
    "6": {
        "precision": 0.6811819595645412,
        "recall": 0.7487179487179487,
        "f1-score": 0.7133550488599348,
        "support": 585.0
    },
    "7": {
        "precision": 0.7408637873754153,
        "recall": 0.7508417508417509,
        "f1-score": 0.745819397993311,
        "support": 594.0
    },
    "8": {
        "precision": 0.760797342192691,
        "recall": 0.7658862876254181,
        "f1-score": 0.7633333333333333,
        "support": 598.0
    },
    "9": {
        "precision": 0.8631921824104235,
        "recall": 0.8877721943048577,
        "f1-score": 0.8753096614368291,
        "support": 597.0
    },
    "10": {
        "precision": 0.8870151770657673,
        "recall": 0.8766666666666667,
        "f1-score": 0.8818105616093881,
        "support": 600.0
    },
    "11": {
        "precision": 0.8426229508196721,
        "recall": 0.8638655462184874,
        "f1-score": 0.8531120331950207,
        "support": 595.0
    },
    "12": {
        "precision": 0.6530249110320284,
        "recall": 0.6209813874788495,
        "f1-score": 0.6366001734605378,
        "support": 591.0
    },
    "13": {
        "precision": 0.8515497553017944,
        "recall": 0.8787878787878788,
        "f1-score": 0.8649544324772163,
        "support": 594.0
    },
    "14": {
        "precision": 0.7645161290322581,
        "recall": 0.7993254637436762,
        "f1-score": 0.7815333882934872,
        "support": 593.0
    },
    "15": {
        "precision": 0.7242472266244057,
        "recall": 0.7629382303839732,
        "f1-score": 0.7430894308943089,
        "support": 599.0
    },
    "16": {
        "precision": 0.7894736842105263,
        "recall": 0.7967032967032966,
        "f1-score": 0.7930720145852325,
        "support": 546.0
    },
    "17": {
        "precision": 0.8838028169014085,
        "recall": 0.8900709219858156,
        "f1-score": 0.8869257950530035,
        "support": 564.0
    },
    "18": {
        "precision": 0.7484008528784648,
        "recall": 0.7548387096774194,
        "f1-score": 0.7516059957173448,
        "support": 465.0
    },
    "19": {
        "precision": 0.6510067114093959,
        "recall": 0.5145888594164456,
        "f1-score": 0.5748148148148148,
        "support": 377.0
    },
    "accuracy": 0.7425313770549762,
    "macro avg": {
        "precision": 0.7387967988417452,
        "recall": 0.7381067557373621,
        "f1-score": 0.7378166610956358,
        "support": 11314.0
    },
    "weighted avg": {
        "precision": 0.7407633647529033,
        "recall": 0.7425313770549762,
        "f1-score": 0.7411354156530597,
        "support": 11314.0
    },
    "roc_auc": null,
    "model": "LogisticRegression",
    "params": {
        "max_iter": 200,
        "random_state": 42,
        "C": 0.9
    },
    "mode": "training"
}