{
    "0": {
        "precision": 0.6855345911949685,
        "recall": 0.68125,
        "f1-score": 0.6833855799373041,
        "support": 480.0
    },
    "1": {
        "precision": 0.6040268456375839,
        "recall": 0.6164383561643836,
        "f1-score": 0.6101694915254238,
        "support": 584.0
    },
    "2": {
        "precision": 0.6347826086956522,
        "recall": 0.6175972927241963,
        "f1-score": 0.6260720411663808,
        "support": 591.0
    },
    "3": {
        "precision": 0.611214953271028,
        "recall": 0.5542372881355933,
        "f1-score": 0.5813333333333334,
        "support": 590.0
    },
    "4": {
        "precision": 0.6425992779783394,
        "recall": 0.615916955017301,
        "f1-score": 0.6289752650176679,
        "support": 578.0
    },
    "5": {
        "precision": 0.6904761904761905,
        "recall": 0.684654300168634,
        "f1-score": 0.6875529212531752,
        "support": 593.0
    },
    "6": {
        "precision": 0.6681957186544343,
        "recall": 0.747008547008547,
        "f1-score": 0.705407586763519,
        "support": 585.0
    },
    "7": {
        "precision": 0.7218543046357616,
        "recall": 0.734006734006734,
        "f1-score": 0.7278797996661102,
        "support": 594.0
    },
    "8": {
        "precision": 0.75,
        "recall": 0.7575250836120402,
        "f1-score": 0.7537437603993344,
        "support": 598.0
    },
    "9": {
        "precision": 0.8543046357615894,
        "recall": 0.864321608040201,
        "f1-score": 0.8592839300582847,
        "support": 597.0
    },
    "10": {
        "precision": 0.8779661016949153,
        "recall": 0.8633333333333333,
        "f1-score": 0.8705882352941177,
        "support": 600.0
    },
    "11": {
        "precision": 0.8374792703150912,
        "recall": 0.8487394957983193,
        "f1-score": 0.8430717863105175,
        "support": 595.0
    },
    "12": {
        "precision": 0.6412078152753108,
        "recall": 0.61082910321489,
        "f1-score": 0.6256499133448874,
        "support": 591.0
    },
    "13": {
        "precision": 0.8327922077922078,
        "recall": 0.8636363636363636,
        "f1-score": 0.8479338842975207,
        "support": 594.0
    },
    "14": {
        "precision": 0.7587859424920128,
        "recall": 0.8010118043844857,
        "f1-score": 0.7793273174733388,
        "support": 593.0
    },
    "15": {
        "precision": 0.7192429022082019,
        "recall": 0.7612687813021702,
        "f1-score": 0.7396593673965937,
        "support": 599.0
    },
    "16": {
        "precision": 0.7810760667903525,
        "recall": 0.7710622710622711,
        "f1-score": 0.776036866359447,
        "support": 546.0
    },
    "17": {
        "precision": 0.8591304347826086,
        "recall": 0.875886524822695,
        "f1-score": 0.8674275680421423,
        "support": 564.0
    },
    "18": {
        "precision": 0.7397849462365591,
        "recall": 0.7397849462365591,
        "f1-score": 0.7397849462365591,
        "support": 465.0
    },
    "19": {
        "precision": 0.6121794871794872,
        "recall": 0.506631299734748,
        "f1-score": 0.5544267053701016,
        "support": 377.0
    },
    "accuracy": 0.7301573272052324,
    "macro avg": {
        "precision": 0.7261317150536146,
        "recall": 0.7257570044201733,
        "f1-score": 0.725385514962288,
        "support": 11314.0
    },
    "weighted avg": {
        "precision": 0.7284744346047165,
        "recall": 0.7301573272052324,
        "f1-score": 0.7288275490434515,
        "support": 11314.0
    },
    "roc_auc": null,
    "model": "LogisticRegression",
    "params": {
        "max_iter": 1000,
        "random_state": 42,
        "C": 0.8,
        "tol": 0.0009
    },
    "mode": "training"
}