{
    "0": {
        "precision": 0.653276955602537,
        "recall": 0.64375,
        "f1-score": 0.6484784889821616,
        "support": 480.0
    },
    "1": {
        "precision": 0.6104347826086957,
        "recall": 0.601027397260274,
        "f1-score": 0.6056945642795514,
        "support": 584.0
    },
    "2": {
        "precision": 0.6067615658362989,
        "recall": 0.5769881556683587,
        "f1-score": 0.5915004336513443,
        "support": 591.0
    },
    "3": {
        "precision": 0.538860103626943,
        "recall": 0.5288135593220339,
        "f1-score": 0.5337895637296834,
        "support": 590.0
    },
    "4": {
        "precision": 0.6177024482109228,
        "recall": 0.5674740484429066,
        "f1-score": 0.5915238954012624,
        "support": 578.0
    },
    "5": {
        "precision": 0.6559322033898305,
        "recall": 0.6526138279932546,
        "f1-score": 0.6542688081149619,
        "support": 593.0
    },
    "6": {
        "precision": 0.6618589743589743,
        "recall": 0.705982905982906,
        "f1-score": 0.6832092638544252,
        "support": 585.0
    },
    "7": {
        "precision": 0.7189097103918228,
        "recall": 0.7104377104377104,
        "f1-score": 0.7146486028789162,
        "support": 594.0
    },
    "8": {
        "precision": 0.7080645161290322,
        "recall": 0.7341137123745819,
        "f1-score": 0.7208538587848933,
        "support": 598.0
    },
    "9": {
        "precision": 0.8417508417508418,
        "recall": 0.8375209380234506,
        "f1-score": 0.8396305625524769,
        "support": 597.0
    },
    "10": {
        "precision": 0.8573853989813243,
        "recall": 0.8416666666666667,
        "f1-score": 0.8494533221194281,
        "support": 600.0
    },
    "11": {
        "precision": 0.8036006546644845,
        "recall": 0.8252100840336134,
        "f1-score": 0.814262023217247,
        "support": 595.0
    },
    "12": {
        "precision": 0.6284153005464481,
        "recall": 0.583756345177665,
        "f1-score": 0.6052631578947368,
        "support": 591.0
    },
    "13": {
        "precision": 0.8161290322580645,
        "recall": 0.8518518518518519,
        "f1-score": 0.8336079077429983,
        "support": 594.0
    },
    "14": {
        "precision": 0.7313195548489666,
        "recall": 0.7757166947723441,
        "f1-score": 0.7528641571194763,
        "support": 593.0
    },
    "15": {
        "precision": 0.6877897990726429,
        "recall": 0.7429048414023373,
        "f1-score": 0.7142857142857143,
        "support": 599.0
    },
    "16": {
        "precision": 0.7341772151898734,
        "recall": 0.7435897435897436,
        "f1-score": 0.7388535031847133,
        "support": 546.0
    },
    "17": {
        "precision": 0.784219001610306,
        "recall": 0.8634751773049646,
        "f1-score": 0.8219409282700422,
        "support": 564.0
    },
    "18": {
        "precision": 0.6893617021276596,
        "recall": 0.6967741935483871,
        "f1-score": 0.6930481283422459,
        "support": 465.0
    },
    "19": {
        "precision": 0.5724137931034483,
        "recall": 0.4403183023872679,
        "f1-score": 0.49775112443778113,
        "support": 377.0
    },
    "accuracy": 0.7015202404101114,
    "macro avg": {
        "precision": 0.6959181777154558,
        "recall": 0.6961993078120161,
        "f1-score": 0.6952464004422032,
        "support": 11314.0
    },
    "weighted avg": {
        "precision": 0.6988401698215205,
        "recall": 0.7015202404101114,
        "f1-score": 0.6995001074121223,
        "support": 11314.0
    },
    "roc_auc": null,
    "model": "LogisticRegression",
    "params": {
        "max_iter": 2000,
        "random_state": 42,
        "C": 0.5,
        "tol": 0.0035
    },
    "mode": "training"
}