{
    "0": {
        "precision": 0.6875,
        "recall": 0.6875,
        "f1-score": 0.6875,
        "support": 480.0
    },
    "1": {
        "precision": 0.6303236797274276,
        "recall": 0.6335616438356164,
        "f1-score": 0.6319385140905209,
        "support": 584.0
    },
    "2": {
        "precision": 0.655417406749556,
        "recall": 0.6243654822335025,
        "f1-score": 0.6395147313691508,
        "support": 591.0
    },
    "3": {
        "precision": 0.6144144144144145,
        "recall": 0.5779661016949152,
        "f1-score": 0.5956331877729257,
        "support": 590.0
    },
    "4": {
        "precision": 0.6334519572953736,
        "recall": 0.615916955017301,
        "f1-score": 0.624561403508772,
        "support": 578.0
    },
    "5": {
        "precision": 0.7094594594594594,
        "recall": 0.7082630691399663,
        "f1-score": 0.7088607594936709,
        "support": 593.0
    },
    "6": {
        "precision": 0.6785714285714286,
        "recall": 0.747008547008547,
        "f1-score": 0.7111472742066721,
        "support": 585.0
    },
    "7": {
        "precision": 0.7462437395659433,
        "recall": 0.7525252525252525,
        "f1-score": 0.7493713327745181,
        "support": 594.0
    },
    "8": {
        "precision": 0.7615894039735099,
        "recall": 0.7692307692307693,
        "f1-score": 0.7653910149750416,
        "support": 598.0
    },
    "9": {
        "precision": 0.8611111111111112,
        "recall": 0.8827470686767169,
        "f1-score": 0.8717948717948718,
        "support": 597.0
    },
    "10": {
        "precision": 0.8913412563667232,
        "recall": 0.875,
        "f1-score": 0.8830950378469302,
        "support": 600.0
    },
    "11": {
        "precision": 0.8456486042692939,
        "recall": 0.865546218487395,
        "f1-score": 0.8554817275747508,
        "support": 595.0
    },
    "12": {
        "precision": 0.6571936056838366,
        "recall": 0.626057529610829,
        "f1-score": 0.6412478336221837,
        "support": 591.0
    },
    "13": {
        "precision": 0.8529411764705882,
        "recall": 0.8787878787878788,
        "f1-score": 0.8656716417910447,
        "support": 594.0
    },
    "14": {
        "precision": 0.7689822294022617,
        "recall": 0.8026981450252951,
        "f1-score": 0.7854785478547854,
        "support": 593.0
    },
    "15": {
        "precision": 0.7242472266244057,
        "recall": 0.7629382303839732,
        "f1-score": 0.7430894308943089,
        "support": 599.0
    },
    "16": {
        "precision": 0.7948717948717948,
        "recall": 0.7948717948717948,
        "f1-score": 0.7948717948717948,
        "support": 546.0
    },
    "17": {
        "precision": 0.8838028169014085,
        "recall": 0.8900709219858156,
        "f1-score": 0.8869257950530035,
        "support": 564.0
    },
    "18": {
        "precision": 0.7478813559322034,
        "recall": 0.7591397849462366,
        "f1-score": 0.7534685165421559,
        "support": 465.0
    },
    "19": {
        "precision": 0.6319218241042345,
        "recall": 0.5145888594164456,
        "f1-score": 0.5672514619883041,
        "support": 377.0
    },
    "accuracy": 0.7428849213363974,
    "macro avg": {
        "precision": 0.7388457245747488,
        "recall": 0.7384392126439125,
        "f1-score": 0.7381147439012703,
        "support": 11314.0
    },
    "weighted avg": {
        "precision": 0.7411937092461648,
        "recall": 0.7428849213363974,
        "f1-score": 0.7416024506471937,
        "support": 11314.0
    },
    "roc_auc": null,
    "model": "LogisticRegression",
    "params": {
        "max_iter": 1000,
        "random_state": 42,
        "C": 0.8,
        "tol": 0.0001
    },
    "mode": "training"
}