{
    "0": {
        "precision": 0.47985347985347987,
        "recall": 0.4106583072100313,
        "f1-score": 0.44256756756756754,
        "support": 319.0
    },
    "1": {
        "precision": 0.5012658227848101,
        "recall": 0.5089974293059126,
        "f1-score": 0.5051020408163265,
        "support": 389.0
    },
    "2": {
        "precision": 0.44786729857819907,
        "recall": 0.4796954314720812,
        "f1-score": 0.4632352941176471,
        "support": 394.0
    },
    "3": {
        "precision": 0.4260204081632653,
        "recall": 0.4260204081632653,
        "f1-score": 0.4260204081632653,
        "support": 392.0
    },
    "4": {
        "precision": 0.4700854700854701,
        "recall": 0.42857142857142855,
        "f1-score": 0.4483695652173913,
        "support": 385.0
    },
    "5": {
        "precision": 0.5526315789473685,
        "recall": 0.5316455696202531,
        "f1-score": 0.5419354838709678,
        "support": 395.0
    },
    "6": {
        "precision": 0.5558375634517766,
        "recall": 0.5615384615384615,
        "f1-score": 0.5586734693877551,
        "support": 390.0
    },
    "7": {
        "precision": 0.6221662468513854,
        "recall": 0.6237373737373737,
        "f1-score": 0.6229508196721312,
        "support": 396.0
    },
    "8": {
        "precision": 0.6119402985074627,
        "recall": 0.6180904522613065,
        "f1-score": 0.615,
        "support": 398.0
    },
    "9": {
        "precision": 0.7232558139534884,
        "recall": 0.783375314861461,
        "f1-score": 0.7521160822249093,
        "support": 397.0
    },
    "10": {
        "precision": 0.8090185676392573,
        "recall": 0.7644110275689223,
        "f1-score": 0.7860824742268041,
        "support": 399.0
    },
    "11": {
        "precision": 0.6863270777479893,
        "recall": 0.6464646464646465,
        "f1-score": 0.6657997399219766,
        "support": 396.0
    },
    "12": {
        "precision": 0.45384615384615384,
        "recall": 0.45038167938931295,
        "f1-score": 0.4521072796934866,
        "support": 393.0
    },
    "13": {
        "precision": 0.7526881720430108,
        "recall": 0.7070707070707071,
        "f1-score": 0.7291666666666666,
        "support": 396.0
    },
    "14": {
        "precision": 0.6945169712793734,
        "recall": 0.6751269035532995,
        "f1-score": 0.6846846846846847,
        "support": 394.0
    },
    "15": {
        "precision": 0.5426829268292683,
        "recall": 0.6708542713567839,
        "f1-score": 0.6,
        "support": 398.0
    },
    "16": {
        "precision": 0.5463659147869674,
        "recall": 0.5989010989010989,
        "f1-score": 0.5714285714285714,
        "support": 364.0
    },
    "17": {
        "precision": 0.767379679144385,
        "recall": 0.7632978723404256,
        "f1-score": 0.7653333333333333,
        "support": 376.0
    },
    "18": {
        "precision": 0.41830065359477125,
        "recall": 0.4129032258064516,
        "f1-score": 0.4155844155844156,
        "support": 310.0
    },
    "19": {
        "precision": 0.32608695652173914,
        "recall": 0.29880478087649404,
        "f1-score": 0.31185031185031187,
        "support": 251.0
    },
    "accuracy": 0.5764737121614445,
    "macro avg": {
        "precision": 0.5694068527304811,
        "recall": 0.568027319503486,
        "f1-score": 0.5679004104214106,
        "support": 7532.0
    },
    "weighted avg": {
        "precision": 0.5767667949229109,
        "recall": 0.5764737121614445,
        "f1-score": 0.5758052278539827,
        "support": 7532.0
    },
    "roc_auc": {
        "0": 0.9211050928161318,
        "1": 0.9206471397564336,
        "2": 0.9126513135531145,
        "3": 0.9154640427599612,
        "4": 0.9100158271838698,
        "5": 0.941137555580386,
        "6": 0.9452017319001358,
        "7": 0.9491010865380259,
        "8": 0.9511832360569318,
        "9": 0.9800903411889099,
        "10": 0.9834325755507513,
        "11": 0.9509550380486479,
        "12": 0.8995532905835308,
        "13": 0.9641223756624542,
        "14": 0.9489914563222788,
        "15": 0.9634216780566696,
        "16": 0.9407654287676608,
        "17": 0.9758118466277369,
        "18": 0.8840080935492804,
        "19": 0.9038506049965774
    },
    "model": "LogisticRegression",
    "params": {
        "max_iter": 1000,
        "random_state": 42,
        "C": 0.8,
        "tol": 0.0035
    },
    "mode": "training"
}