{
    "0": {
        "precision": 0.6601307189542484,
        "recall": 0.63125,
        "f1-score": 0.645367412140575,
        "support": 480.0
    },
    "1": {
        "precision": 0.6111111111111112,
        "recall": 0.6027397260273972,
        "f1-score": 0.6068965517241379,
        "support": 584.0
    },
    "2": {
        "precision": 0.5945945945945946,
        "recall": 0.5956006768189509,
        "f1-score": 0.5950972104818258,
        "support": 591.0
    },
    "3": {
        "precision": 0.5580110497237569,
        "recall": 0.5135593220338983,
        "f1-score": 0.5348631950573698,
        "support": 590.0
    },
    "4": {
        "precision": 0.6032315978456014,
        "recall": 0.5813148788927336,
        "f1-score": 0.5920704845814978,
        "support": 578.0
    },
    "5": {
        "precision": 0.6609294320137694,
        "recall": 0.6475548060708263,
        "f1-score": 0.6541737649063032,
        "support": 593.0
    },
    "6": {
        "precision": 0.6520376175548589,
        "recall": 0.7111111111111111,
        "f1-score": 0.6802943581357318,
        "support": 585.0
    },
    "7": {
        "precision": 0.7116357504215851,
        "recall": 0.7104377104377104,
        "f1-score": 0.7110362257792755,
        "support": 594.0
    },
    "8": {
        "precision": 0.7037037037037037,
        "recall": 0.7307692307692307,
        "f1-score": 0.7169811320754716,
        "support": 598.0
    },
    "9": {
        "precision": 0.8284313725490197,
        "recall": 0.8492462311557789,
        "f1-score": 0.8387096774193549,
        "support": 597.0
    },
    "10": {
        "precision": 0.8366013071895425,
        "recall": 0.8533333333333334,
        "f1-score": 0.8448844884488449,
        "support": 600.0
    },
    "11": {
        "precision": 0.8075657894736842,
        "recall": 0.8252100840336134,
        "f1-score": 0.8162926018287614,
        "support": 595.0
    },
    "12": {
        "precision": 0.6352087114337568,
        "recall": 0.5922165820642978,
        "f1-score": 0.6129597197898424,
        "support": 591.0
    },
    "13": {
        "precision": 0.8165584415584416,
        "recall": 0.8468013468013468,
        "f1-score": 0.8314049586776859,
        "support": 594.0
    },
    "14": {
        "precision": 0.7347266881028939,
        "recall": 0.7706576728499157,
        "f1-score": 0.7522633744855967,
        "support": 593.0
    },
    "15": {
        "precision": 0.6932707355242567,
        "recall": 0.7395659432387313,
        "f1-score": 0.715670436187399,
        "support": 599.0
    },
    "16": {
        "precision": 0.7472324723247232,
        "recall": 0.7417582417582418,
        "f1-score": 0.7444852941176471,
        "support": 546.0
    },
    "17": {
        "precision": 0.8249566724436742,
        "recall": 0.8439716312056738,
        "f1-score": 0.8343558282208589,
        "support": 564.0
    },
    "18": {
        "precision": 0.6952789699570815,
        "recall": 0.6967741935483871,
        "f1-score": 0.6960257787325457,
        "support": 465.0
    },
    "19": {
        "precision": 0.5436893203883495,
        "recall": 0.44562334217506633,
        "f1-score": 0.4897959183673469,
        "support": 377.0
    },
    "accuracy": 0.7018737846915326,
    "macro avg": {
        "precision": 0.6959453028434327,
        "recall": 0.6964748032163123,
        "f1-score": 0.6956814205579036,
        "support": 11314.0
    },
    "weighted avg": {
        "precision": 0.6991279156882204,
        "recall": 0.7018737846915326,
        "f1-score": 0.7000439795480996,
        "support": 11314.0
    },
    "roc_auc": null,
    "model": "LogisticRegression",
    "params": {
        "max_iter": 1000,
        "random_state": 42,
        "C": 0.8,
        "tol": 0.0035
    },
    "mode": "training"
}