{
    "0": {
        "precision": 0.4709897610921502,
        "recall": 0.43260188087774293,
        "f1-score": 0.45098039215686275,
        "support": 319.0
    },
    "1": {
        "precision": 0.5025641025641026,
        "recall": 0.5038560411311054,
        "f1-score": 0.503209242618742,
        "support": 389.0
    },
    "2": {
        "precision": 0.4466501240694789,
        "recall": 0.45685279187817257,
        "f1-score": 0.451693851944793,
        "support": 394.0
    },
    "3": {
        "precision": 0.4350132625994695,
        "recall": 0.41836734693877553,
        "f1-score": 0.4265279583875163,
        "support": 392.0
    },
    "4": {
        "precision": 0.48554913294797686,
        "recall": 0.43636363636363634,
        "f1-score": 0.45964432284541723,
        "support": 385.0
    },
    "5": {
        "precision": 0.5572916666666666,
        "recall": 0.5417721518987342,
        "f1-score": 0.5494223363286265,
        "support": 395.0
    },
    "6": {
        "precision": 0.5522388059701493,
        "recall": 0.5692307692307692,
        "f1-score": 0.5606060606060606,
        "support": 390.0
    },
    "7": {
        "precision": 0.6240409207161125,
        "recall": 0.6161616161616161,
        "f1-score": 0.6200762388818297,
        "support": 396.0
    },
    "8": {
        "precision": 0.5942028985507246,
        "recall": 0.6180904522613065,
        "f1-score": 0.6059113300492611,
        "support": 398.0
    },
    "9": {
        "precision": 0.738498789346247,
        "recall": 0.7682619647355163,
        "f1-score": 0.7530864197530864,
        "support": 397.0
    },
    "10": {
        "precision": 0.7880299251870324,
        "recall": 0.7919799498746867,
        "f1-score": 0.79,
        "support": 399.0
    },
    "11": {
        "precision": 0.6981132075471698,
        "recall": 0.6540404040404041,
        "f1-score": 0.6753585397653195,
        "support": 396.0
    },
    "12": {
        "precision": 0.45430809399477806,
        "recall": 0.44274809160305345,
        "f1-score": 0.4484536082474227,
        "support": 393.0
    },
    "13": {
        "precision": 0.7548209366391184,
        "recall": 0.6919191919191919,
        "f1-score": 0.7220026350461133,
        "support": 396.0
    },
    "14": {
        "precision": 0.6609336609336609,
        "recall": 0.682741116751269,
        "f1-score": 0.6716604244694132,
        "support": 394.0
    },
    "15": {
        "precision": 0.5506607929515418,
        "recall": 0.628140703517588,
        "f1-score": 0.5868544600938967,
        "support": 398.0
    },
    "16": {
        "precision": 0.5505050505050505,
        "recall": 0.5989010989010989,
        "f1-score": 0.5736842105263158,
        "support": 364.0
    },
    "17": {
        "precision": 0.7440633245382586,
        "recall": 0.75,
        "f1-score": 0.7470198675496689,
        "support": 376.0
    },
    "18": {
        "precision": 0.4290322580645161,
        "recall": 0.4290322580645161,
        "f1-score": 0.4290322580645161,
        "support": 310.0
    },
    "19": {
        "precision": 0.2784313725490196,
        "recall": 0.28286852589641437,
        "f1-score": 0.28063241106719367,
        "support": 251.0
    },
    "accuracy": 0.573951141795008,
    "macro avg": {
        "precision": 0.5657969043716612,
        "recall": 0.5656964996022799,
        "f1-score": 0.5652928284201029,
        "support": 7532.0
    },
    "weighted avg": {
        "precision": 0.5738745322705838,
        "recall": 0.573951141795008,
        "f1-score": 0.5734500492358381,
        "support": 7532.0
    },
    "roc_auc": {
        "0": 0.9198569110892167,
        "1": 0.919130563404156,
        "2": 0.9064192077008304,
        "3": 0.911002615331847,
        "4": 0.906300164086648,
        "5": 0.9403369497164891,
        "6": 0.9433448936949358,
        "7": 0.9478444761516511,
        "8": 0.948658346399787,
        "9": 0.9802520303820349,
        "10": 0.9830871866333435,
        "11": 0.9531179224985278,
        "12": 0.8943933031725173,
        "13": 0.9606331674366988,
        "14": 0.9464686748410239,
        "15": 0.9602413525434856,
        "16": 0.9398505721399136,
        "17": 0.9743107257114993,
        "18": 0.8768985447691193,
        "19": 0.8955525241432292
    },
    "model": "LogisticRegression",
    "params": {
        "max_iter": 1000,
        "random_state": 42,
        "C": 0.8,
        "tol": 0.0001
    },
    "mode": "training"
}