{
    "0": {
        "precision": 0.4746376811594203,
        "recall": 0.4106583072100313,
        "f1-score": 0.4403361344537815,
        "support": 319.0
    },
    "1": {
        "precision": 0.5103626943005182,
        "recall": 0.506426735218509,
        "f1-score": 0.5083870967741936,
        "support": 389.0
    },
    "2": {
        "precision": 0.45864661654135336,
        "recall": 0.46446700507614214,
        "f1-score": 0.46153846153846156,
        "support": 394.0
    },
    "3": {
        "precision": 0.4292929292929293,
        "recall": 0.4336734693877551,
        "f1-score": 0.43147208121827413,
        "support": 392.0
    },
    "4": {
        "precision": 0.4837758112094395,
        "recall": 0.42597402597402595,
        "f1-score": 0.4530386740331492,
        "support": 385.0
    },
    "5": {
        "precision": 0.5494791666666666,
        "recall": 0.5341772151898734,
        "f1-score": 0.5417201540436457,
        "support": 395.0
    },
    "6": {
        "precision": 0.5691906005221932,
        "recall": 0.558974358974359,
        "f1-score": 0.5640362225097024,
        "support": 390.0
    },
    "7": {
        "precision": 0.6282051282051282,
        "recall": 0.6186868686868687,
        "f1-score": 0.6234096692111959,
        "support": 396.0
    },
    "8": {
        "precision": 0.6033653846153846,
        "recall": 0.6306532663316583,
        "f1-score": 0.6167076167076168,
        "support": 398.0
    },
    "9": {
        "precision": 0.7374701670644391,
        "recall": 0.7783375314861462,
        "f1-score": 0.7573529411764706,
        "support": 397.0
    },
    "10": {
        "precision": 0.825136612021858,
        "recall": 0.7568922305764411,
        "f1-score": 0.7895424836601307,
        "support": 399.0
    },
    "11": {
        "precision": 0.6772486772486772,
        "recall": 0.6464646464646465,
        "f1-score": 0.661498708010336,
        "support": 396.0
    },
    "12": {
        "precision": 0.45430809399477806,
        "recall": 0.44274809160305345,
        "f1-score": 0.4484536082474227,
        "support": 393.0
    },
    "13": {
        "precision": 0.7317708333333334,
        "recall": 0.7095959595959596,
        "f1-score": 0.7205128205128205,
        "support": 396.0
    },
    "14": {
        "precision": 0.6927083333333334,
        "recall": 0.6751269035532995,
        "f1-score": 0.6838046272493573,
        "support": 394.0
    },
    "15": {
        "precision": 0.5288270377733598,
        "recall": 0.6683417085427136,
        "f1-score": 0.5904550499445061,
        "support": 398.0
    },
    "16": {
        "precision": 0.5328467153284672,
        "recall": 0.6016483516483516,
        "f1-score": 0.5651612903225807,
        "support": 364.0
    },
    "17": {
        "precision": 0.735,
        "recall": 0.7819148936170213,
        "f1-score": 0.7577319587628866,
        "support": 376.0
    },
    "18": {
        "precision": 0.4126984126984127,
        "recall": 0.41935483870967744,
        "f1-score": 0.416,
        "support": 310.0
    },
    "19": {
        "precision": 0.3409090909090909,
        "recall": 0.29880478087649404,
        "f1-score": 0.3184713375796178,
        "support": 251.0
    },
    "accuracy": 0.5764737121614445,
    "macro avg": {
        "precision": 0.5687939993109392,
        "recall": 0.5681460594361514,
        "f1-score": 0.5674815467978076,
        "support": 7532.0
    },
    "weighted avg": {
        "precision": 0.5760571109831074,
        "recall": 0.5764737121614445,
        "f1-score": 0.5752873236442451,
        "support": 7532.0
    },
    "roc_auc": {
        "0": 0.9211702833659359,
        "1": 0.9205891974705493,
        "2": 0.9114413029286311,
        "3": 0.9148834533813526,
        "4": 0.9094528809654038,
        "5": 0.9411936015380712,
        "6": 0.9444707723901228,
        "7": 0.9494227589799339,
        "8": 0.9505742900090586,
        "9": 0.9799809009053536,
        "10": 0.9832052442897515,
        "11": 0.9497554015491236,
        "12": 0.8994274720053662,
        "13": 0.9636764930697106,
        "14": 0.948020745477483,
        "15": 0.9629511448467456,
        "16": 0.9399747504169937,
        "17": 0.9756419995718517,
        "18": 0.8849849474276628,
        "19": 0.9054336150795801
    },
    "model": "LogisticRegression",
    "params": {
        "max_iter": 2000,
        "random_state": 42,
        "C": 0.5,
        "tol": 0.0035
    },
    "mode": "training"
}