{
    "0": {
        "precision": 0.46551724137931033,
        "recall": 0.4231974921630094,
        "f1-score": 0.4433497536945813,
        "support": 319.0
    },
    "1": {
        "precision": 0.49246231155778897,
        "recall": 0.5038560411311054,
        "f1-score": 0.49809402795425667,
        "support": 389.0
    },
    "2": {
        "precision": 0.456359102244389,
        "recall": 0.46446700507614214,
        "f1-score": 0.46037735849056605,
        "support": 394.0
    },
    "3": {
        "precision": 0.4350132625994695,
        "recall": 0.41836734693877553,
        "f1-score": 0.4265279583875163,
        "support": 392.0
    },
    "4": {
        "precision": 0.4791666666666667,
        "recall": 0.41818181818181815,
        "f1-score": 0.44660194174757284,
        "support": 385.0
    },
    "5": {
        "precision": 0.5449871465295629,
        "recall": 0.5367088607594936,
        "f1-score": 0.5408163265306123,
        "support": 395.0
    },
    "6": {
        "precision": 0.5475,
        "recall": 0.5615384615384615,
        "f1-score": 0.5544303797468354,
        "support": 390.0
    },
    "7": {
        "precision": 0.6397984886649875,
        "recall": 0.6414141414141414,
        "f1-score": 0.6406052963430012,
        "support": 396.0
    },
    "8": {
        "precision": 0.6109725685785536,
        "recall": 0.6155778894472361,
        "f1-score": 0.6132665832290363,
        "support": 398.0
    },
    "9": {
        "precision": 0.7451923076923077,
        "recall": 0.7808564231738035,
        "f1-score": 0.7626076260762608,
        "support": 397.0
    },
    "10": {
        "precision": 0.7954545454545454,
        "recall": 0.7894736842105263,
        "f1-score": 0.7924528301886793,
        "support": 399.0
    },
    "11": {
        "precision": 0.6976127320954907,
        "recall": 0.6641414141414141,
        "f1-score": 0.6804657179818887,
        "support": 396.0
    },
    "12": {
        "precision": 0.44050632911392407,
        "recall": 0.44274809160305345,
        "f1-score": 0.4416243654822335,
        "support": 393.0
    },
    "13": {
        "precision": 0.75,
        "recall": 0.696969696969697,
        "f1-score": 0.7225130890052356,
        "support": 396.0
    },
    "14": {
        "precision": 0.6525,
        "recall": 0.6624365482233503,
        "f1-score": 0.6574307304785895,
        "support": 394.0
    },
    "15": {
        "precision": 0.5474613686534217,
        "recall": 0.6231155778894473,
        "f1-score": 0.5828437132784959,
        "support": 398.0
    },
    "16": {
        "precision": 0.5663265306122449,
        "recall": 0.6098901098901099,
        "f1-score": 0.5873015873015873,
        "support": 364.0
    },
    "17": {
        "precision": 0.7539267015706806,
        "recall": 0.7659574468085106,
        "f1-score": 0.7598944591029023,
        "support": 376.0
    },
    "18": {
        "precision": 0.42138364779874216,
        "recall": 0.432258064516129,
        "f1-score": 0.4267515923566879,
        "support": 310.0
    },
    "19": {
        "precision": 0.2886178861788618,
        "recall": 0.28286852589641437,
        "f1-score": 0.2857142857142857,
        "support": 251.0
    },
    "accuracy": 0.5750132766861391,
    "macro avg": {
        "precision": 0.5665379418695474,
        "recall": 0.566701231998632,
        "f1-score": 0.5661834811545413,
        "support": 7532.0
    },
    "weighted avg": {
        "precision": 0.5745442350927378,
        "recall": 0.5750132766861391,
        "f1-score": 0.5743379446102411,
        "support": 7532.0
    },
    "roc_auc": {
        "0": 0.9185900414046911,
        "1": 0.9200867910662351,
        "2": 0.9079275430135131,
        "3": 0.9128744354884811,
        "4": 0.90703173977275,
        "5": 0.9394739129123856,
        "6": 0.9420940769302573,
        "7": 0.9498852737011368,
        "8": 0.9505376616753517,
        "9": 0.9794358176866089,
        "10": 0.9839234283662331,
        "11": 0.953969345925624,
        "12": 0.8966074250069593,
        "13": 0.9606020264302215,
        "14": 0.9479453642690225,
        "15": 0.9611236023120932,
        "16": 0.9391016698145603,
        "17": 0.9746169707313013,
        "18": 0.8785074280201176,
        "19": 0.89411068813607
    },
    "model": "LogisticRegression",
    "params": {
        "max_iter": 1000,
        "random_state": 42,
        "C": 0.8,
        "tol": 0.0009
    },
    "mode": "training"
}