{
    "0": {
        "precision": 0.9120649044752682,
        "recall": 0.7620817843866171,
        "f1-score": 0.8303550154872528,
        "support": 4573.0
    },
    "1": {
        "precision": 0.8266687908236419,
        "recall": 0.939185520361991,
        "f1-score": 0.8793424843246908,
        "support": 5525.0
    },
    "accuracy": 0.8589819766290354,
    "macro avg": {
        "precision": 0.869366847649455,
        "recall": 0.8506336523743041,
        "f1-score": 0.8548487499059718,
        "support": 10098.0
    },
    "weighted avg": {
        "precision": 0.8653414416187388,
        "recall": 0.8589819766290354,
        "f1-score": 0.8571579235212047,
        "support": 10098.0
    },
    "roc_auc": null,
    "model": "SVM",
    "params": {
        "max_iter": 3500,
        "C": 1
    },
    "mode": "training"
}