{
    "0": {
        "precision": 0.737055955421407,
        "recall": 0.7943200300262729,
        "f1-score": 0.7646173300415487,
        "support": 7993.0
    },
    "1": {
        "precision": 0.6363864491844416,
        "recall": 0.6380676814693672,
        "f1-score": 0.6372259564042968,
        "support": 7949.0
    },
    "2": {
        "precision": 0.6901943750678684,
        "recall": 0.7902523933855526,
        "f1-score": 0.7368421052631579,
        "support": 8043.0
    },
    "3": {
        "precision": 0.7210144927536232,
        "recall": 0.7478391582111988,
        "f1-score": 0.7341818852610219,
        "support": 7983.0
    },
    "4": {
        "precision": 0.8861627552575434,
        "recall": 0.877206215115402,
        "f1-score": 0.8816617390645137,
        "support": 6629.0
    },
    "5": {
        "precision": 0.5480821177741761,
        "recall": 0.25509177772190095,
        "f1-score": 0.3481468771448181,
        "support": 7954.0
    },
    "6": {
        "precision": 0.7631872905547971,
        "recall": 0.7680489632775418,
        "f1-score": 0.7656104090145054,
        "support": 8006.0
    },
    "7": {
        "precision": 0.7389670353269623,
        "recall": 0.8576769690927218,
        "f1-score": 0.7939089807925247,
        "support": 8024.0
    },
    "8": {
        "precision": 0.7747880158281515,
        "recall": 0.8597415631664785,
        "f1-score": 0.8150570884871551,
        "support": 7971.0
    },
    "accuracy": 0.7296036965642363,
    "macro avg": {
        "precision": 0.7217598319076634,
        "recall": 0.7320271946073819,
        "f1-score": 0.7196947079415046,
        "support": 70552.0
    },
    "weighted avg": {
        "precision": 0.7187070313210536,
        "recall": 0.7296036965642363,
        "f1-score": 0.7168416071408205,
        "support": 70552.0
    },
    "roc_auc": null,
    "model": "LogisticRegression",
    "params": {
        "max_iter": 2000,
        "random_state": 42,
        "C": 0.9
    },
    "mode": "training"
}