{
    "0": {
        "precision": 0.6835680751173709,
        "recall": 0.7254608868958645,
        "f1-score": 0.7038917089678511,
        "support": 2007.0
    },
    "1": {
        "precision": 0.5275475377864456,
        "recall": 0.5275475377864456,
        "f1-score": 0.5275475377864456,
        "support": 2051.0
    },
    "2": {
        "precision": 0.6029087703834288,
        "recall": 0.6990291262135923,
        "f1-score": 0.6474207288215806,
        "support": 1957.0
    },
    "3": {
        "precision": 0.6478405315614618,
        "recall": 0.6767476450173525,
        "f1-score": 0.6619786614936954,
        "support": 2017.0
    },
    "4": {
        "precision": 0.8409669211195929,
        "recall": 0.8468930172966047,
        "f1-score": 0.8439195659112672,
        "support": 1561.0
    },
    "5": {
        "precision": 0.2913306451612903,
        "recall": 0.1412512218963832,
        "f1-score": 0.1902567478604345,
        "support": 2046.0
    },
    "6": {
        "precision": 0.6919575113808801,
        "recall": 0.6860581745235708,
        "f1-score": 0.6889952153110048,
        "support": 1994.0
    },
    "7": {
        "precision": 0.7106420404573439,
        "recall": 0.8178137651821862,
        "f1-score": 0.7604705882352941,
        "support": 1976.0
    },
    "8": {
        "precision": 0.7215357458075905,
        "recall": 0.8058156727451947,
        "f1-score": 0.7613504074505238,
        "support": 2029.0
    },
    "accuracy": 0.6520580564689874,
    "macro avg": {
        "precision": 0.6353664198639338,
        "recall": 0.6585130052841328,
        "f1-score": 0.6428701290931219,
        "support": 17638.0
    },
    "weighted avg": {
        "precision": 0.6291704152573349,
        "recall": 0.6520580564689874,
        "f1-score": 0.63640288316959,
        "support": 17638.0
    },
    "roc_auc": null,
    "model": "LogisticRegression",
    "params": {
        "max_iter": 2000,
        "random_state": 42,
        "C": 0.9
    },
    "mode": "training"
}