{
    "0": {
        "precision": 0.6777727065267002,
        "recall": 0.7425,
        "f1-score": 0.7086614173228346,
        "support": 2000.0
    },
    "1": {
        "precision": 0.5388655462184874,
        "recall": 0.513,
        "f1-score": 0.5256147540983607,
        "support": 2000.0
    },
    "2": {
        "precision": 0.6244464127546502,
        "recall": 0.705,
        "f1-score": 0.6622827618600282,
        "support": 2000.0
    },
    "3": {
        "precision": 0.6414621932899349,
        "recall": 0.6405,
        "f1-score": 0.6409807355516638,
        "support": 2000.0
    },
    "4": {
        "precision": 0.6136724960254372,
        "recall": 0.8354978354978355,
        "f1-score": 0.7076076993583869,
        "support": 462.0
    },
    "5": {
        "precision": 0.3126967471143757,
        "recall": 0.149,
        "f1-score": 0.20182864883169657,
        "support": 2000.0
    },
    "6": {
        "precision": 0.6898449224612306,
        "recall": 0.6895,
        "f1-score": 0.6896724181045262,
        "support": 2000.0
    },
    "7": {
        "precision": 0.7280818869603917,
        "recall": 0.818,
        "f1-score": 0.7704261831881328,
        "support": 2000.0
    },
    "8": {
        "precision": 0.6753040719196193,
        "recall": 0.7946484131922837,
        "f1-score": 0.7301315037164093,
        "support": 1607.0
    },
    "accuracy": 0.6333934905719086,
    "macro avg": {
        "precision": 0.6113496648078697,
        "recall": 0.6541829165211243,
        "f1-score": 0.6263562357813376,
        "support": 16069.0
    },
    "weighted avg": {
        "precision": 0.6095632066332767,
        "recall": 0.6333934905719086,
        "f1-score": 0.6160414413772065,
        "support": 16069.0
    },
    "roc_auc": {
        "0": 0.9528296964958419,
        "1": 0.878843236903831,
        "2": 0.936621383893667,
        "3": 0.9296293624280333,
        "4": 0.9858710307867737,
        "5": 0.6987307911010022,
        "6": 0.9434146350131495,
        "7": 0.9667113334281044,
        "8": 0.9661724905825769
    },
    "model": "LogisticRegression",
    "params": {
        "max_iter": 200,
        "random_state": 42,
        "C": 0.9
    },
    "mode": "training"
}