{
    "0": {
        "precision": 0.720821060382916,
        "recall": 0.7831,
        "f1-score": 0.7506710122699386,
        "support": 10000.0
    },
    "1": {
        "precision": 0.6044341894060995,
        "recall": 0.6025,
        "f1-score": 0.6034655448717948,
        "support": 10000.0
    },
    "2": {
        "precision": 0.6666377289695286,
        "recall": 0.7679,
        "f1-score": 0.7136948742971327,
        "support": 10000.0
    },
    "3": {
        "precision": 0.7031826120706385,
        "recall": 0.7247,
        "f1-score": 0.713779178567911,
        "support": 10000.0
    },
    "4": {
        "precision": 0.8740958685791345,
        "recall": 0.8705738705738706,
        "f1-score": 0.8723313146143024,
        "support": 8190.0
    },
    "5": {
        "precision": 0.4752475247524752,
        "recall": 0.2208,
        "f1-score": 0.30151577222449816,
        "support": 10000.0
    },
    "6": {
        "precision": 0.740248049609922,
        "recall": 0.7401,
        "f1-score": 0.7401740174017402,
        "support": 10000.0
    },
    "7": {
        "precision": 0.7315349478583125,
        "recall": 0.8488,
        "f1-score": 0.7858167847058279,
        "support": 10000.0
    },
    "8": {
        "precision": 0.7573007457992632,
        "recall": 0.8428,
        "f1-score": 0.7977661034596999,
        "support": 10000.0
    },
    "accuracy": 0.7079827644857694,
    "macro avg": {
        "precision": 0.6970558586031433,
        "recall": 0.7112526522859857,
        "f1-score": 0.697690511379205,
        "support": 88190.0
    },
    "weighted avg": {
        "precision": 0.6934223126449106,
        "recall": 0.7079827644857694,
        "f1-score": 0.6941062064256329,
        "support": 88190.0
    },
    "roc_auc": null,
    "model": "LogisticRegression",
    "params": {
        "max_iter": 200,
        "random_state": 42,
        "C": 0.9
    },
    "mode": "training"
}