{
    "processing_time_seconds": 15.426130771636963,
    "memory_usage_mb": 68.7890625,
    "successful_samples": 16047,
    "total_samples": 16047,
    "error_rate": 0.0,
    "samples_per_second": 1040.2478909036988,
    "timestamp": "2025-06-02 01:59:22"
}