{
    "processing_time_seconds": 15.413798332214355,
    "memory_usage_mb": 69.27734375,
    "successful_samples": 16069,
    "total_samples": 16069,
    "error_rate": 0.0,
    "samples_per_second": 1042.5074763315342,
    "timestamp": "2025-06-02 02:01:39"
}