{
    "0": {
        "precision": 0.6824817518248175,
        "recall": 0.748,
        "f1-score": 0.7137404580152672,
        "support": 2000.0
    },
    "1": {
        "precision": 0.5716594827586207,
        "recall": 0.5305,
        "f1-score": 0.5503112033195021,
        "support": 2000.0
    },
    "2": {
        "precision": 0.6319204152249135,
        "recall": 0.7305,
        "f1-score": 0.6776437847866419,
        "support": 2000.0
    },
    "3": {
        "precision": 0.6580335731414868,
        "recall": 0.686,
        "f1-score": 0.6717258261933905,
        "support": 2000.0
    },
    "4": {
        "precision": 0.6292134831460674,
        "recall": 0.8484848484848485,
        "f1-score": 0.7225806451612903,
        "support": 462.0
    },
    "5": {
        "precision": 0.3315276273022752,
        "recall": 0.153,
        "f1-score": 0.20937393089291823,
        "support": 2000.0
    },
    "6": {
        "precision": 0.7224510813594233,
        "recall": 0.7015,
        "f1-score": 0.7118214104515475,
        "support": 2000.0
    },
    "7": {
        "precision": 0.718266253869969,
        "recall": 0.812,
        "f1-score": 0.7622623797230696,
        "support": 2000.0
    },
    "8": {
        "precision": 0.6767404209390178,
        "recall": 0.7911671924290221,
        "f1-score": 0.7294938917975567,
        "support": 1585.0
    },
    "accuracy": 0.6461643920982115,
    "macro avg": {
        "precision": 0.6246993432851767,
        "recall": 0.6667946712126523,
        "f1-score": 0.6387726144823538,
        "support": 16047.0
    },
    "weighted avg": {
        "precision": 0.622920830520648,
        "recall": 0.6461643920982115,
        "f1-score": 0.6283939716662502,
        "support": 16047.0
    },
    "model": "LogisticRegression"
}