{
    "0": {
        "precision": 0.6856356126663607,
        "recall": 0.747,
        "f1-score": 0.7150035893754487,
        "support": 2000.0
    },
    "1": {
        "precision": 0.5612134344528711,
        "recall": 0.518,
        "f1-score": 0.5387415496619865,
        "support": 2000.0
    },
    "2": {
        "precision": 0.6287944492627927,
        "recall": 0.725,
        "f1-score": 0.6734788666976312,
        "support": 2000.0
    },
    "3": {
        "precision": 0.6510739856801909,
        "recall": 0.682,
        "f1-score": 0.6661782661782661,
        "support": 2000.0
    },
    "4": {
        "precision": 0.6194267515923567,
        "recall": 0.841991341991342,
        "f1-score": 0.7137614678899082,
        "support": 462.0
    },
    "5": {
        "precision": 0.3231578947368421,
        "recall": 0.1535,
        "f1-score": 0.20813559322033898,
        "support": 2000.0
    },
    "6": {
        "precision": 0.709545686574783,
        "recall": 0.695,
        "f1-score": 0.7021975246274311,
        "support": 2000.0
    },
    "7": {
        "precision": 0.7221476510067114,
        "recall": 0.807,
        "f1-score": 0.762219598583235,
        "support": 2000.0
    },
    "8": {
        "precision": 0.674959437533802,
        "recall": 0.7873817034700316,
        "f1-score": 0.7268491555037857,
        "support": 1585.0
    },
    "accuracy": 0.6413659874119774,
    "macro avg": {
        "precision": 0.619550544834079,
        "recall": 0.6618747828290416,
        "f1-score": 0.6340628457486702,
        "support": 16047.0
    },
    "weighted avg": {
        "precision": 0.618129450768857,
        "recall": 0.6413659874119774,
        "f1-score": 0.6240246579626917,
        "support": 16047.0
    },
    "model": "LogisticRegression"
}