{
    "0": {
        "precision": 0.5042199836645793,
        "recall": 0.4211005002273761,
        "f1-score": 0.4589270226737703,
        "support": 4398.0
    },
    "1": {
        "precision": 0.653091534432893,
        "recall": 0.7200103412616339,
        "f1-score": 0.684920277083248,
        "support": 11604.0
    },
    "2": {
        "precision": 0.4165257819103973,
        "recall": 0.3676552881925014,
        "f1-score": 0.39056772020212027,
        "support": 5361.0
    },
    "3": {
        "precision": 0.6461249706733401,
        "recall": 0.69393583067361,
        "f1-score": 0.6691774996962702,
        "support": 11906.0
    },
    "4": {
        "precision": 0.4295600593178448,
        "recall": 0.3172690763052209,
        "f1-score": 0.36497270054598907,
        "support": 2739.0
    },
    "accuracy": 0.5917851588535881,
    "macro avg": {
        "precision": 0.5299044659998109,
        "recall": 0.5039942073320685,
        "f1-score": 0.5137130440402796,
        "support": 36008.0
    },
    "weighted avg": {
        "precision": 0.5803809507288967,
        "recall": 0.5917851588535881,
        "f1-score": 0.5839507061535236,
        "support": 36008.0
    },
    "roc_auc": null,
    "model": "LogisticRegression",
    "params": {
        "max_iter": 5000,
        "random_state": 42,
        "C": 0.9
    },
    "mode": "training"
}