{
    "0": {
        "precision": 0.5009219422249539,
        "recall": 0.4232788966472387,
        "f1-score": 0.4588389841110972,
        "support": 17329.0
    },
    "1": {
        "precision": 0.6572158820732287,
        "recall": 0.7156788711730566,
        "f1-score": 0.6852025903471355,
        "support": 46349.0
    },
    "2": {
        "precision": 0.4366624122527122,
        "recall": 0.37653047186683175,
        "f1-score": 0.40437319937947847,
        "support": 21807.0
    },
    "3": {
        "precision": 0.6428461715690039,
        "recall": 0.7056715914599447,
        "f1-score": 0.6727954104751284,
        "support": 47447.0
    },
    "4": {
        "precision": 0.4705442769958899,
        "recall": 0.3403603603603604,
        "f1-score": 0.395002352449161,
        "support": 11100.0
    },
    "accuracy": 0.5969298489224617,
    "macro avg": {
        "precision": 0.5416381370231578,
        "recall": 0.5123040383014864,
        "f1-score": 0.5232425073524001,
        "support": 144032.0
    },
    "weighted avg": {
        "precision": 0.5858992186188633,
        "recall": 0.5969298489224617,
        "f1-score": 0.5889975278238724,
        "support": 144032.0
    },
    "roc_auc": null,
    "model": "LogisticRegression",
    "params": {
        "max_iter": 5000,
        "random_state": 42,
        "C": 0.9
    },
    "mode": "training"
}