{
    "0": {
        "precision": 0.599483204134367,
        "recall": 0.6471408647140865,
        "f1-score": 0.6224010731052985,
        "support": 717.0
    },
    "1": {
        "precision": 0.466903073286052,
        "recall": 0.6021341463414634,
        "f1-score": 0.525965379494008,
        "support": 656.0
    },
    "2": {
        "precision": 0.6341463414634146,
        "recall": 0.701123595505618,
        "f1-score": 0.6659551760939167,
        "support": 445.0
    },
    "3": {
        "precision": 0.0,
        "recall": 0.0,
        "f1-score": 0.0,
        "support": 42.0
    },
    "4": {
        "precision": 1.0,
        "recall": 0.026490066225165563,
        "f1-score": 0.05161290322580645,
        "support": 151.0
    },
    "5": {
        "precision": 0.5856573705179283,
        "recall": 0.4260869565217391,
        "f1-score": 0.49328859060402686,
        "support": 345.0
    },
    "6": {
        "precision": 0.5912518853695324,
        "recall": 0.7245841035120147,
        "f1-score": 0.6511627906976745,
        "support": 1082.0
    },
    "7": {
        "precision": 0.6544117647058824,
        "recall": 0.7492984097287184,
        "f1-score": 0.6986480593109463,
        "support": 1069.0
    },
    "8": {
        "precision": 0.3253012048192771,
        "recall": 0.05476673427991886,
        "f1-score": 0.09375,
        "support": 493.0
    },
    "accuracy": 0.5868,
    "macro avg": {
        "precision": 0.5396838715884948,
        "recall": 0.4368472085365249,
        "f1-score": 0.4225315525035197,
        "support": 5000.0
    },
    "weighted avg": {
        "precision": 0.5742077997272445,
        "recall": 0.5868,
        "f1-score": 0.5526509377620265,
        "support": 5000.0
    },
    "roc_auc": null,
    "model": "LogisticRegression",
    "params": {
        "max_iter": 2000,
        "random_state": 42,
        "C": 0.3
    },
    "mode": "training"
}