{
    "0": {
        "precision": 0.6333333333333333,
        "recall": 0.6624825662482566,
        "f1-score": 0.6475800954328562,
        "support": 717.0
    },
    "1": {
        "precision": 0.4857496902106567,
        "recall": 0.5975609756097561,
        "f1-score": 0.5358851674641149,
        "support": 656.0
    },
    "2": {
        "precision": 0.642570281124498,
        "recall": 0.7191011235955056,
        "f1-score": 0.6786850477200425,
        "support": 445.0
    },
    "3": {
        "precision": 0.0,
        "recall": 0.0,
        "f1-score": 0.0,
        "support": 42.0
    },
    "4": {
        "precision": 0.6666666666666666,
        "recall": 0.15894039735099338,
        "f1-score": 0.25668449197860965,
        "support": 151.0
    },
    "5": {
        "precision": 0.5793103448275863,
        "recall": 0.48695652173913045,
        "f1-score": 0.5291338582677165,
        "support": 345.0
    },
    "6": {
        "precision": 0.6198412698412699,
        "recall": 0.7218114602587801,
        "f1-score": 0.6669513236549958,
        "support": 1082.0
    },
    "7": {
        "precision": 0.6843003412969283,
        "recall": 0.7502338634237605,
        "f1-score": 0.7157518964747881,
        "support": 1069.0
    },
    "8": {
        "precision": 0.27956989247311825,
        "recall": 0.10547667342799188,
        "f1-score": 0.15316642120765833,
        "support": 493.0
    },
    "accuracy": 0.6028,
    "macro avg": {
        "precision": 0.5101490910860064,
        "recall": 0.4669515090726861,
        "f1-score": 0.4648709224667536,
        "support": 5000.0
    },
    "weighted avg": {
        "precision": 0.5798475166629389,
        "recall": 0.6028,
        "f1-score": 0.5802944278179997,
        "support": 5000.0
    },
    "roc_auc": null,
    "model": "LogisticRegression",
    "params": {
        "max_iter": 2000,
        "random_state": 42,
        "C": 0.9
    },
    "mode": "training"
}