{
    "0": {
        "precision": 0.6494413407821229,
        "recall": 0.6614509246088194,
        "f1-score": 0.6553911205073996,
        "support": 703.0
    },
    "1": {
        "precision": 0.5166270783847982,
        "recall": 0.6170212765957447,
        "f1-score": 0.5623787976729153,
        "support": 705.0
    },
    "2": {
        "precision": 0.6119096509240246,
        "recall": 0.7078384798099763,
        "f1-score": 0.6563876651982379,
        "support": 421.0
    },
    "3": {
        "precision": 0.3333333333333333,
        "recall": 0.05,
        "f1-score": 0.08695652173913043,
        "support": 40.0
    },
    "4": {
        "precision": 0.723404255319149,
        "recall": 0.2328767123287671,
        "f1-score": 0.35233160621761656,
        "support": 146.0
    },
    "5": {
        "precision": 0.6052631578947368,
        "recall": 0.5302593659942363,
        "f1-score": 0.565284178187404,
        "support": 347.0
    },
    "6": {
        "precision": 0.6456628477905073,
        "recall": 0.7225274725274725,
        "f1-score": 0.6819360414866033,
        "support": 1092.0
    },
    "7": {
        "precision": 0.6677908937605397,
        "recall": 0.7550047664442326,
        "f1-score": 0.7087248322147651,
        "support": 1049.0
    },
    "8": {
        "precision": 0.23684210526315788,
        "recall": 0.09054325955734406,
        "f1-score": 0.13100436681222707,
        "support": 497.0
    },
    "accuracy": 0.6088,
    "macro avg": {
        "precision": 0.5544749626058189,
        "recall": 0.4852802508740658,
        "f1-score": 0.4889327922262554,
        "support": 5000.0
    },
    "weighted avg": {
        "precision": 0.5861313979854723,
        "recall": 0.6088,
        "f1-score": 0.5875728357870537,
        "support": 5000.0
    },
    "roc_auc": {
        "0": 0.918091983192482,
        "1": 0.8827576185404435,
        "2": 0.9610361046168115,
        "3": 0.9781401209677419,
        "4": 0.9429223744292237,
        "5": 0.9329198540063708,
        "6": 0.8957801410462618,
        "7": 0.9215830047732001,
        "8": 0.6688579176591862
    },
    "model": "LogisticRegression",
    "params": {
        "max_iter": 2000,
        "random_state": 42,
        "C": 0.9
    },
    "mode": "training"
}