{
    "0": {
        "precision": 0.6796302199553714,
        "recall": 0.7359337245426303,
        "f1-score": 0.7066622472654955,
        "support": 2897.0
    },
    "1": {
        "precision": 0.5618264322178106,
        "recall": 0.7334320621991854,
        "f1-score": 0.6362614421069536,
        "support": 2701.0
    },
    "2": {
        "precision": 0.6767788196359625,
        "recall": 0.7418379685610641,
        "f1-score": 0.707816556100375,
        "support": 1654.0
    },
    "3": {
        "precision": 1.0,
        "recall": 0.012345679012345678,
        "f1-score": 0.024390243902439025,
        "support": 162.0
    },
    "4": {
        "precision": 1.0,
        "recall": 0.05595667870036101,
        "f1-score": 0.10598290598290598,
        "support": 554.0
    },
    "5": {
        "precision": 0.6679209783631233,
        "recall": 0.5126353790613718,
        "f1-score": 0.5800653594771242,
        "support": 1385.0
    },
    "6": {
        "precision": 0.6684200272744983,
        "recall": 0.7931114193250116,
        "f1-score": 0.7254466645522782,
        "support": 4326.0
    },
    "7": {
        "precision": 0.710667215815486,
        "recall": 0.811618062088429,
        "f1-score": 0.7577953447518665,
        "support": 4252.0
    },
    "8": {
        "precision": 0.6309794988610479,
        "recall": 0.13388110198163364,
        "f1-score": 0.22089314194577353,
        "support": 2069.0
    },
    "accuracy": 0.6621,
    "macro avg": {
        "precision": 0.7329136880136999,
        "recall": 0.5034168972746703,
        "f1-score": 0.4961459895650235,
        "support": 20000.0
    },
    "weighted avg": {
        "precision": 0.6732841643061129,
        "recall": 0.6621,
        "f1-score": 0.630999176448774,
        "support": 20000.0
    },
    "roc_auc": null,
    "model": "LogisticRegression",
    "params": {
        "max_iter": 2000,
        "random_state": 42,
        "C": 0.3
    },
    "mode": "training"
}