{
    "0": {
        "precision": 0.7806054111974283,
        "recall": 0.8063087991145546,
        "f1-score": 0.7932489451476793,
        "support": 3614.0
    },
    "1": {
        "precision": 0.6720101781170483,
        "recall": 0.7867143282692881,
        "f1-score": 0.7248524770138604,
        "support": 3357.0
    },
    "2": {
        "precision": 0.724588781105019,
        "recall": 0.8184849928537399,
        "f1-score": 0.7686800894854586,
        "support": 2099.0
    },
    "3": {
        "precision": 0.88,
        "recall": 0.21568627450980393,
        "f1-score": 0.3464566929133858,
        "support": 204.0
    },
    "4": {
        "precision": 0.8846153846153846,
        "recall": 0.45673758865248226,
        "f1-score": 0.6024321796071095,
        "support": 705.0
    },
    "5": {
        "precision": 0.7325509573810994,
        "recall": 0.6855491329479769,
        "f1-score": 0.708271125709167,
        "support": 1730.0
    },
    "6": {
        "precision": 0.7546032808838299,
        "recall": 0.8335798816568047,
        "f1-score": 0.7921279212792128,
        "support": 5408.0
    },
    "7": {
        "precision": 0.7832647462277091,
        "recall": 0.8584852471339973,
        "f1-score": 0.8191517977225858,
        "support": 5321.0
    },
    "8": {
        "precision": 0.6938775510204082,
        "recall": 0.3052302888368462,
        "f1-score": 0.423963133640553,
        "support": 2562.0
    },
    "accuracy": 0.74732,
    "macro avg": {
        "precision": 0.7673462545053252,
        "recall": 0.6407529482194992,
        "f1-score": 0.664353818057668,
        "support": 25000.0
    },
    "weighted avg": {
        "precision": 0.7477922208552279,
        "recall": 0.74732,
        "f1-score": 0.7345207969092152,
        "support": 25000.0
    },
    "roc_auc": null,
    "model": "LogisticRegression",
    "params": {
        "max_iter": 2000,
        "random_state": 42,
        "C": 0.9
    },
    "mode": "training"
}