{
    "0": {
        "precision": 0.7807717897538257,
        "recall": 0.8101484294097342,
        "f1-score": 0.7951888870066068,
        "support": 2897.0
    },
    "1": {
        "precision": 0.6804416403785489,
        "recall": 0.7985931136616068,
        "f1-score": 0.7347981604496678,
        "support": 2701.0
    },
    "2": {
        "precision": 0.7338753387533875,
        "recall": 0.8186215235792019,
        "f1-score": 0.7739354101171764,
        "support": 1654.0
    },
    "3": {
        "precision": 0.8181818181818182,
        "recall": 0.16666666666666666,
        "f1-score": 0.27692307692307694,
        "support": 162.0
    },
    "4": {
        "precision": 0.9346938775510204,
        "recall": 0.41335740072202165,
        "f1-score": 0.5732165206508135,
        "support": 554.0
    },
    "5": {
        "precision": 0.7416860015467904,
        "recall": 0.6924187725631769,
        "f1-score": 0.7162061239731142,
        "support": 1385.0
    },
    "6": {
        "precision": 0.7572025052192067,
        "recall": 0.8384188626907073,
        "f1-score": 0.7957437472575691,
        "support": 4326.0
    },
    "7": {
        "precision": 0.7855153203342619,
        "recall": 0.8621825023518345,
        "f1-score": 0.8220652539522368,
        "support": 4252.0
    },
    "8": {
        "precision": 0.7192429022082019,
        "recall": 0.3305944900918318,
        "f1-score": 0.45298013245033114,
        "support": 2069.0
    },
    "accuracy": 0.7525,
    "macro avg": {
        "precision": 0.7724012437696736,
        "recall": 0.636777973526309,
        "f1-score": 0.6601174791978436,
        "support": 20000.0
    },
    "weighted avg": {
        "precision": 0.7547491137518381,
        "recall": 0.7525,
        "f1-score": 0.7398917491226122,
        "support": 20000.0
    },
    "roc_auc": null,
    "model": "LogisticRegression",
    "params": {
        "max_iter": 2000,
        "random_state": 42,
        "C": 0.9
    },
    "mode": "training"
}