{
    "processing_time_seconds": 0.29100799560546875,
    "memory_usage_mb": 0.21875,
    "successful_samples": 5000,
    "total_samples": 5000,
    "error_rate": 0.0,
    "samples_per_second": 17181.658495661064,
    "timestamp": "2025-06-05 10:19:04"
}