{
    "processing_time_seconds": 0.2982468605041504,
    "memory_usage_mb": 0.328125,
    "successful_samples": 5000,
    "total_samples": 5000,
    "error_rate": 0.0,
    "samples_per_second": 16764.63581728271,
    "timestamp": "2025-06-05 10:19:09"
}