{
    "training_time_seconds": 6.1169281005859375,
    "memory_usage_mb": 389.328125,
    "documents_per_second": 4087.0187762392143,
    "model_parameters": {
        "max_features": 20000,
        "ngram_range": [
            1,
            3
        ]
    },
    "dataset_stats": {
        "num_documents": 25000
    },
    "timestamp": "2025-06-05 10:18:58"
}