{
    "0": {
        "precision": 0.636241610738255,
        "recall": 0.6286472148541115,
        "f1-score": 0.6324216144096064,
        "support": 754.0
    },
    "1": {
        "precision": 0.5,
        "recall": 0.600924499229584,
        "f1-score": 0.5458362491252624,
        "support": 649.0
    },
    "2": {
        "precision": 0.6072186836518046,
        "recall": 0.7258883248730964,
        "f1-score": 0.661271676300578,
        "support": 394.0
    },
    "3": {
        "precision": 0.4,
        "recall": 0.045454545454545456,
        "f1-score": 0.08163265306122448,
        "support": 44.0
    },
    "4": {
        "precision": 0.75,
        "recall": 0.19230769230769232,
        "f1-score": 0.30612244897959184,
        "support": 156.0
    },
    "5": {
        "precision": 0.5370370370370371,
        "recall": 0.4860335195530726,
        "f1-score": 0.5102639296187683,
        "support": 358.0
    },
    "6": {
        "precision": 0.6376109765940274,
        "recall": 0.7136404697380307,
        "f1-score": 0.6734867860187553,
        "support": 1107.0
    },
    "7": {
        "precision": 0.6416526138279932,
        "recall": 0.7352657004830918,
        "f1-score": 0.6852769022962629,
        "support": 1035.0
    },
    "8": {
        "precision": 0.22857142857142856,
        "recall": 0.09542743538767395,
        "f1-score": 0.13464235624123422,
        "support": 503.0
    },
    "accuracy": 0.591,
    "macro avg": {
        "precision": 0.5487035944911719,
        "recall": 0.46928771132009994,
        "f1-score": 0.4701060684501427,
        "support": 5000.0
    },
    "weighted avg": {
        "precision": 0.5710493660175407,
        "recall": 0.591,
        "f1-score": 0.5696385320354661,
        "support": 5000.0
    },
    "model": "LogisticRegression"
}