{
    "0": {
        "precision": 0.59125,
        "recall": 0.6273209549071618,
        "f1-score": 0.6087516087516087,
        "support": 754.0
    },
    "1": {
        "precision": 0.4614485981308411,
        "recall": 0.6086286594761171,
        "f1-score": 0.5249169435215947,
        "support": 649.0
    },
    "2": {
        "precision": 0.6035634743875279,
        "recall": 0.6878172588832487,
        "f1-score": 0.6429418742586003,
        "support": 394.0
    },
    "3": {
        "precision": 0.0,
        "recall": 0.0,
        "f1-score": 0.0,
        "support": 44.0
    },
    "4": {
        "precision": 0.0,
        "recall": 0.0,
        "f1-score": 0.0,
        "support": 156.0
    },
    "5": {
        "precision": 0.5239852398523985,
        "recall": 0.39664804469273746,
        "f1-score": 0.45151033386327505,
        "support": 358.0
    },
    "6": {
        "precision": 0.6047765793528506,
        "recall": 0.7091237579042458,
        "f1-score": 0.6528066528066528,
        "support": 1107.0
    },
    "7": {
        "precision": 0.6136,
        "recall": 0.7410628019323672,
        "f1-score": 0.6713347921225383,
        "support": 1035.0
    },
    "8": {
        "precision": 0.27631578947368424,
        "recall": 0.041749502982107355,
        "f1-score": 0.07253886010362694,
        "support": 503.0
    },
    "accuracy": 0.5708,
    "macro avg": {
        "precision": 0.4083266312441447,
        "recall": 0.42359455341977614,
        "f1-score": 0.40275567393643297,
        "support": 5000.0
    },
    "weighted avg": {
        "precision": 0.5228447760823259,
        "recall": 0.5708,
        "f1-score": 0.533721025692217,
        "support": 5000.0
    },
    "model": "LogisticRegression"
}