{
    "0": {
        "precision": 0.6517150395778364,
        "recall": 0.6551724137931034,
        "f1-score": 0.6534391534391535,
        "support": 754.0
    },
    "1": {
        "precision": 0.5026246719160105,
        "recall": 0.5901386748844376,
        "f1-score": 0.5428773919206237,
        "support": 649.0
    },
    "2": {
        "precision": 0.6115879828326181,
        "recall": 0.7233502538071066,
        "f1-score": 0.6627906976744186,
        "support": 394.0
    },
    "3": {
        "precision": 0.5714285714285714,
        "recall": 0.09090909090909091,
        "f1-score": 0.1568627450980392,
        "support": 44.0
    },
    "4": {
        "precision": 0.6481481481481481,
        "recall": 0.22435897435897437,
        "f1-score": 0.3333333333333333,
        "support": 156.0
    },
    "5": {
        "precision": 0.5594202898550724,
        "recall": 0.5391061452513967,
        "f1-score": 0.5490753911806543,
        "support": 358.0
    },
    "6": {
        "precision": 0.6491511721907841,
        "recall": 0.7253839205058717,
        "f1-score": 0.6851535836177475,
        "support": 1107.0
    },
    "7": {
        "precision": 0.6535836177474402,
        "recall": 0.740096618357488,
        "f1-score": 0.6941549614861804,
        "support": 1035.0
    },
    "8": {
        "precision": 0.24120603015075376,
        "recall": 0.09542743538767395,
        "f1-score": 0.13675213675213677,
        "support": 503.0
    },
    "accuracy": 0.6022,
    "macro avg": {
        "precision": 0.5654295026496928,
        "recall": 0.48710483636168267,
        "f1-score": 0.49049326605580973,
        "support": 5000.0
    },
    "weighted avg": {
        "precision": 0.5802969348645887,
        "recall": 0.6022,
        "f1-score": 0.5814665523499366,
        "support": 5000.0
    },
    "model": "LogisticRegression"
}