{
    "0": {
        "precision": 0.5721633888048412,
        "recall": 0.4339146397430014,
        "f1-score": 0.49354038888163904,
        "support": 4358.0
    },
    "1": {
        "precision": 0.8240748918131238,
        "recall": 0.807669003721977,
        "f1-score": 0.8157894736842105,
        "support": 11553.0
    },
    "2": {
        "precision": 0.5707740140729831,
        "recall": 0.6391790361004215,
        "f1-score": 0.603042876901798,
        "support": 5457.0
    },
    "3": {
        "precision": 0.7690734146526252,
        "recall": 0.8517368686021144,
        "f1-score": 0.8082971692479197,
        "support": 11918.0
    },
    "4": {
        "precision": 0.5990338164251208,
        "recall": 0.45554739162380603,
        "f1-score": 0.5175292153589316,
        "support": 2722.0
    },
    "accuracy": 0.7248666962897135,
    "macro avg": {
        "precision": 0.6670239051537388,
        "recall": 0.637609387958264,
        "f1-score": 0.6476398248148998,
        "support": 36008.0
    },
    "weighted avg": {
        "precision": 0.7199823948140399,
        "recall": 0.7248666962897135,
        "f1-score": 0.719519828115327,
        "support": 36008.0
    },
    "roc_auc": null,
    "model": "LogisticRegression",
    "params": {
        "max_iter": 1000,
        "C": 0.9,
        "grid_search": false
    },
    "mode": "training"
}