{
    "0": {
        "precision": 0.5420705699883676,
        "recall": 0.3207893529141808,
        "f1-score": 0.4030560761135938,
        "support": 4358.0
    },
    "1": {
        "precision": 0.7730972184956623,
        "recall": 0.7482039297152255,
        "f1-score": 0.7604469077153163,
        "support": 11553.0
    },
    "2": {
        "precision": 0.5131368151233578,
        "recall": 0.5869525380245556,
        "f1-score": 0.5475681682195059,
        "support": 5457.0
    },
    "3": {
        "precision": 0.6643220279963786,
        "recall": 0.8003859708004699,
        "f1-score": 0.7260341743730259,
        "support": 11918.0
    },
    "4": {
        "precision": 0.6247723132969034,
        "recall": 0.3780308596620132,
        "f1-score": 0.47104600595101853,
        "support": 2722.0
    },
    "accuracy": 0.6613252610530993,
    "macro avg": {
        "precision": 0.6234797889801339,
        "recall": 0.5668725302232891,
        "f1-score": 0.5816302664744921,
        "support": 36008.0
    },
    "weighted avg": {
        "precision": 0.6585243133712749,
        "recall": 0.6613252610530993,
        "f1-score": 0.6516636168875898,
        "support": 36008.0
    },
    "roc_auc": null,
    "model": "LogisticRegression",
    "params": {
        "max_iter": 1000,
        "C": 0.9,
        "grid_search": false
    },
    "mode": "training"
}