{
    "0": {
        "precision": 0.4423128884085382,
        "recall": 0.37814737814737814,
        "f1-score": 0.40772104607721044,
        "support": 4329.0
    },
    "1": {
        "precision": 0.7508692628650904,
        "recall": 0.7412683429159873,
        "f1-score": 0.7460379151012653,
        "support": 11653.0
    },
    "2": {
        "precision": 0.46366654371080784,
        "recall": 0.47604620337057374,
        "f1-score": 0.4697748294870597,
        "support": 5281.0
    },
    "3": {
        "precision": 0.6846922968595972,
        "recall": 0.8103333333333333,
        "f1-score": 0.7422334172963896,
        "support": 12000.0
    },
    "4": {
        "precision": 0.44664371772805506,
        "recall": 0.19024926686217009,
        "f1-score": 0.2668380462724936,
        "support": 2728.0
    },
    "accuracy": 0.6399377622183323,
    "macro avg": {
        "precision": 0.5576369419144178,
        "recall": 0.5192089049258886,
        "f1-score": 0.5265210508468837,
        "support": 35991.0
    },
    "weighted avg": {
        "precision": 0.6264906964435981,
        "recall": 0.6399377622183323,
        "f1-score": 0.6272184797714008,
        "support": 35991.0
    },
    "roc_auc": null,
    "model": "LogisticRegression",
    "params": {
        "max_iter": 1000,
        "C": 0.9,
        "grid_search": false
    },
    "mode": "training"
}