{
    "0": {
        "precision": 0.5997260273972602,
        "recall": 0.5022946305644791,
        "f1-score": 0.5467032967032966,
        "support": 4358.0
    },
    "1": {
        "precision": 0.8372994888066279,
        "recall": 0.8222972388124297,
        "f1-score": 0.8297305559194724,
        "support": 11553.0
    },
    "2": {
        "precision": 0.6248479582971329,
        "recall": 0.658970130108118,
        "f1-score": 0.6414555833036033,
        "support": 5457.0
    },
    "3": {
        "precision": 0.7848399604652931,
        "recall": 0.8661688202718577,
        "f1-score": 0.8235012564317339,
        "support": 11918.0
    },
    "4": {
        "precision": 0.6326045627376425,
        "recall": 0.4889786921381337,
        "f1-score": 0.5515955242436801,
        "support": 2722.0
    },
    "accuracy": 0.7481393023772495,
    "macro avg": {
        "precision": 0.6958635995407912,
        "recall": 0.6677419023790037,
        "f1-score": 0.6785972433203573,
        "support": 36008.0
    },
    "weighted avg": {
        "precision": 0.743512402760634,
        "recall": 0.7481393023772495,
        "f1-score": 0.7438559261498304,
        "support": 36008.0
    },
    "roc_auc": null,
    "model": "LogisticRegression",
    "params": {
        "max_iter": 1000,
        "C": 0.9,
        "grid_search": false
    },
    "mode": "training"
}