{
    "0": {
        "precision": 0.5580625752105897,
        "recall": 0.42565396971087655,
        "f1-score": 0.48294714917990106,
        "support": 4358.0
    },
    "1": {
        "precision": 0.816524266713644,
        "recall": 0.8023889898727603,
        "f1-score": 0.8093949183620012,
        "support": 11553.0
    },
    "2": {
        "precision": 0.5785641720284457,
        "recall": 0.6261682242990654,
        "f1-score": 0.6014256798380709,
        "support": 5457.0
    },
    "3": {
        "precision": 0.7615784321108517,
        "recall": 0.8485484141634503,
        "f1-score": 0.8027146088820097,
        "support": 11918.0
    },
    "4": {
        "precision": 0.5987884436160298,
        "recall": 0.47207935341660545,
        "f1-score": 0.5279375513557929,
        "support": 2722.0
    },
    "accuracy": 0.7203954676738502,
    "macro avg": {
        "precision": 0.6627035779359123,
        "recall": 0.6349677902925516,
        "f1-score": 0.6448839815235552,
        "support": 36008.0
    },
    "weighted avg": {
        "precision": 0.7145345517743188,
        "recall": 0.7203954676738502,
        "f1-score": 0.7148800773796051,
        "support": 36008.0
    },
    "roc_auc": null,
    "model": "LogisticRegression",
    "params": {
        "max_iter": 1000,
        "C": 0.9,
        "grid_search": false
    },
    "mode": "training"
}