{
    "0": {
        "precision": 0.5119008803390935,
        "recall": 0.36025699862322164,
        "f1-score": 0.4228956228956229,
        "support": 4358.0
    },
    "1": {
        "precision": 0.7981895633652822,
        "recall": 0.7784990911451571,
        "f1-score": 0.7882213750492967,
        "support": 11553.0
    },
    "2": {
        "precision": 0.5236613721958409,
        "recall": 0.5860362836723474,
        "f1-score": 0.5530958145970253,
        "support": 5457.0
    },
    "3": {
        "precision": 0.7258726899383984,
        "recall": 0.8305084745762712,
        "f1-score": 0.7746732409798858,
        "support": 11918.0
    },
    "4": {
        "precision": 0.5823834196891192,
        "recall": 0.4129316678912564,
        "f1-score": 0.4832330180567498,
        "support": 2722.0
    },
    "accuracy": 0.6882914907798267,
    "macro avg": {
        "precision": 0.6284015851055468,
        "recall": 0.5936465031816508,
        "f1-score": 0.6044238143157161,
        "support": 36008.0
    },
    "weighted avg": {
        "precision": 0.6816864740399131,
        "recall": 0.6882914907798267,
        "f1-score": 0.6808337172830584,
        "support": 36008.0
    },
    "roc_auc": null,
    "model": "LogisticRegression",
    "params": {
        "max_iter": 1000,
        "C": 0.9,
        "grid_search": false
    },
    "mode": "training"
}