{
    "0": {
        "precision": 0.510158013544018,
        "recall": 0.31206848936757803,
        "f1-score": 0.387251542152159,
        "support": 3621.0
    },
    "1": {
        "precision": 0.7781350482315113,
        "recall": 0.7474518686296716,
        "f1-score": 0.7624849025888778,
        "support": 9713.0
    },
    "2": {
        "precision": 0.5126367408525084,
        "recall": 0.5946182454605119,
        "f1-score": 0.5505925250683683,
        "support": 4571.0
    },
    "3": {
        "precision": 0.6649346295675495,
        "recall": 0.8016570677983227,
        "f1-score": 0.7269229007283888,
        "support": 9897.0
    },
    "4": {
        "precision": 0.6283185840707964,
        "recall": 0.365195027861123,
        "f1-score": 0.4619137977771754,
        "support": 2333.0
    },
    "accuracy": 0.6601626016260163,
    "macro avg": {
        "precision": 0.6188366032532767,
        "recall": 0.5641981398234415,
        "f1-score": 0.5778331336629938,
        "support": 30135.0
    },
    "weighted avg": {
        "precision": 0.656887198221987,
        "recall": 0.6601626016260163,
        "f1-score": 0.6503073822395641,
        "support": 30135.0
    },
    "model": "LogisticRegression"
}