{
    "0": {
        "precision": 0.5883306320907618,
        "recall": 0.5012427506213754,
        "f1-score": 0.5413062928720549,
        "support": 3621.0
    },
    "1": {
        "precision": 0.83920611335173,
        "recall": 0.8140636260681561,
        "f1-score": 0.8264436895740789,
        "support": 9713.0
    },
    "2": {
        "precision": 0.6223360655737705,
        "recall": 0.6644060380660687,
        "f1-score": 0.6426833139350333,
        "support": 4571.0
    },
    "3": {
        "precision": 0.7824385805277525,
        "recall": 0.868849146205921,
        "f1-score": 0.8233829654809212,
        "support": 9897.0
    },
    "4": {
        "precision": 0.6592718998862344,
        "recall": 0.4967852550364338,
        "f1-score": 0.5666096308970912,
        "support": 2333.0
    },
    "accuracy": 0.7472042475526796,
    "macro avg": {
        "precision": 0.6983166582860498,
        "recall": 0.669069363199591,
        "f1-score": 0.6800851785518358,
        "support": 30135.0
    },
    "weighted avg": {
        "precision": 0.7435914493924491,
        "recall": 0.7472042475526796,
        "f1-score": 0.7431871428427863,
        "support": 30135.0
    },
    "model": "LogisticRegression"
}