{
    "0": {
        "precision": 0.5559490084985835,
        "recall": 0.4335818834576084,
        "f1-score": 0.48719937936384794,
        "support": 3621.0
    },
    "1": {
        "precision": 0.8170667230622819,
        "recall": 0.7955317615566766,
        "f1-score": 0.8061554512258737,
        "support": 9713.0
    },
    "2": {
        "precision": 0.5735352730171382,
        "recall": 0.629621527018158,
        "f1-score": 0.6002711440191887,
        "support": 4571.0
    },
    "3": {
        "precision": 0.7582546108861898,
        "recall": 0.8515711831868243,
        "f1-score": 0.802208261945555,
        "support": 9897.0
    },
    "4": {
        "precision": 0.610110400929692,
        "recall": 0.4500642948992713,
        "f1-score": 0.5180069067587568,
        "support": 2333.0
    },
    "accuracy": 0.7185332669653227,
    "macro avg": {
        "precision": 0.6629832032787771,
        "recall": 0.6320741300237078,
        "f1-score": 0.6427682286626444,
        "support": 30135.0
    },
    "weighted avg": {
        "precision": 0.7134137588567528,
        "recall": 0.7185332669653227,
        "f1-score": 0.7129962346669472,
        "support": 30135.0
    },
    "model": "LogisticRegression"
}