{
    "0": {
        "precision": 0.5027646129541864,
        "recall": 0.35156034244683787,
        "f1-score": 0.41378189501056395,
        "support": 3621.0
    },
    "1": {
        "precision": 0.8008285532186106,
        "recall": 0.7761762586224648,
        "f1-score": 0.7883097192450462,
        "support": 9713.0
    },
    "2": {
        "precision": 0.5264767730835405,
        "recall": 0.6024939838109823,
        "f1-score": 0.5619261375229545,
        "support": 4571.0
    },
    "3": {
        "precision": 0.7235413540471357,
        "recall": 0.8282307770031323,
        "f1-score": 0.7723546593800057,
        "support": 9897.0
    },
    "4": {
        "precision": 0.5770411295273173,
        "recall": 0.40291470210030006,
        "f1-score": 0.4745078243311459,
        "support": 2333.0
    },
    "accuracy": 0.6870084619213539,
    "macro avg": {
        "precision": 0.626130484566158,
        "recall": 0.5922752127967434,
        "f1-score": 0.6021760470979433,
        "support": 30135.0
    },
    "weighted avg": {
        "precision": 0.6806905414593022,
        "recall": 0.6870084619213539,
        "f1-score": 0.6794339385275027,
        "support": 30135.0
    },
    "model": "LogisticRegression"
}