{
    "0": {
        "precision": 0.44287158746208294,
        "recall": 0.36308372478585244,
        "f1-score": 0.39902824172487095,
        "support": 3619.0
    },
    "1": {
        "precision": 0.7552316501821967,
        "recall": 0.7468341398126223,
        "f1-score": 0.7510094212651414,
        "support": 9713.0
    },
    "2": {
        "precision": 0.480168776371308,
        "recall": 0.49803063457330415,
        "f1-score": 0.48893662728249193,
        "support": 4570.0
    },
    "3": {
        "precision": 0.6847492323439099,
        "recall": 0.8118932038834952,
        "f1-score": 0.7429205996668518,
        "support": 9888.0
    },
    "4": {
        "precision": 0.44649446494464945,
        "recall": 0.20772532188841203,
        "f1-score": 0.28353837141183363,
        "support": 2330.0
    },
    "accuracy": 0.6426294820717131,
    "macro avg": {
        "precision": 0.5619031422608295,
        "recall": 0.5255134049887371,
        "f1-score": 0.533086652270238,
        "support": 30120.0
    },
    "weighted avg": {
        "precision": 0.6289449241035674,
        "recall": 0.6426294820717131,
        "f1-score": 0.630136832573938,
        "support": 30120.0
    },
    "model": "LogisticRegression"
}