{
    "0": {
        "precision": 0.5620386643233743,
        "recall": 0.4415907207953604,
        "f1-score": 0.49458707083204456,
        "support": 3621.0
    },
    "1": {
        "precision": 0.8214285714285714,
        "recall": 0.8027385977555853,
        "f1-score": 0.8119760479041916,
        "support": 9713.0
    },
    "2": {
        "precision": 0.5754168282279953,
        "recall": 0.6493108728943339,
        "f1-score": 0.610134648987563,
        "support": 4571.0
    },
    "3": {
        "precision": 0.7654952076677316,
        "recall": 0.8473274729716076,
        "f1-score": 0.8043353155572607,
        "support": 9897.0
    },
    "4": {
        "precision": 0.6065281899109792,
        "recall": 0.4380625803686241,
        "f1-score": 0.5087108013937283,
        "support": 2333.0
    },
    "accuracy": 0.7224821635971461,
    "macro avg": {
        "precision": 0.6661814923117304,
        "recall": 0.6358060489571022,
        "f1-score": 0.6459487769349576,
        "support": 30135.0
    },
    "weighted avg": {
        "precision": 0.7179374274757151,
        "recall": 0.7224821635971461,
        "f1-score": 0.7172350268797139,
        "support": 30135.0
    },
    "model": "LogisticRegression"
}