{
    "0": {
        "precision": 0.7345203295243157,
        "recall": 0.7648035417819591,
        "f1-score": 0.7493561068184899,
        "support": 3614.0
    },
    "1": {
        "precision": 0.5752833243389098,
        "recall": 0.6350908549299971,
        "f1-score": 0.6037094718957949,
        "support": 3357.0
    },
    "2": {
        "precision": 0.6787564766839378,
        "recall": 0.7489280609814197,
        "f1-score": 0.7121177802944507,
        "support": 2099.0
    },
    "3": {
        "precision": 0.6887755102040817,
        "recall": 0.6617647058823529,
        "f1-score": 0.675,
        "support": 204.0
    },
    "4": {
        "precision": 0.5977337110481586,
        "recall": 0.5985815602836879,
        "f1-score": 0.5981573352232459,
        "support": 705.0
    },
    "5": {
        "precision": 0.6008869179600886,
        "recall": 0.6265895953757226,
        "f1-score": 0.613469156762875,
        "support": 1730.0
    },
    "6": {
        "precision": 0.6715265866209262,
        "recall": 0.7239275147928994,
        "f1-score": 0.6967431927389215,
        "support": 5408.0
    },
    "7": {
        "precision": 0.7104424778761061,
        "recall": 0.7543694794211614,
        "f1-score": 0.7317473338802297,
        "support": 5321.0
    },
    "8": {
        "precision": 0.2983479105928086,
        "recall": 0.11982825917252146,
        "f1-score": 0.17098301308827624,
        "support": 2562.0
    },
    "accuracy": 0.6538,
    "macro avg": {
        "precision": 0.6173636938721482,
        "recall": 0.6259870636246357,
        "f1-score": 0.6168092656335871,
        "support": 25000.0
    },
    "weighted avg": {
        "precision": 0.631527473034849,
        "recall": 0.6538,
        "f1-score": 0.6379974672002949,
        "support": 25000.0
    },
    "roc_auc": null,
    "model": "LogisticRegression",
    "params": {
        "max_iter": 200,
        "random_state": 42,
        "C": 0.9
    },
    "mode": "training"
}