{
    "0": {
        "precision": 0.7278481012658228,
        "recall": 0.7625994694960212,
        "f1-score": 0.7448186528497409,
        "support": 754.0
    },
    "1": {
        "precision": 0.5325936199722607,
        "recall": 0.5916795069337443,
        "f1-score": 0.5605839416058395,
        "support": 649.0
    },
    "2": {
        "precision": 0.65,
        "recall": 0.7258883248730964,
        "f1-score": 0.6858513189448441,
        "support": 394.0
    },
    "3": {
        "precision": 0.631578947368421,
        "recall": 0.5454545454545454,
        "f1-score": 0.5853658536585366,
        "support": 44.0
    },
    "4": {
        "precision": 0.6715328467153284,
        "recall": 0.5897435897435898,
        "f1-score": 0.6279863481228669,
        "support": 156.0
    },
    "5": {
        "precision": 0.5662337662337662,
        "recall": 0.6089385474860335,
        "f1-score": 0.5868102288021534,
        "support": 358.0
    },
    "6": {
        "precision": 0.6654991243432574,
        "recall": 0.6865401987353207,
        "f1-score": 0.6758559359715429,
        "support": 1107.0
    },
    "7": {
        "precision": 0.6699201419698314,
        "recall": 0.7294685990338164,
        "f1-score": 0.6984273820536541,
        "support": 1035.0
    },
    "8": {
        "precision": 0.22727272727272727,
        "recall": 0.09940357852882704,
        "f1-score": 0.13831258644536654,
        "support": 503.0
    },
    "accuracy": 0.6288,
    "macro avg": {
        "precision": 0.5936088083490462,
        "recall": 0.5933018178094439,
        "f1-score": 0.5893346942727272,
        "support": 5000.0
    },
    "weighted avg": {
        "precision": 0.6060408146409723,
        "recall": 0.6288,
        "f1-score": 0.6140107568645051,
        "support": 5000.0
    },
    "roc_auc": {
        "0": 0.9464498338895336,
        "1": 0.8836227366041279,
        "2": 0.969669334414833,
        "3": 0.9752595568273534,
        "4": 0.967275138156641,
        "5": 0.9360689021058636,
        "6": 0.9092353240511598,
        "7": 0.9265771149734087,
        "8": 0.6770252401534753
    },
    "model": "LogisticRegression",
    "params": {
        "max_iter": 200,
        "random_state": 42,
        "C": 0.9
    },
    "mode": "training"
}