{
    "0": {
        "precision": 0.49530075187969924,
        "recall": 0.12092703074804956,
        "f1-score": 0.19439321283659167,
        "support": 4358.0
    },
    "1": {
        "precision": 0.48111658456486045,
        "recall": 0.025361377997057042,
        "f1-score": 0.04818286466041769,
        "support": 11553.0
    },
    "2": {
        "precision": 0.2140221402214022,
        "recall": 0.02125710097122961,
        "f1-score": 0.038673112185364227,
        "support": 5457.0
    },
    "3": {
        "precision": 0.5331797235023041,
        "recall": 0.09708004698774962,
        "f1-score": 0.1642532651902328,
        "support": 11918.0
    },
    "4": {
        "precision": 0.08455870727002499,
        "recall": 0.9823659074210139,
        "f1-score": 0.15571407774057358,
        "support": 2722.0
    },
    "accuracy": 0.13238724727838258,
    "macro avg": {
        "precision": 0.3616355814876582,
        "recall": 0.24939829282501993,
        "f1-score": 0.120243306522636,
        "support": 36008.0
    },
    "weighted avg": {
        "precision": 0.42960964627991616,
        "recall": 0.13238724727838258,
        "f1-score": 0.110983269393086,
        "support": 36008.0
    },
    "roc_auc": null,
    "model": "SVM",
    "params": {
        "max_iter": 300,
        "C": 0.9,
        "grid_search": false
    },
    "mode": "training"
}