{
    "0": {
        "precision": 0.6038153165606857,
        "recall": 0.5011473152822395,
        "f1-score": 0.5477115987460816,
        "support": 4358.0
    },
    "1": {
        "precision": 0.8364053267483905,
        "recall": 0.8209123171470614,
        "f1-score": 0.8285864057312599,
        "support": 11553.0
    },
    "2": {
        "precision": 0.617491917645057,
        "recall": 0.665017408832692,
        "f1-score": 0.6403740956414329,
        "support": 5457.0
    },
    "3": {
        "precision": 0.7881446444919133,
        "recall": 0.8668400738378923,
        "f1-score": 0.8256213537920563,
        "support": 11918.0
    },
    "4": {
        "precision": 0.6550556361877117,
        "recall": 0.49742836149889785,
        "f1-score": 0.5654625182710378,
        "support": 2722.0
    },
    "accuracy": 0.749333481448567,
    "macro avg": {
        "precision": 0.7001825683267516,
        "recall": 0.6702690953197565,
        "f1-score": 0.6815511944363737,
        "support": 36008.0
    },
    "weighted avg": {
        "precision": 0.7453965951689145,
        "recall": 0.749333481448567,
        "f1-score": 0.7451969451758348,
        "support": 36008.0
    },
    "roc_auc": null,
    "model": "LogisticRegression",
    "params": {
        "max_iter": 300,
        "C": 0.9,
        "grid_search": false
    },
    "mode": "training"
}