{
    "0": {
        "precision": 0.46216216216216216,
        "recall": 0.1177145479577788,
        "f1-score": 0.18763716166788588,
        "support": 4358.0
    },
    "1": {
        "precision": 0.5139240506329114,
        "recall": 0.01757119362936034,
        "f1-score": 0.03398058252427184,
        "support": 11553.0
    },
    "2": {
        "precision": 0.1486725663716814,
        "recall": 0.015393073117097306,
        "f1-score": 0.027897708402524077,
        "support": 5457.0
    },
    "3": {
        "precision": 0.601957585644372,
        "recall": 0.09288471220003357,
        "f1-score": 0.16093625063603983,
        "support": 11918.0
    },
    "4": {
        "precision": 0.08370977289012119,
        "recall": 0.9871418074944893,
        "f1-score": 0.1543321558829442,
        "support": 2722.0
    },
    "accuracy": 0.12758275938680294,
    "macro avg": {
        "precision": 0.36208522754024963,
        "recall": 0.24614106687975185,
        "f1-score": 0.11295677182273316,
        "support": 36008.0
    },
    "weighted avg": {
        "precision": 0.44892140529525465,
        "recall": 0.12758275938680294,
        "f1-score": 0.10277351084752916,
        "support": 36008.0
    },
    "roc_auc": null,
    "model": "SVM",
    "params": {
        "max_iter": 300,
        "C": 0.9,
        "grid_search": false
    },
    "mode": "training"
}