{
    "0": {
        "precision": 0.5147368421052632,
        "recall": 0.11220743460302891,
        "f1-score": 0.18425018839487567,
        "support": 4358.0
    },
    "1": {
        "precision": 0.4392523364485981,
        "recall": 0.020341036960096946,
        "f1-score": 0.03888153540701522,
        "support": 11553.0
    },
    "2": {
        "precision": 0.16371681415929204,
        "recall": 0.00678028220634048,
        "f1-score": 0.013021291571353158,
        "support": 5457.0
    },
    "3": {
        "precision": 0.47458455522971654,
        "recall": 0.08147340157744588,
        "f1-score": 0.13907189916929247,
        "support": 11918.0
    },
    "4": {
        "precision": 0.08362531394375368,
        "recall": 0.9908155767817781,
        "f1-score": 0.15423326566208218,
        "support": 2722.0
    },
    "accuracy": 0.12300044434570095,
    "macro avg": {
        "precision": 0.3351831723773247,
        "recall": 0.24232354642573806,
        "f1-score": 0.10589163604092373,
        "support": 36008.0
    },
    "weighted avg": {
        "precision": 0.39144175987378654,
        "recall": 0.12300044434570095,
        "f1-score": 0.0944373397889026,
        "support": 36008.0
    },
    "roc_auc": null,
    "model": "SVM",
    "params": {
        "max_iter": 300,
        "C": 0.9,
        "grid_search": false
    },
    "mode": "training"
}