{
    "0": {
        "precision": 0.4218266253869969,
        "recall": 0.12505736576411197,
        "f1-score": 0.1929203539823009,
        "support": 4358.0
    },
    "1": {
        "precision": 0.6216216216216216,
        "recall": 0.02787154851553709,
        "f1-score": 0.05335100654461105,
        "support": 11553.0
    },
    "2": {
        "precision": 0.17341640706126688,
        "recall": 0.030602895363752977,
        "f1-score": 0.052024922118380064,
        "support": 5457.0
    },
    "3": {
        "precision": 0.6090383604834472,
        "recall": 0.09724786037925827,
        "f1-score": 0.16771579480500687,
        "support": 11918.0
    },
    "4": {
        "precision": 0.08518447593514618,
        "recall": 0.9805290227773695,
        "f1-score": 0.15675104246197216,
        "support": 2722.0
    },
    "accuracy": 0.13502554987780493,
    "macro avg": {
        "precision": 0.38221749809769573,
        "recall": 0.252261738560006,
        "f1-score": 0.12455262398245422,
        "support": 36008.0
    },
    "weighted avg": {
        "precision": 0.48479892482508474,
        "recall": 0.13502554987780493,
        "f1-score": 0.11571107146557207,
        "support": 36008.0
    },
    "roc_auc": null,
    "model": "SVM",
    "params": {
        "max_iter": 100,
        "C": 1,
        "grid_search": false
    },
    "mode": "training"
}