{
    "0": {
        "precision": 0.4904051172707889,
        "recall": 0.12703673018503175,
        "f1-score": 0.2017986400526431,
        "support": 3621.0
    },
    "1": {
        "precision": 0.5698529411764706,
        "recall": 0.03191598888088129,
        "f1-score": 0.06044652432485132,
        "support": 9713.0
    },
    "2": {
        "precision": 0.23655913978494625,
        "recall": 0.024064756070881644,
        "f1-score": 0.043685464654487687,
        "support": 4571.0
    },
    "3": {
        "precision": 0.5585434173669468,
        "recall": 0.10073759725169243,
        "f1-score": 0.1706899503509673,
        "support": 9897.0
    },
    "4": {
        "precision": 0.08646744688103625,
        "recall": 0.9785683669095585,
        "f1-score": 0.15889476614699333,
        "support": 2333.0
    },
    "accuracy": 0.13804546208727395,
    "macro avg": {
        "precision": 0.38836561249603774,
        "recall": 0.2524646878596091,
        "f1-score": 0.12710306910598854,
        "support": 30135.0
    },
    "weighted avg": {
        "precision": 0.46861400798061076,
        "recall": 0.13804546208727395,
        "f1-score": 0.11871697870841294,
        "support": 30135.0
    },
    "model": "SVM"
}