{
    "0": {
        "precision": 0.45286885245901637,
        "recall": 0.12206572769953052,
        "f1-score": 0.19229932564716118,
        "support": 3621.0
    },
    "1": {
        "precision": 0.6132596685082873,
        "recall": 0.022855966230824667,
        "f1-score": 0.04406947890818859,
        "support": 9713.0
    },
    "2": {
        "precision": 0.18658280922431866,
        "recall": 0.019470575366440604,
        "f1-score": 0.03526148969889065,
        "support": 4571.0
    },
    "3": {
        "precision": 0.6039136302294197,
        "recall": 0.09043144387188037,
        "f1-score": 0.15730732050268037,
        "support": 9897.0
    },
    "4": {
        "precision": 0.0860347268797973,
        "recall": 0.9897128161165881,
        "f1-score": 0.15830790853930274,
        "support": 2333.0
    },
    "accuracy": 0.13130910900945744,
    "macro avg": {
        "precision": 0.38853193746016784,
        "recall": 0.24890730585705284,
        "f1-score": 0.1174491046592447,
        "support": 30135.0
    },
    "weighted avg": {
        "precision": 0.4853808366394753,
        "recall": 0.13130910900945744,
        "f1-score": 0.10657859226329704,
        "support": 30135.0
    },
    "model": "SVM"
}