{
    "0": {
        "precision": 0.4133928571428571,
        "recall": 0.12786523059928195,
        "f1-score": 0.19531744357730438,
        "support": 3621.0
    },
    "1": {
        "precision": 0.6969072164948453,
        "recall": 0.03479872336044477,
        "f1-score": 0.06628750735438321,
        "support": 9713.0
    },
    "2": {
        "precision": 0.15963060686015831,
        "recall": 0.02647123167796981,
        "f1-score": 0.04541189716644774,
        "support": 4571.0
    },
    "3": {
        "precision": 0.5912408759124088,
        "recall": 0.09821157926644437,
        "f1-score": 0.16844294255263842,
        "support": 9897.0
    },
    "4": {
        "precision": 0.08745407225964483,
        "recall": 0.9794256322331761,
        "f1-score": 0.1605706053898317,
        "support": 2333.0
    },
    "accuracy": 0.13867595818815331,
    "macro avg": {
        "precision": 0.3897251257339829,
        "recall": 0.2533544794274634,
        "f1-score": 0.12720607920812108,
        "support": 30135.0
    },
    "weighted avg": {
        "precision": 0.499458043237875,
        "recall": 0.13867595818815331,
        "f1-score": 0.11947449241388139,
        "support": 30135.0
    },
    "model": "SVM"
}