{
    "0": {
        "precision": 0.5054282267792521,
        "recall": 0.11571389119027893,
        "f1-score": 0.18831460674157302,
        "support": 3621.0
    },
    "1": {
        "precision": 0.5263157894736842,
        "recall": 0.022650056625141562,
        "f1-score": 0.04343105320304017,
        "support": 9713.0
    },
    "2": {
        "precision": 0.18518518518518517,
        "recall": 0.008750820389411508,
        "f1-score": 0.016711928138709004,
        "support": 4571.0
    },
    "3": {
        "precision": 0.47542924807578446,
        "recall": 0.08113569768616753,
        "f1-score": 0.13861557051614018,
        "support": 9897.0
    },
    "4": {
        "precision": 0.08564651817811214,
        "recall": 0.9905700814402058,
        "f1-score": 0.15766134534042844,
        "support": 2333.0
    },
    "accuracy": 0.12586693213870914,
    "macro avg": {
        "precision": 0.3556009935384036,
        "recall": 0.24376410946624105,
        "f1-score": 0.10894690078797815,
        "support": 30135.0
    },
    "weighted avg": {
        "precision": 0.4212337464384478,
        "recall": 0.12586693213870914,
        "f1-score": 0.09689150338051644,
        "support": 30135.0
    },
    "model": "SVM"
}