{
    "0": {
        "precision": 0.5933774834437087,
        "recall": 0.4948909141121237,
        "f1-score": 0.5396777593735883,
        "support": 3621.0
    },
    "1": {
        "precision": 0.8350929054054054,
        "recall": 0.8143724904766807,
        "f1-score": 0.8246025540787073,
        "support": 9713.0
    },
    "2": {
        "precision": 0.620997162545602,
        "recall": 0.6703128418289215,
        "f1-score": 0.6447133087848501,
        "support": 4571.0
    },
    "3": {
        "precision": 0.7796007656549084,
        "recall": 0.8642012731130646,
        "f1-score": 0.8197239792984474,
        "support": 9897.0
    },
    "4": {
        "precision": 0.6622554660529344,
        "recall": 0.49335619374196316,
        "f1-score": 0.5654630311962663,
        "support": 2333.0
    },
    "accuracy": 0.7456445993031359,
    "macro avg": {
        "precision": 0.6982647566205118,
        "recall": 0.6674267426545507,
        "f1-score": 0.6788361265463718,
        "support": 30135.0
    },
    "weighted avg": {
        "precision": 0.7419680128666482,
        "recall": 0.7456445993031359,
        "f1-score": 0.7414154897564765,
        "support": 30135.0
    },
    "model": "LogisticRegression"
}