{
    "0": {
        "precision": 0.9146079484425349,
        "recall": 0.8963157894736842,
        "f1-score": 0.9053694843168527,
        "support": 1900.0
    },
    "1": {
        "precision": 0.9597730789066529,
        "recall": 0.9794736842105263,
        "f1-score": 0.9695233133628549,
        "support": 1900.0
    },
    "2": {
        "precision": 0.8656873032528857,
        "recall": 0.868421052631579,
        "f1-score": 0.8670520231213873,
        "support": 1900.0
    },
    "3": {
        "precision": 0.8769149498151083,
        "recall": 0.8736842105263158,
        "f1-score": 0.8752965989981545,
        "support": 1900.0
    },
    "accuracy": 0.9044736842105263,
    "macro avg": {
        "precision": 0.9042458201042956,
        "recall": 0.9044736842105263,
        "f1-score": 0.9043103549498124,
        "support": 7600.0
    },
    "weighted avg": {
        "precision": 0.9042458201042954,
        "recall": 0.9044736842105263,
        "f1-score": 0.9043103549498124,
        "support": 7600.0
    },
    "roc_auc": {
        "0": 0.9774746999076639,
        "1": 0.995372945521699,
        "2": 0.9714173591874424,
        "3": 0.9774711911357341
    },
    "model": "LogisticRegression",
    "params": {
        "max_iter": 5000,
        "random_state": 42,
        "C": 0.9
    },
    "mode": "training"
}