{
    "0": {
        "precision": 0.9957173447537473,
        "recall": 0.96875,
        "f1-score": 0.9820485744456178,
        "support": 480.0
    },
    "1": {
        "precision": 0.9221854304635762,
        "recall": 0.9537671232876712,
        "f1-score": 0.9377104377104377,
        "support": 584.0
    },
    "2": {
        "precision": 0.9909255898366606,
        "recall": 0.9238578680203046,
        "f1-score": 0.9562171628721541,
        "support": 591.0
    },
    "3": {
        "precision": 0.9019292604501608,
        "recall": 0.9508474576271186,
        "f1-score": 0.9257425742574258,
        "support": 590.0
    },
    "4": {
        "precision": 0.9694244604316546,
        "recall": 0.9325259515570934,
        "f1-score": 0.9506172839506173,
        "support": 578.0
    },
    "5": {
        "precision": 0.9458544839255499,
        "recall": 0.9426644182124789,
        "f1-score": 0.9442567567567568,
        "support": 593.0
    },
    "6": {
        "precision": 0.9629005059021922,
        "recall": 0.976068376068376,
        "f1-score": 0.969439728353141,
        "support": 585.0
    },
    "7": {
        "precision": 0.9755244755244755,
        "recall": 0.9393939393939394,
        "f1-score": 0.9571183533447685,
        "support": 594.0
    },
    "8": {
        "precision": 0.9764705882352941,
        "recall": 0.9715719063545151,
        "f1-score": 0.9740150880134115,
        "support": 598.0
    },
    "9": {
        "precision": 0.955,
        "recall": 0.9597989949748744,
        "f1-score": 0.9573934837092731,
        "support": 597.0
    },
    "10": {
        "precision": 0.9880341880341881,
        "recall": 0.9633333333333334,
        "f1-score": 0.9755274261603376,
        "support": 600.0
    },
    "11": {
        "precision": 0.9982608695652174,
        "recall": 0.9647058823529412,
        "f1-score": 0.9811965811965812,
        "support": 595.0
    },
    "12": {
        "precision": 0.8008474576271186,
        "recall": 0.9593908629441624,
        "f1-score": 0.8729792147806005,
        "support": 591.0
    },
    "13": {
        "precision": 0.9581939799331104,
        "recall": 0.9646464646464646,
        "f1-score": 0.9614093959731543,
        "support": 594.0
    },
    "14": {
        "precision": 0.9982300884955753,
        "recall": 0.9510961214165261,
        "f1-score": 0.9740932642487047,
        "support": 593.0
    },
    "15": {
        "precision": 0.9463414634146341,
        "recall": 0.9716193656093489,
        "f1-score": 0.9588138385502472,
        "support": 599.0
    },
    "16": {
        "precision": 0.9980952380952381,
        "recall": 0.9597069597069597,
        "f1-score": 0.9785247432306255,
        "support": 546.0
    },
    "17": {
        "precision": 0.9928571428571429,
        "recall": 0.9858156028368794,
        "f1-score": 0.9893238434163701,
        "support": 564.0
    },
    "18": {
        "precision": 0.9637526652452025,
        "recall": 0.9720430107526882,
        "f1-score": 0.9678800856531049,
        "support": 465.0
    },
    "19": {
        "precision": 0.9614325068870524,
        "recall": 0.9257294429708223,
        "f1-score": 0.9432432432432433,
        "support": 377.0
    },
    "accuracy": 0.9571327558776737,
    "macro avg": {
        "precision": 0.9600988869838897,
        "recall": 0.9568666541033248,
        "f1-score": 0.9578775539933286,
        "support": 11314.0
    },
    "weighted avg": {
        "precision": 0.959511839422643,
        "recall": 0.9571327558776737,
        "f1-score": 0.9577000538581363,
        "support": 11314.0
    },
    "roc_auc": null,
    "model": "XGBClassifier",
    "params": {
        "learning_rate": 0.1,
        "max_depth": 3,
        "n_estimators": 100,
        "num_class": 20,
        "eval_metric": "mlogloss",
        "objective": "multi:softmax"
    },
    "mode": "training"
}