{
    "processing_time_seconds": 159.2531418800354,
    "memory_usage_mb": 45.12890625,
    "successful_samples": 11314,
    "total_samples": 11314,
    "error_rate": 0.0,
    "samples_per_second": 71.04412425673071,
    "timestamp": "2025-05-24 11:51:00"
}