{
    "processing_time_seconds": 92.41797828674316,
    "memory_usage_mb": 30.23046875,
    "successful_samples": 7532,
    "total_samples": 7532,
    "error_rate": 0.0,
    "samples_per_second": 81.49929418095076,
    "timestamp": "2025-05-24 11:52:34"
}