{
    "0": {
        "precision": 0.746177370030581,
        "recall": 0.7648902821316614,
        "f1-score": 0.7554179566563467,
        "support": 319.0
    },
    "1": {
        "precision": 0.7529976019184652,
        "recall": 0.8071979434447301,
        "f1-score": 0.7791563275434243,
        "support": 389.0
    },
    "2": {
        "precision": 0.9080459770114943,
        "recall": 0.8020304568527918,
        "f1-score": 0.8517520215633423,
        "support": 394.0
    },
    "3": {
        "precision": 0.7522321428571429,
        "recall": 0.8596938775510204,
        "f1-score": 0.8023809523809524,
        "support": 392.0
    },
    "4": {
        "precision": 0.9313432835820895,
        "recall": 0.8103896103896104,
        "f1-score": 0.8666666666666667,
        "support": 385.0
    },
    "5": {
        "precision": 0.8255208333333334,
        "recall": 0.8025316455696202,
        "f1-score": 0.8138639281129654,
        "support": 395.0
    },
    "6": {
        "precision": 0.9004854368932039,
        "recall": 0.9512820512820512,
        "f1-score": 0.9251870324189526,
        "support": 390.0
    },
    "7": {
        "precision": 0.9485714285714286,
        "recall": 0.8383838383838383,
        "f1-score": 0.8900804289544236,
        "support": 396.0
    },
    "8": {
        "precision": 0.8888888888888888,
        "recall": 0.9246231155778895,
        "f1-score": 0.9064039408866995,
        "support": 398.0
    },
    "9": {
        "precision": 0.8952879581151832,
        "recall": 0.8614609571788413,
        "f1-score": 0.8780487804878049,
        "support": 397.0
    },
    "10": {
        "precision": 0.9316455696202531,
        "recall": 0.9223057644110275,
        "f1-score": 0.9269521410579346,
        "support": 399.0
    },
    "11": {
        "precision": 0.9915254237288136,
        "recall": 0.8863636363636364,
        "f1-score": 0.936,
        "support": 396.0
    },
    "12": {
        "precision": 0.6097560975609756,
        "recall": 0.8905852417302799,
        "f1-score": 0.7238883143743536,
        "support": 393.0
    },
    "13": {
        "precision": 0.8399014778325123,
        "recall": 0.8611111111111112,
        "f1-score": 0.8503740648379052,
        "support": 396.0
    },
    "14": {
        "precision": 0.9941176470588236,
        "recall": 0.8578680203045685,
        "f1-score": 0.9209809264305178,
        "support": 394.0
    },
    "15": {
        "precision": 0.8032036613272311,
        "recall": 0.8819095477386935,
        "f1-score": 0.8407185628742515,
        "support": 398.0
    },
    "16": {
        "precision": 0.9457831325301205,
        "recall": 0.8626373626373627,
        "f1-score": 0.9022988505747126,
        "support": 364.0
    },
    "17": {
        "precision": 0.986159169550173,
        "recall": 0.7579787234042553,
        "f1-score": 0.8571428571428571,
        "support": 376.0
    },
    "18": {
        "precision": 0.7298050139275766,
        "recall": 0.8451612903225807,
        "f1-score": 0.7832585949177877,
        "support": 310.0
    },
    "19": {
        "precision": 0.7117903930131004,
        "recall": 0.649402390438247,
        "f1-score": 0.6791666666666667,
        "support": 251.0
    },
    "accuracy": 0.8465215082315454,
    "macro avg": {
        "precision": 0.8546619253675696,
        "recall": 0.8418903433411907,
        "f1-score": 0.8444869507274284,
        "support": 7532.0
    },
    "weighted avg": {
        "precision": 0.8592928043640188,
        "recall": 0.8465215082315454,
        "f1-score": 0.8490690019545453,
        "support": 7532.0
    },
    "model": "XGBClassifier"
}