{
    "0": {
        "precision": 0.9422744086605355,
        "recall": 0.9255333333333333,
        "f1-score": 0.9338288462508618,
        "support": 30000.0
    },
    "1": {
        "precision": 0.9756878010160321,
        "recall": 0.9859,
        "f1-score": 0.9807673177040157,
        "support": 30000.0
    },
    "2": {
        "precision": 0.8946239442284488,
        "recall": 0.8897333333333334,
        "f1-score": 0.8921719366267798,
        "support": 30000.0
    },
    "3": {
        "precision": 0.8957969917388013,
        "recall": 0.9072333333333333,
        "f1-score": 0.9014788930659291,
        "support": 30000.0
    },
    "accuracy": 0.9271,
    "macro avg": {
        "precision": 0.9270957864109544,
        "recall": 0.9271,
        "f1-score": 0.9270617484118967,
        "support": 120000.0
    },
    "weighted avg": {
        "precision": 0.9270957864109544,
        "recall": 0.9271,
        "f1-score": 0.9270617484118967,
        "support": 120000.0
    },
    "roc_auc": null,
    "model": "LogisticRegression",
    "params": {
        "max_iter": 2000,
        "random_state": 42,
        "C": 0.5,
        "tol": 0.0001
    },
    "mode": "training"
}