{
    "0": {
        "precision": 0.9324396782841823,
        "recall": 0.9152631578947369,
        "f1-score": 0.9237715803452855,
        "support": 1900.0
    },
    "1": {
        "precision": 0.963345379452762,
        "recall": 0.9821052631578947,
        "f1-score": 0.9726348709929633,
        "support": 1900.0
    },
    "2": {
        "precision": 0.8836229594523434,
        "recall": 0.8831578947368421,
        "f1-score": 0.8833903658857594,
        "support": 1900.0
    },
    "3": {
        "precision": 0.8878357030015798,
        "recall": 0.8873684210526316,
        "f1-score": 0.8876020005264543,
        "support": 1900.0
    },
    "accuracy": 0.9169736842105263,
    "macro avg": {
        "precision": 0.9168109300477167,
        "recall": 0.9169736842105263,
        "f1-score": 0.9168497044376156,
        "support": 7600.0
    },
    "weighted avg": {
        "precision": 0.9168109300477169,
        "recall": 0.9169736842105263,
        "f1-score": 0.9168497044376156,
        "support": 7600.0
    },
    "roc_auc": {
        "0": 0.9864150507848569,
        "1": 0.9977855032317637,
        "2": 0.9787075715604802,
        "3": 0.9815570637119113
    },
    "model": "LogisticRegression",
    "params": {
        "max_iter": 2000,
        "random_state": 42,
        "C": 0.5,
        "tol": 0.0001
    },
    "mode": "training"
}