{
    "0": {
        "precision": 0.558866922395987,
        "recall": 0.43065029558890405,
        "f1-score": 0.4864517786053679,
        "support": 4398.0
    },
    "1": {
        "precision": 0.819640508548882,
        "recall": 0.8055842812823164,
        "f1-score": 0.8125516102394715,
        "support": 11604.0
    },
    "2": {
        "precision": 0.5711385552360007,
        "recall": 0.629733258720388,
        "f1-score": 0.5990063875088716,
        "support": 5361.0
    },
    "3": {
        "precision": 0.7600181460759111,
        "recall": 0.8442801948597346,
        "f1-score": 0.7999363361451536,
        "support": 11906.0
    },
    "4": {
        "precision": 0.6076071256620125,
        "recall": 0.46075209930631617,
        "f1-score": 0.5240863787375415,
        "support": 2739.0
    },
    "accuracy": 0.7201732948233726,
    "macro avg": {
        "precision": 0.6634542515837587,
        "recall": 0.6342000259515318,
        "f1-score": 0.6444064982472811,
        "support": 36008.0
    },
    "weighted avg": {
        "precision": 0.7149492042014838,
        "recall": 0.7201732948233726,
        "f1-score": 0.7148148094997395,
        "support": 36008.0
    },
    "roc_auc": null,
    "model": "LogisticRegression",
    "params": {
        "max_iter": 500,
        "C": 0.9,
        "grid_search": false
    },
    "mode": "training"
}