{
    "0": {
        "precision": 0.5518478650879082,
        "recall": 0.4247445457056062,
        "f1-score": 0.48002496878901374,
        "support": 3621.0
    },
    "1": {
        "precision": 0.8195306745238345,
        "recall": 0.8018120045300113,
        "f1-score": 0.8105745212323064,
        "support": 9713.0
    },
    "2": {
        "precision": 0.5718793137448235,
        "recall": 0.6344344782323342,
        "f1-score": 0.6015349512549264,
        "support": 4571.0
    },
    "3": {
        "precision": 0.7599168699737959,
        "recall": 0.8497524502374457,
        "f1-score": 0.8023278000381606,
        "support": 9897.0
    },
    "4": {
        "precision": 0.619800820152314,
        "recall": 0.453493356193742,
        "f1-score": 0.5237623762376238,
        "support": 2333.0
    },
    "accuracy": 0.7198938111830098,
    "macro avg": {
        "precision": 0.6645951086965353,
        "recall": 0.6328473669798279,
        "f1-score": 0.6436449235104063,
        "support": 30135.0
    },
    "weighted avg": {
        "precision": 0.7147600955635279,
        "recall": 0.7198938111830098,
        "f1-score": 0.7142350376519241,
        "support": 30135.0
    },
    "model": "LogisticRegression"
}