{
    "0": {
        "precision": 0.6838868388683886,
        "recall": 0.5991379310344828,
        "f1-score": 0.6387133831131534,
        "support": 928.0
    },
    "1": {
        "precision": 0.6917978458989229,
        "recall": 0.7646520146520146,
        "f1-score": 0.7264027838190518,
        "support": 1092.0
    },
    "accuracy": 0.6886138613861386,
    "macro avg": {
        "precision": 0.6878423423836557,
        "recall": 0.6818949728432486,
        "f1-score": 0.6825580834661026,
        "support": 2020.0
    },
    "weighted avg": {
        "precision": 0.688163482273014,
        "recall": 0.6886138613861386,
        "f1-score": 0.6861177522076292,
        "support": 2020.0
    },
    "roc_auc": null,
    "model": "LogisticRegression",
    "params": {
        "max_iter": 5000,
        "C": 1,
        "grid_search": false
    },
    "mode": "training"
}