{
    "0": {
        "precision": 0.6905269570514773,
        "recall": 0.6219478737997256,
        "f1-score": 0.6544457274826789,
        "support": 3645.0
    },
    "1": {
        "precision": 0.7126173096976016,
        "recall": 0.7708098353259644,
        "f1-score": 0.7405721716514955,
        "support": 4433.0
    },
    "accuracy": 0.7036395147313691,
    "macro avg": {
        "precision": 0.7015721333745395,
        "recall": 0.696378854562845,
        "f1-score": 0.6975089495670872,
        "support": 8078.0
    },
    "weighted avg": {
        "precision": 0.7026495781557442,
        "recall": 0.7036395147313691,
        "f1-score": 0.7017097194361777,
        "support": 8078.0
    },
    "roc_auc": null,
    "model": "LogisticRegression",
    "params": {
        "max_iter": 5000,
        "C": 1,
        "grid_search": false
    },
    "mode": "training"
}