{
    "0": {
        "precision": 0.6815384615384615,
        "recall": 0.6420289855072464,
        "f1-score": 0.6611940298507463,
        "support": 690.0
    },
    "1": {
        "precision": 0.6616438356164384,
        "recall": 0.7,
        "f1-score": 0.680281690140845,
        "support": 690.0
    },
    "accuracy": 0.6710144927536232,
    "macro avg": {
        "precision": 0.67159114857745,
        "recall": 0.6710144927536232,
        "f1-score": 0.6707378599957956,
        "support": 1380.0
    },
    "weighted avg": {
        "precision": 0.67159114857745,
        "recall": 0.6710144927536232,
        "f1-score": 0.6707378599957957,
        "support": 1380.0
    },
    "model": "LogisticRegression"
}