{
    "0": {
        "precision": 0.8302357207615594,
        "recall": 0.8010059042204243,
        "f1-score": 0.8153589315525877,
        "support": 4573.0
    },
    "1": {
        "precision": 0.8399577910657756,
        "recall": 0.8644343891402715,
        "f1-score": 0.8520203371688521,
        "support": 5525.0
    },
    "accuracy": 0.8357100415923945,
    "macro avg": {
        "precision": 0.8350967559136675,
        "recall": 0.8327201466803479,
        "f1-score": 0.8336896343607199,
        "support": 10098.0
    },
    "weighted avg": {
        "precision": 0.8355550353219471,
        "recall": 0.8357100415923945,
        "f1-score": 0.8354177814268064,
        "support": 10098.0
    },
    "roc_auc": null,
    "model": "LogisticRegression",
    "params": {
        "max_iter": 300,
        "C": 0.9
    },
    "mode": "training"
}