{
    "0": {
        "precision": 0.8640483383685801,
        "recall": 0.8289855072463768,
        "f1-score": 0.8461538461538461,
        "support": 690.0
    },
    "1": {
        "precision": 0.8356545961002786,
        "recall": 0.8695652173913043,
        "f1-score": 0.8522727272727273,
        "support": 690.0
    },
    "accuracy": 0.8492753623188406,
    "macro avg": {
        "precision": 0.8498514672344293,
        "recall": 0.8492753623188405,
        "f1-score": 0.8492132867132867,
        "support": 1380.0
    },
    "weighted avg": {
        "precision": 0.8498514672344293,
        "recall": 0.8492753623188406,
        "f1-score": 0.8492132867132868,
        "support": 1380.0
    },
    "roc_auc": {
        "0": 0.9128733459357278,
        "1": 0.9128733459357278
    },
    "model": "LogisticRegression",
    "params": {
        "max_iter": 300,
        "C": 0.9
    },
    "mode": "training"
}