{
    "0": {
        "precision": 0.8662131519274376,
        "recall": 0.7958333333333333,
        "f1-score": 0.8295331161780674,
        "support": 480.0
    },
    "1": {
        "precision": 0.7668161434977578,
        "recall": 0.8784246575342466,
        "f1-score": 0.8188347964884277,
        "support": 584.0
    },
    "2": {
        "precision": 0.8205546492659054,
        "recall": 0.8510998307952623,
        "f1-score": 0.8355481727574751,
        "support": 591.0
    },
    "3": {
        "precision": 0.7810344827586206,
        "recall": 0.7677966101694915,
        "f1-score": 0.7743589743589744,
        "support": 590.0
    },
    "4": {
        "precision": 0.8794063079777366,
        "recall": 0.8200692041522492,
        "f1-score": 0.8487018800358102,
        "support": 578.0
    },
    "5": {
        "precision": 0.9307282415630551,
        "recall": 0.8836424957841484,
        "f1-score": 0.9065743944636678,
        "support": 593.0
    },
    "6": {
        "precision": 0.8138041733547352,
        "recall": 0.8666666666666667,
        "f1-score": 0.8394039735099338,
        "support": 585.0
    },
    "7": {
        "precision": 0.8731707317073171,
        "recall": 0.9040404040404041,
        "f1-score": 0.8883374689826302,
        "support": 594.0
    },
    "8": {
        "precision": 0.9712230215827338,
        "recall": 0.903010033444816,
        "f1-score": 0.9358752166377816,
        "support": 598.0
    },
    "9": {
        "precision": 0.9663865546218487,
        "recall": 0.9631490787269682,
        "f1-score": 0.964765100671141,
        "support": 597.0
    },
    "10": {
        "precision": 0.9831365935919055,
        "recall": 0.9716666666666667,
        "f1-score": 0.9773679798826488,
        "support": 600.0
    },
    "11": {
        "precision": 0.9761029411764706,
        "recall": 0.892436974789916,
        "f1-score": 0.932396839332748,
        "support": 595.0
    },
    "12": {
        "precision": 0.7902439024390244,
        "recall": 0.8223350253807107,
        "f1-score": 0.8059701492537313,
        "support": 591.0
    },
    "13": {
        "precision": 0.9525423728813559,
        "recall": 0.9461279461279462,
        "f1-score": 0.9493243243243243,
        "support": 594.0
    },
    "14": {
        "precision": 0.9618055555555556,
        "recall": 0.9342327150084317,
        "f1-score": 0.9478186484174508,
        "support": 593.0
    },
    "15": {
        "precision": 0.7242693773824651,
        "recall": 0.9515859766277128,
        "f1-score": 0.8225108225108225,
        "support": 599.0
    },
    "16": {
        "precision": 0.8855633802816901,
        "recall": 0.9212454212454212,
        "f1-score": 0.9030520646319569,
        "support": 546.0
    },
    "17": {
        "precision": 0.9730700179533214,
        "recall": 0.9609929078014184,
        "f1-score": 0.9669937555753791,
        "support": 564.0
    },
    "18": {
        "precision": 0.7977315689981096,
        "recall": 0.9075268817204301,
        "f1-score": 0.8490945674044266,
        "support": 465.0
    },
    "19": {
        "precision": 0.8944099378881988,
        "recall": 0.3819628647214854,
        "f1-score": 0.5353159851301115,
        "support": 377.0
    },
    "accuracy": 0.8754640268693654,
    "macro avg": {
        "precision": 0.8804106553202622,
        "recall": 0.8661922847368864,
        "f1-score": 0.8665889115273755,
        "support": 11314.0
    },
    "weighted avg": {
        "precision": 0.881227255436108,
        "recall": 0.8754640268693654,
        "f1-score": 0.8733255056787403,
        "support": 11314.0
    },
    "roc_auc": null,
    "model": "SVM",
    "params": {
        "max_iter": 1000,
        "random_state": 42,
        "C": 0.8,
        "grid_search": false,
        "tol": 0.001,
        "normalize": false
    },
    "mode": "training"
}