{
    "0": {
        "precision": 0.8679245283018868,
        "recall": 0.09583333333333334,
        "f1-score": 0.1726078799249531,
        "support": 480.0
    },
    "1": {
        "precision": 0.7162162162162162,
        "recall": 0.1815068493150685,
        "f1-score": 0.2896174863387978,
        "support": 584.0
    },
    "2": {
        "precision": 0.7868217054263565,
        "recall": 0.34348561759729274,
        "f1-score": 0.47820965842167257,
        "support": 591.0
    },
    "3": {
        "precision": 0.6373626373626373,
        "recall": 0.19661016949152543,
        "f1-score": 0.3005181347150259,
        "support": 590.0
    },
    "4": {
        "precision": 0.5815085158150851,
        "recall": 0.4134948096885813,
        "f1-score": 0.4833164812942366,
        "support": 578.0
    },
    "5": {
        "precision": 0.5864661654135338,
        "recall": 0.9207419898819561,
        "f1-score": 0.7165354330708661,
        "support": 593.0
    },
    "6": {
        "precision": 0.8363636363636363,
        "recall": 0.629059829059829,
        "f1-score": 0.7180487804878048,
        "support": 585.0
    },
    "7": {
        "precision": 0.8656126482213439,
        "recall": 0.3686868686868687,
        "f1-score": 0.5171192443919717,
        "support": 594.0
    },
    "8": {
        "precision": 0.844097995545657,
        "recall": 0.6337792642140468,
        "f1-score": 0.7239732569245463,
        "support": 598.0
    },
    "9": {
        "precision": 0.8756756756756757,
        "recall": 0.271356783919598,
        "f1-score": 0.4143222506393862,
        "support": 597.0
    },
    "10": {
        "precision": 0.5956112852664577,
        "recall": 0.95,
        "f1-score": 0.7321772639691715,
        "support": 600.0
    },
    "11": {
        "precision": 0.95,
        "recall": 0.7025210084033613,
        "f1-score": 0.8077294685990338,
        "support": 595.0
    },
    "12": {
        "precision": 0.2951388888888889,
        "recall": 0.8629441624365483,
        "f1-score": 0.4398447606727037,
        "support": 591.0
    },
    "13": {
        "precision": 0.8943298969072165,
        "recall": 0.5841750841750841,
        "f1-score": 0.7067209775967414,
        "support": 594.0
    },
    "14": {
        "precision": 0.6849087893864013,
        "recall": 0.6964586846543002,
        "f1-score": 0.6906354515050167,
        "support": 593.0
    },
    "15": {
        "precision": 0.64,
        "recall": 0.05342237061769616,
        "f1-score": 0.09861325115562404,
        "support": 599.0
    },
    "16": {
        "precision": 0.6498599439775911,
        "recall": 0.4249084249084249,
        "f1-score": 0.5138427464008859,
        "support": 546.0
    },
    "17": {
        "precision": 0.9583333333333334,
        "recall": 0.6932624113475178,
        "f1-score": 0.8045267489711934,
        "support": 564.0
    },
    "18": {
        "precision": 0.20089285714285715,
        "recall": 0.3870967741935484,
        "f1-score": 0.26451138868479057,
        "support": 465.0
    },
    "19": {
        "precision": 0.16031235645383554,
        "recall": 0.9257294429708223,
        "f1-score": 0.27329678935003915,
        "support": 377.0
    },
    "accuracy": 0.5149372458900477,
    "macro avg": {
        "precision": 0.6813718537849305,
        "recall": 0.5167536939447702,
        "f1-score": 0.5073083726557231,
        "support": 11314.0
    },
    "weighted avg": {
        "precision": 0.6945178361142709,
        "recall": 0.5149372458900477,
        "f1-score": 0.5172614616343888,
        "support": 11314.0
    },
    "roc_auc": null,
    "model": "SVM",
    "params": {
        "max_iter": 100,
        "random_state": 42,
        "C": 0.9,
        "grid_search": false,
        "tol": 0.001,
        "normalize": false
    },
    "mode": "training"
}