{
    "processing_time_seconds": 17.340020656585693,
    "memory_usage_mb": 129.4609375,
    "successful_samples": 7532,
    "total_samples": 7532,
    "error_rate": 0.0,
    "samples_per_second": 434.3708781649788,
    "timestamp": "2025-05-24 13:02:14"
}