{
    "0": {
        "precision": 0.667910447761194,
        "recall": 0.5611285266457681,
        "f1-score": 0.6098807495741057,
        "support": 319.0
    },
    "1": {
        "precision": 0.5924453280318092,
        "recall": 0.7660668380462725,
        "f1-score": 0.6681614349775785,
        "support": 389.0
    },
    "2": {
        "precision": 0.7465564738292011,
        "recall": 0.6878172588832487,
        "f1-score": 0.7159841479524438,
        "support": 394.0
    },
    "3": {
        "precision": 0.6863753213367609,
        "recall": 0.6811224489795918,
        "f1-score": 0.6837387964148528,
        "support": 392.0
    },
    "4": {
        "precision": 0.7888888888888889,
        "recall": 0.7376623376623377,
        "f1-score": 0.7624161073825504,
        "support": 385.0
    },
    "5": {
        "precision": 0.896551724137931,
        "recall": 0.7240506329113924,
        "f1-score": 0.8011204481792717,
        "support": 395.0
    },
    "6": {
        "precision": 0.8215158924205379,
        "recall": 0.8615384615384616,
        "f1-score": 0.8410513141426783,
        "support": 390.0
    },
    "7": {
        "precision": 0.7714932126696833,
        "recall": 0.8611111111111112,
        "f1-score": 0.8138424821002387,
        "support": 396.0
    },
    "8": {
        "precision": 0.9447513812154696,
        "recall": 0.8592964824120602,
        "f1-score": 0.9,
        "support": 398.0
    },
    "9": {
        "precision": 0.9083969465648855,
        "recall": 0.8992443324937027,
        "f1-score": 0.9037974683544304,
        "support": 397.0
    },
    "10": {
        "precision": 0.9617346938775511,
        "recall": 0.9448621553884712,
        "f1-score": 0.9532237673830595,
        "support": 399.0
    },
    "11": {
        "precision": 0.9156976744186046,
        "recall": 0.7954545454545454,
        "f1-score": 0.8513513513513513,
        "support": 396.0
    },
    "12": {
        "precision": 0.6378132118451025,
        "recall": 0.712468193384224,
        "f1-score": 0.6730769230769231,
        "support": 393.0
    },
    "13": {
        "precision": 0.8520408163265306,
        "recall": 0.8434343434343434,
        "f1-score": 0.8477157360406091,
        "support": 396.0
    },
    "14": {
        "precision": 0.8894736842105263,
        "recall": 0.8578680203045685,
        "f1-score": 0.8733850129198967,
        "support": 394.0
    },
    "15": {
        "precision": 0.6678966789667896,
        "recall": 0.9095477386934674,
        "f1-score": 0.7702127659574468,
        "support": 398.0
    },
    "16": {
        "precision": 0.698876404494382,
        "recall": 0.8543956043956044,
        "f1-score": 0.7688504326328801,
        "support": 364.0
    },
    "17": {
        "precision": 0.953416149068323,
        "recall": 0.8164893617021277,
        "f1-score": 0.8796561604584527,
        "support": 376.0
    },
    "18": {
        "precision": 0.5373961218836565,
        "recall": 0.6258064516129033,
        "f1-score": 0.5782414307004471,
        "support": 310.0
    },
    "19": {
        "precision": 0.6635514018691588,
        "recall": 0.28286852589641437,
        "f1-score": 0.39664804469273746,
        "support": 251.0
    },
    "accuracy": 0.7766861391396708,
    "macro avg": {
        "precision": 0.7801391226908493,
        "recall": 0.7641116685475308,
        "f1-score": 0.7646177287145977,
        "support": 7532.0
    },
    "weighted avg": {
        "precision": 0.7864905354905264,
        "recall": 0.7766861391396708,
        "f1-score": 0.7753096603285977,
        "support": 7532.0
    },
    "model": "SVM"
}