{
    "0": {
        "precision": 0.5555555555555556,
        "recall": 0.047021943573667714,
        "f1-score": 0.08670520231213873,
        "support": 319.0
    },
    "1": {
        "precision": 0.7582417582417582,
        "recall": 0.17737789203084833,
        "f1-score": 0.2875,
        "support": 389.0
    },
    "2": {
        "precision": 0.7745098039215687,
        "recall": 0.20050761421319796,
        "f1-score": 0.3185483870967742,
        "support": 394.0
    },
    "3": {
        "precision": 0.725,
        "recall": 0.14795918367346939,
        "f1-score": 0.2457627118644068,
        "support": 392.0
    },
    "4": {
        "precision": 0.5265486725663717,
        "recall": 0.3090909090909091,
        "f1-score": 0.3895253682487725,
        "support": 385.0
    },
    "5": {
        "precision": 0.5333333333333333,
        "recall": 0.810126582278481,
        "f1-score": 0.6432160804020101,
        "support": 395.0
    },
    "6": {
        "precision": 0.8137931034482758,
        "recall": 0.6051282051282051,
        "f1-score": 0.6941176470588235,
        "support": 390.0
    },
    "7": {
        "precision": 0.8283582089552238,
        "recall": 0.2803030303030303,
        "f1-score": 0.4188679245283019,
        "support": 396.0
    },
    "8": {
        "precision": 0.8087248322147651,
        "recall": 0.6055276381909548,
        "f1-score": 0.6925287356321839,
        "support": 398.0
    },
    "9": {
        "precision": 0.8076923076923077,
        "recall": 0.21158690176322417,
        "f1-score": 0.33532934131736525,
        "support": 397.0
    },
    "10": {
        "precision": 0.6233108108108109,
        "recall": 0.924812030075188,
        "f1-score": 0.7447023208879919,
        "support": 399.0
    },
    "11": {
        "precision": 0.8931297709923665,
        "recall": 0.5909090909090909,
        "f1-score": 0.7112462006079028,
        "support": 396.0
    },
    "12": {
        "precision": 0.23879443585780524,
        "recall": 0.7862595419847328,
        "f1-score": 0.3663307646710136,
        "support": 393.0
    },
    "13": {
        "precision": 0.8433179723502304,
        "recall": 0.4621212121212121,
        "f1-score": 0.5970636215334421,
        "support": 396.0
    },
    "14": {
        "precision": 0.5916114790286976,
        "recall": 0.6802030456852792,
        "f1-score": 0.6328217237308147,
        "support": 394.0
    },
    "15": {
        "precision": 0.6296296296296297,
        "recall": 0.04271356783919598,
        "f1-score": 0.08,
        "support": 398.0
    },
    "16": {
        "precision": 0.48333333333333334,
        "recall": 0.31868131868131866,
        "f1-score": 0.3841059602649007,
        "support": 364.0
    },
    "17": {
        "precision": 0.9663461538461539,
        "recall": 0.5345744680851063,
        "f1-score": 0.6883561643835616,
        "support": 376.0
    },
    "18": {
        "precision": 0.12876254180602006,
        "recall": 0.24838709677419354,
        "f1-score": 0.1696035242290749,
        "support": 310.0
    },
    "19": {
        "precision": 0.13084665482534044,
        "recall": 0.8804780876494024,
        "f1-score": 0.22783505154639175,
        "support": 251.0
    },
    "accuracy": 0.4417153478491768,
    "macro avg": {
        "precision": 0.6330420179204773,
        "recall": 0.4431884680025354,
        "f1-score": 0.43570833651579344,
        "support": 7532.0
    },
    "weighted avg": {
        "precision": 0.6490659796859024,
        "recall": 0.4417153478491768,
        "f1-score": 0.4460273147174194,
        "support": 7532.0
    },
    "model": "SVM"
}