{
    "0": {
        "precision": 0.9710672368301337,
        "recall": 0.9824642150319879,
        "f1-score": 0.9767324807247936,
        "support": 21727.0
    },
    "1": {
        "precision": 0.991684206894172,
        "recall": 0.991838213724915,
        "f1-score": 0.9917612043307596,
        "support": 57953.0
    },
    "2": {
        "precision": 0.9847342352332372,
        "recall": 0.9806021790341578,
        "f1-score": 0.9826638633764893,
        "support": 27168.0
    },
    "3": {
        "precision": 0.9932049639171782,
        "recall": 0.9924519400872744,
        "f1-score": 0.9928283092170131,
        "support": 59353.0
    },
    "4": {
        "precision": 0.9860929081112567,
        "recall": 0.978611171327408,
        "f1-score": 0.9823377942189824,
        "support": 13839.0
    },
    "accuracy": 0.9881970673183736,
    "macro avg": {
        "precision": 0.9853567101971956,
        "recall": 0.9851935438411485,
        "f1-score": 0.9852647303736075,
        "support": 180040.0
    },
    "weighted avg": {
        "precision": 0.9882189867712221,
        "recall": 0.9881970673183736,
        "f1-score": 0.9882022155890604,
        "support": 180040.0
    },
    "roc_auc": null,
    "model": "LogisticRegression",
    "params": {
        "max_iter": 4000,
        "random_state": 42,
        "C": 0.9,
        "grid_search": false,
        "tol": 1e-05,
        "normalize": true
    },
    "mode": "training"
}