{
    "0": {
        "precision": 0.7107761027359017,
        "recall": 0.7031206848936757,
        "f1-score": 0.7069276690267944,
        "support": 3621.0
    },
    "1": {
        "precision": 0.9122406639004149,
        "recall": 0.9053845361886133,
        "f1-score": 0.908799669301917,
        "support": 9713.0
    },
    "2": {
        "precision": 0.7757602275213301,
        "recall": 0.7757602275213301,
        "f1-score": 0.7757602275213301,
        "support": 4571.0
    },
    "3": {
        "precision": 0.9191273465246068,
        "recall": 0.9152268364150753,
        "f1-score": 0.9171729445119482,
        "support": 9897.0
    },
    "4": {
        "precision": 0.6437474869320466,
        "recall": 0.6862408915559366,
        "f1-score": 0.6643153526970954,
        "support": 2333.0
    },
    "accuracy": 0.8476854156296665,
    "macro avg": {
        "precision": 0.79233036552286,
        "recall": 0.7971466353149262,
        "f1-score": 0.794595172611817,
        "support": 30135.0
    },
    "weighted avg": {
        "precision": 0.8488063737195265,
        "recall": 0.8476854156296665,
        "f1-score": 0.8481853202970837,
        "support": 30135.0
    },
    "model": "LogisticRegression"
}