{
    "0": {
        "precision": 0.6047430830039525,
        "recall": 0.47962382445141066,
        "f1-score": 0.534965034965035,
        "support": 319.0
    },
    "1": {
        "precision": 0.5566037735849056,
        "recall": 0.6066838046272494,
        "f1-score": 0.5805658056580566,
        "support": 389.0
    },
    "2": {
        "precision": 0.5615212527964206,
        "recall": 0.6370558375634517,
        "f1-score": 0.5969084423305588,
        "support": 394.0
    },
    "3": {
        "precision": 0.5384615384615384,
        "recall": 0.48214285714285715,
        "f1-score": 0.5087483176312247,
        "support": 392.0
    },
    "4": {
        "precision": 0.5868263473053892,
        "recall": 0.509090909090909,
        "f1-score": 0.545201668984701,
        "support": 385.0
    },
    "5": {
        "precision": 0.6957671957671958,
        "recall": 0.6658227848101266,
        "f1-score": 0.6804657179818887,
        "support": 395.0
    },
    "6": {
        "precision": 0.7247956403269755,
        "recall": 0.6820512820512821,
        "f1-score": 0.702774108322325,
        "support": 390.0
    },
    "7": {
        "precision": 0.7415458937198067,
        "recall": 0.7752525252525253,
        "f1-score": 0.7580246913580246,
        "support": 396.0
    },
    "8": {
        "precision": 0.7851239669421488,
        "recall": 0.7160804020100503,
        "f1-score": 0.7490144546649146,
        "support": 398.0
    },
    "9": {
        "precision": 0.8427518427518428,
        "recall": 0.8639798488664987,
        "f1-score": 0.8532338308457711,
        "support": 397.0
    },
    "10": {
        "precision": 0.8943298969072165,
        "recall": 0.8696741854636592,
        "f1-score": 0.8818297331639136,
        "support": 399.0
    },
    "11": {
        "precision": 0.7754569190600522,
        "recall": 0.75,
        "f1-score": 0.7625160462130937,
        "support": 396.0
    },
    "12": {
        "precision": 0.49445676274944567,
        "recall": 0.5674300254452926,
        "f1-score": 0.5284360189573459,
        "support": 393.0
    },
    "13": {
        "precision": 0.8532608695652174,
        "recall": 0.7929292929292929,
        "f1-score": 0.8219895287958116,
        "support": 396.0
    },
    "14": {
        "precision": 0.7716346153846154,
        "recall": 0.8147208121827412,
        "f1-score": 0.7925925925925926,
        "support": 394.0
    },
    "15": {
        "precision": 0.5929752066115702,
        "recall": 0.7211055276381909,
        "f1-score": 0.6507936507936508,
        "support": 398.0
    },
    "16": {
        "precision": 0.5905882352941176,
        "recall": 0.6895604395604396,
        "f1-score": 0.6362484157160964,
        "support": 364.0
    },
    "17": {
        "precision": 0.8757062146892656,
        "recall": 0.824468085106383,
        "f1-score": 0.8493150684931506,
        "support": 376.0
    },
    "18": {
        "precision": 0.5202952029520295,
        "recall": 0.45483870967741935,
        "f1-score": 0.4853700516351119,
        "support": 310.0
    },
    "19": {
        "precision": 0.4094488188976378,
        "recall": 0.41434262948207173,
        "f1-score": 0.41188118811881186,
        "support": 251.0
    },
    "accuracy": 0.6749867233138609,
    "macro avg": {
        "precision": 0.6708146638385671,
        "recall": 0.6658426891675926,
        "f1-score": 0.666543718361104,
        "support": 7532.0
    },
    "weighted avg": {
        "precision": 0.6784839432583458,
        "recall": 0.6749867233138609,
        "f1-score": 0.6749819225723138,
        "support": 7532.0
    },
    "roc_auc": {
        "0": 0.9502526568408572,
        "1": 0.9474474263728093,
        "2": 0.950662643490975,
        "3": 0.9451623506545476,
        "4": 0.9488507574697583,
        "5": 0.9744866740093966,
        "6": 0.9760582039075458,
        "7": 0.9764779238574083,
        "8": 0.981376957678778,
        "9": 0.9929382774452401,
        "10": 0.9941020362486196,
        "11": 0.9730485205190923,
        "12": 0.9264135966755382,
        "13": 0.9827662839153871,
        "14": 0.9769027710416688,
        "15": 0.9776958101412586,
        "16": 0.9644999601403061,
        "17": 0.9856369599086617,
        "18": 0.9307425340134535,
        "19": 0.933394837078003
    },
    "model": "LogisticRegression",
    "params": {
        "max_iter": 1000,
        "random_state": 42,
        "C": 0.4,
        "tol": 0.005
    },
    "mode": "training"
}