{
    "0": {
        "precision": 0.5360824742268041,
        "recall": 0.4890282131661442,
        "f1-score": 0.5114754098360655,
        "support": 319.0
    },
    "1": {
        "precision": 0.5270935960591133,
        "recall": 0.5501285347043702,
        "f1-score": 0.5383647798742138,
        "support": 389.0
    },
    "2": {
        "precision": 0.5095693779904307,
        "recall": 0.5406091370558376,
        "f1-score": 0.5246305418719212,
        "support": 394.0
    },
    "3": {
        "precision": 0.4269406392694064,
        "recall": 0.4770408163265306,
        "f1-score": 0.4506024096385542,
        "support": 392.0
    },
    "4": {
        "precision": 0.5128205128205128,
        "recall": 0.5194805194805194,
        "f1-score": 0.5161290322580645,
        "support": 385.0
    },
    "5": {
        "precision": 0.6455026455026455,
        "recall": 0.6177215189873417,
        "f1-score": 0.6313065976714101,
        "support": 395.0
    },
    "6": {
        "precision": 0.6648936170212766,
        "recall": 0.6410256410256411,
        "f1-score": 0.6527415143603134,
        "support": 390.0
    },
    "7": {
        "precision": 0.6970443349753694,
        "recall": 0.7146464646464646,
        "f1-score": 0.7057356608478803,
        "support": 396.0
    },
    "8": {
        "precision": 0.701530612244898,
        "recall": 0.6909547738693468,
        "f1-score": 0.6962025316455697,
        "support": 398.0
    },
    "9": {
        "precision": 0.8165829145728644,
        "recall": 0.818639798488665,
        "f1-score": 0.8176100628930818,
        "support": 397.0
    },
    "10": {
        "precision": 0.8828125,
        "recall": 0.849624060150376,
        "f1-score": 0.8659003831417624,
        "support": 399.0
    },
    "11": {
        "precision": 0.7972222222222223,
        "recall": 0.7247474747474747,
        "f1-score": 0.7592592592592593,
        "support": 396.0
    },
    "12": {
        "precision": 0.5036144578313253,
        "recall": 0.5318066157760815,
        "f1-score": 0.5173267326732673,
        "support": 393.0
    },
    "13": {
        "precision": 0.8735294117647059,
        "recall": 0.75,
        "f1-score": 0.8070652173913043,
        "support": 396.0
    },
    "14": {
        "precision": 0.7647058823529411,
        "recall": 0.7588832487309645,
        "f1-score": 0.7617834394904459,
        "support": 394.0
    },
    "15": {
        "precision": 0.639269406392694,
        "recall": 0.7035175879396985,
        "f1-score": 0.6698564593301436,
        "support": 398.0
    },
    "16": {
        "precision": 0.5954773869346733,
        "recall": 0.6510989010989011,
        "f1-score": 0.6220472440944882,
        "support": 364.0
    },
    "17": {
        "precision": 0.8502824858757062,
        "recall": 0.800531914893617,
        "f1-score": 0.8246575342465754,
        "support": 376.0
    },
    "18": {
        "precision": 0.49,
        "recall": 0.47419354838709676,
        "f1-score": 0.4819672131147541,
        "support": 310.0
    },
    "19": {
        "precision": 0.38223938223938225,
        "recall": 0.3944223107569721,
        "f1-score": 0.38823529411764707,
        "support": 251.0
    },
    "accuracy": 0.6428571428571429,
    "macro avg": {
        "precision": 0.6408606930148485,
        "recall": 0.6349050540116021,
        "f1-score": 0.6371448658878361,
        "support": 7532.0
    },
    "weighted avg": {
        "precision": 0.6488484626231442,
        "recall": 0.6428571428571429,
        "f1-score": 0.6450993432953507,
        "support": 7532.0
    },
    "roc_auc": {
        "0": 0.9435471568880119,
        "1": 0.9323691161138218,
        "2": 0.9256222149843619,
        "3": 0.9301702823986738,
        "4": 0.9405283117609967,
        "5": 0.9578821722419979,
        "6": 0.9719980756665159,
        "7": 0.9706779114010057,
        "8": 0.9771801959052341,
        "9": 0.9903371290283292,
        "10": 0.9921424899694913,
        "11": 0.9720300680572542,
        "12": 0.9333934981378493,
        "13": 0.9778307882638039,
        "14": 0.9725367056705158,
        "15": 0.971843025049554,
        "16": 0.9565494842768838,
        "17": 0.9836218379458392,
        "18": 0.9072582878480627,
        "19": 0.914974903298494
    },
    "model": "LogisticRegression",
    "params": {
        "max_iter": 600,
        "random_state": 42,
        "C": 0.5,
        "tol": 0.0002
    },
    "mode": "training"
}