{
    "0": {
        "precision": 0.759825327510917,
        "recall": 0.725,
        "f1-score": 0.7420042643923241,
        "support": 480.0
    },
    "1": {
        "precision": 0.6704730831973899,
        "recall": 0.7037671232876712,
        "f1-score": 0.6867167919799498,
        "support": 584.0
    },
    "2": {
        "precision": 0.7201986754966887,
        "recall": 0.7360406091370558,
        "f1-score": 0.7280334728033473,
        "support": 591.0
    },
    "3": {
        "precision": 0.6553571428571429,
        "recall": 0.6220338983050847,
        "f1-score": 0.6382608695652174,
        "support": 590.0
    },
    "4": {
        "precision": 0.7153024911032029,
        "recall": 0.6955017301038062,
        "f1-score": 0.7052631578947368,
        "support": 578.0
    },
    "5": {
        "precision": 0.7766497461928934,
        "recall": 0.7740303541315345,
        "f1-score": 0.7753378378378378,
        "support": 593.0
    },
    "6": {
        "precision": 0.7588532883642496,
        "recall": 0.7692307692307693,
        "f1-score": 0.7640067911714771,
        "support": 585.0
    },
    "7": {
        "precision": 0.7937293729372937,
        "recall": 0.8097643097643098,
        "f1-score": 0.8016666666666666,
        "support": 594.0
    },
    "8": {
        "precision": 0.8243243243243243,
        "recall": 0.8160535117056856,
        "f1-score": 0.8201680672268907,
        "support": 598.0
    },
    "9": {
        "precision": 0.903010033444816,
        "recall": 0.9045226130653267,
        "f1-score": 0.9037656903765691,
        "support": 597.0
    },
    "10": {
        "precision": 0.9308600337268128,
        "recall": 0.92,
        "f1-score": 0.9253981559094719,
        "support": 600.0
    },
    "11": {
        "precision": 0.8756388415672913,
        "recall": 0.8638655462184874,
        "f1-score": 0.8697123519458545,
        "support": 595.0
    },
    "12": {
        "precision": 0.7081260364842454,
        "recall": 0.7225042301184433,
        "f1-score": 0.7152428810720268,
        "support": 591.0
    },
    "13": {
        "precision": 0.9123102866779089,
        "recall": 0.9107744107744108,
        "f1-score": 0.9115417017691659,
        "support": 594.0
    },
    "14": {
        "precision": 0.8525121555915721,
        "recall": 0.8870151770657673,
        "f1-score": 0.8694214876033057,
        "support": 593.0
    },
    "15": {
        "precision": 0.7107692307692308,
        "recall": 0.7712854757929883,
        "f1-score": 0.7397918334667735,
        "support": 599.0
    },
    "16": {
        "precision": 0.8186813186813187,
        "recall": 0.8186813186813187,
        "f1-score": 0.8186813186813187,
        "support": 546.0
    },
    "17": {
        "precision": 0.922365988909427,
        "recall": 0.8847517730496454,
        "f1-score": 0.9031674208144796,
        "support": 564.0
    },
    "18": {
        "precision": 0.810752688172043,
        "recall": 0.810752688172043,
        "f1-score": 0.810752688172043,
        "support": 465.0
    },
    "19": {
        "precision": 0.631578947368421,
        "recall": 0.5729442970822282,
        "f1-score": 0.6008344923504868,
        "support": 377.0
    },
    "accuracy": 0.7903482411171999,
    "macro avg": {
        "precision": 0.7875659506688595,
        "recall": 0.7859259917843289,
        "f1-score": 0.7864883970849972,
        "support": 11314.0
    },
    "weighted avg": {
        "precision": 0.7904863136816358,
        "recall": 0.7903482411171999,
        "f1-score": 0.790179575928623,
        "support": 11314.0
    },
    "roc_auc": null,
    "model": "LogisticRegression",
    "params": {
        "max_iter": 1000,
        "random_state": 42,
        "C": 0.5,
        "tol": 0.005
    },
    "mode": "training"
}