{
    "0": {
        "precision": 0.6055776892430279,
        "recall": 0.47648902821316613,
        "f1-score": 0.5333333333333333,
        "support": 319.0
    },
    "1": {
        "precision": 0.5552941176470588,
        "recall": 0.6066838046272494,
        "f1-score": 0.5798525798525799,
        "support": 389.0
    },
    "2": {
        "precision": 0.5627802690582959,
        "recall": 0.6370558375634517,
        "f1-score": 0.5976190476190476,
        "support": 394.0
    },
    "3": {
        "precision": 0.5360230547550432,
        "recall": 0.4744897959183674,
        "f1-score": 0.503382949932341,
        "support": 392.0
    },
    "4": {
        "precision": 0.5880597014925373,
        "recall": 0.5116883116883116,
        "f1-score": 0.5472222222222223,
        "support": 385.0
    },
    "5": {
        "precision": 0.6949602122015915,
        "recall": 0.6632911392405063,
        "f1-score": 0.6787564766839378,
        "support": 395.0
    },
    "6": {
        "precision": 0.7247956403269755,
        "recall": 0.6820512820512821,
        "f1-score": 0.702774108322325,
        "support": 390.0
    },
    "7": {
        "precision": 0.7415458937198067,
        "recall": 0.7752525252525253,
        "f1-score": 0.7580246913580246,
        "support": 396.0
    },
    "8": {
        "precision": 0.7851239669421488,
        "recall": 0.7160804020100503,
        "f1-score": 0.7490144546649146,
        "support": 398.0
    },
    "9": {
        "precision": 0.8427518427518428,
        "recall": 0.8639798488664987,
        "f1-score": 0.8532338308457711,
        "support": 397.0
    },
    "10": {
        "precision": 0.8920308483290489,
        "recall": 0.8696741854636592,
        "f1-score": 0.8807106598984772,
        "support": 399.0
    },
    "11": {
        "precision": 0.7734375,
        "recall": 0.75,
        "f1-score": 0.7615384615384615,
        "support": 396.0
    },
    "12": {
        "precision": 0.4955555555555556,
        "recall": 0.5674300254452926,
        "f1-score": 0.5290628706998813,
        "support": 393.0
    },
    "13": {
        "precision": 0.8528610354223434,
        "recall": 0.7904040404040404,
        "f1-score": 0.8204456094364351,
        "support": 396.0
    },
    "14": {
        "precision": 0.7721822541966427,
        "recall": 0.817258883248731,
        "f1-score": 0.7940813810110974,
        "support": 394.0
    },
    "15": {
        "precision": 0.5921325051759835,
        "recall": 0.7185929648241206,
        "f1-score": 0.6492622020431328,
        "support": 398.0
    },
    "16": {
        "precision": 0.5892018779342723,
        "recall": 0.6895604395604396,
        "f1-score": 0.6354430379746835,
        "support": 364.0
    },
    "17": {
        "precision": 0.8757062146892656,
        "recall": 0.824468085106383,
        "f1-score": 0.8493150684931506,
        "support": 376.0
    },
    "18": {
        "precision": 0.5164835164835165,
        "recall": 0.45483870967741935,
        "f1-score": 0.483704974271012,
        "support": 310.0
    },
    "19": {
        "precision": 0.4046692607003891,
        "recall": 0.41434262948207173,
        "f1-score": 0.4094488188976378,
        "support": 251.0
    },
    "accuracy": 0.6743228890069038,
    "macro avg": {
        "precision": 0.6700586478312672,
        "recall": 0.6651815969321784,
        "f1-score": 0.6658113389549233,
        "support": 7532.0
    },
    "weighted avg": {
        "precision": 0.6778206350173619,
        "recall": 0.6743228890069038,
        "f1-score": 0.674296858333596,
        "support": 7532.0
    },
    "roc_auc": {
        "0": 0.9502074580596598,
        "1": 0.9473880445270271,
        "2": 0.9506580210583806,
        "3": 0.9450208654890528,
        "4": 0.9487511788617146,
        "5": 0.9744891570581548,
        "6": 0.9759903496111841,
        "7": 0.9764687231054944,
        "8": 0.9813713225505154,
        "9": 0.9929555760707054,
        "10": 0.9941016848865469,
        "11": 0.9730672758979934,
        "12": 0.9263875775361444,
        "13": 0.9827517750373692,
        "14": 0.9768761031613172,
        "15": 0.9775042157803314,
        "16": 0.9644980438088696,
        "17": 0.9856614892427721,
        "18": 0.9305522552058675,
        "19": 0.9333401184439551
    },
    "model": "LogisticRegression",
    "params": {
        "max_iter": 1000,
        "random_state": 42,
        "C": 0.5,
        "tol": 0.005
    },
    "mode": "training"
}