{
    "0": {
        "precision": 0.8161925601750547,
        "recall": 0.7770833333333333,
        "f1-score": 0.7961579509071505,
        "support": 480.0
    },
    "1": {
        "precision": 0.7744755244755245,
        "recall": 0.7585616438356164,
        "f1-score": 0.7664359861591695,
        "support": 584.0
    },
    "2": {
        "precision": 0.7734899328859061,
        "recall": 0.7800338409475466,
        "f1-score": 0.776748104465038,
        "support": 591.0
    },
    "3": {
        "precision": 0.7140381282495667,
        "recall": 0.6983050847457627,
        "f1-score": 0.7060839760068551,
        "support": 590.0
    },
    "4": {
        "precision": 0.7744755244755245,
        "recall": 0.7664359861591695,
        "f1-score": 0.7704347826086957,
        "support": 578.0
    },
    "5": {
        "precision": 0.8071895424836601,
        "recall": 0.8330522765598651,
        "f1-score": 0.8199170124481328,
        "support": 593.0
    },
    "6": {
        "precision": 0.7957166392092258,
        "recall": 0.8256410256410256,
        "f1-score": 0.8104026845637584,
        "support": 585.0
    },
    "7": {
        "precision": 0.8160919540229885,
        "recall": 0.8367003367003367,
        "f1-score": 0.8262676641729011,
        "support": 594.0
    },
    "8": {
        "precision": 0.8697183098591549,
        "recall": 0.8260869565217391,
        "f1-score": 0.8473413379073756,
        "support": 598.0
    },
    "9": {
        "precision": 0.9058441558441559,
        "recall": 0.9346733668341709,
        "f1-score": 0.920032976092333,
        "support": 597.0
    },
    "10": {
        "precision": 0.9276315789473685,
        "recall": 0.94,
        "f1-score": 0.9337748344370861,
        "support": 600.0
    },
    "11": {
        "precision": 0.8872305140961857,
        "recall": 0.8991596638655462,
        "f1-score": 0.8931552587646077,
        "support": 595.0
    },
    "12": {
        "precision": 0.7512605042016807,
        "recall": 0.7563451776649747,
        "f1-score": 0.7537942664418212,
        "support": 591.0
    },
    "13": {
        "precision": 0.9195979899497487,
        "recall": 0.9242424242424242,
        "f1-score": 0.9219143576826196,
        "support": 594.0
    },
    "14": {
        "precision": 0.8685064935064936,
        "recall": 0.9021922428330523,
        "f1-score": 0.8850289495450786,
        "support": 593.0
    },
    "15": {
        "precision": 0.8152350081037277,
        "recall": 0.8397328881469115,
        "f1-score": 0.8273026315789473,
        "support": 599.0
    },
    "16": {
        "precision": 0.8664122137404581,
        "recall": 0.8315018315018315,
        "f1-score": 0.8485981308411215,
        "support": 546.0
    },
    "17": {
        "precision": 0.9373881932021467,
        "recall": 0.9290780141843972,
        "f1-score": 0.9332146037399822,
        "support": 564.0
    },
    "18": {
        "precision": 0.8290598290598291,
        "recall": 0.8344086021505376,
        "f1-score": 0.8317256162915327,
        "support": 465.0
    },
    "19": {
        "precision": 0.7331378299120235,
        "recall": 0.6631299734748011,
        "f1-score": 0.6963788300835655,
        "support": 377.0
    },
    "accuracy": 0.83144776383242,
    "macro avg": {
        "precision": 0.8291346213200212,
        "recall": 0.8278182334671522,
        "f1-score": 0.8282354977368886,
        "support": 11314.0
    },
    "weighted avg": {
        "precision": 0.8309745428506657,
        "recall": 0.83144776383242,
        "f1-score": 0.8309983807555725,
        "support": 11314.0
    },
    "roc_auc": null,
    "model": "LogisticRegression",
    "params": {
        "max_iter": 1000,
        "random_state": 42,
        "C": 0.5,
        "tol": 0.004
    },
    "mode": "training"
}