{
    "0": {
        "precision": 1.0,
        "recall": 1.0,
        "f1-score": 1.0,
        "support": 480.0
    },
    "1": {
        "precision": 0.989778534923339,
        "recall": 0.9948630136986302,
        "f1-score": 0.9923142613151152,
        "support": 584.0
    },
    "2": {
        "precision": 0.9915110356536503,
        "recall": 0.988155668358714,
        "f1-score": 0.9898305084745763,
        "support": 591.0
    },
    "3": {
        "precision": 0.9815126050420168,
        "recall": 0.9898305084745763,
        "f1-score": 0.9856540084388186,
        "support": 590.0
    },
    "4": {
        "precision": 1.0,
        "recall": 0.9844290657439446,
        "f1-score": 0.992153443766347,
        "support": 578.0
    },
    "5": {
        "precision": 0.9983108108108109,
        "recall": 0.9966273187183811,
        "f1-score": 0.9974683544303797,
        "support": 593.0
    },
    "6": {
        "precision": 0.9948979591836735,
        "recall": 1.0,
        "f1-score": 0.9974424552429667,
        "support": 585.0
    },
    "7": {
        "precision": 1.0,
        "recall": 1.0,
        "f1-score": 1.0,
        "support": 594.0
    },
    "8": {
        "precision": 1.0,
        "recall": 1.0,
        "f1-score": 1.0,
        "support": 598.0
    },
    "9": {
        "precision": 1.0,
        "recall": 1.0,
        "f1-score": 1.0,
        "support": 597.0
    },
    "10": {
        "precision": 1.0,
        "recall": 1.0,
        "f1-score": 1.0,
        "support": 600.0
    },
    "11": {
        "precision": 1.0,
        "recall": 1.0,
        "f1-score": 1.0,
        "support": 595.0
    },
    "12": {
        "precision": 0.9949324324324325,
        "recall": 0.9966159052453468,
        "f1-score": 0.9957734573119188,
        "support": 591.0
    },
    "13": {
        "precision": 1.0,
        "recall": 1.0,
        "f1-score": 1.0,
        "support": 594.0
    },
    "14": {
        "precision": 1.0,
        "recall": 1.0,
        "f1-score": 1.0,
        "support": 593.0
    },
    "15": {
        "precision": 1.0,
        "recall": 1.0,
        "f1-score": 1.0,
        "support": 599.0
    },
    "16": {
        "precision": 1.0,
        "recall": 1.0,
        "f1-score": 1.0,
        "support": 546.0
    },
    "17": {
        "precision": 1.0,
        "recall": 1.0,
        "f1-score": 1.0,
        "support": 564.0
    },
    "18": {
        "precision": 1.0,
        "recall": 1.0,
        "f1-score": 1.0,
        "support": 465.0
    },
    "19": {
        "precision": 1.0,
        "recall": 1.0,
        "f1-score": 1.0,
        "support": 377.0
    },
    "accuracy": 0.9974368039596959,
    "macro avg": {
        "precision": 0.997547168902296,
        "recall": 0.9975260740119797,
        "f1-score": 0.9975318244490061,
        "support": 11314.0
    },
    "weighted avg": {
        "precision": 0.9974478352432522,
        "recall": 0.9974368039596959,
        "f1-score": 0.9974373871626347,
        "support": 11314.0
    },
    "roc_auc": null,
    "model": "LogisticRegression",
    "params": {
        "max_iter": 600,
        "random_state": 42,
        "C": 0.5,
        "tol": 0.0002
    },
    "mode": "training"
}