{
    "0": {
        "precision": 0.9875776397515528,
        "recall": 0.99375,
        "f1-score": 0.9906542056074766,
        "support": 480.0
    },
    "1": {
        "precision": 0.9441624365482234,
        "recall": 0.9554794520547946,
        "f1-score": 0.9497872340425532,
        "support": 584.0
    },
    "2": {
        "precision": 0.9579124579124579,
        "recall": 0.9627749576988156,
        "f1-score": 0.960337552742616,
        "support": 591.0
    },
    "3": {
        "precision": 0.9318568994889267,
        "recall": 0.9271186440677966,
        "f1-score": 0.929481733220051,
        "support": 590.0
    },
    "4": {
        "precision": 0.9558303886925795,
        "recall": 0.9359861591695502,
        "f1-score": 0.9458041958041958,
        "support": 578.0
    },
    "5": {
        "precision": 0.9699499165275459,
        "recall": 0.9797639123102867,
        "f1-score": 0.9748322147651006,
        "support": 593.0
    },
    "6": {
        "precision": 0.9711375212224108,
        "recall": 0.9777777777777777,
        "f1-score": 0.9744463373083475,
        "support": 585.0
    },
    "7": {
        "precision": 0.9882352941176471,
        "recall": 0.98989898989899,
        "f1-score": 0.9890664423885618,
        "support": 594.0
    },
    "8": {
        "precision": 0.9949832775919732,
        "recall": 0.9949832775919732,
        "f1-score": 0.9949832775919732,
        "support": 598.0
    },
    "9": {
        "precision": 0.996661101836394,
        "recall": 1.0,
        "f1-score": 0.9983277591973244,
        "support": 597.0
    },
    "10": {
        "precision": 0.9966722129783694,
        "recall": 0.9983333333333333,
        "f1-score": 0.9975020815986678,
        "support": 600.0
    },
    "11": {
        "precision": 0.9966499162479062,
        "recall": 1.0,
        "f1-score": 0.9983221476510067,
        "support": 595.0
    },
    "12": {
        "precision": 0.9693877551020408,
        "recall": 0.9644670050761421,
        "f1-score": 0.9669211195928753,
        "support": 591.0
    },
    "13": {
        "precision": 0.9983164983164983,
        "recall": 0.9983164983164983,
        "f1-score": 0.9983164983164983,
        "support": 594.0
    },
    "14": {
        "precision": 0.9966273187183811,
        "recall": 0.9966273187183811,
        "f1-score": 0.9966273187183811,
        "support": 593.0
    },
    "15": {
        "precision": 0.9932773109243698,
        "recall": 0.986644407345576,
        "f1-score": 0.9899497487437185,
        "support": 599.0
    },
    "16": {
        "precision": 0.9926605504587156,
        "recall": 0.9908424908424909,
        "f1-score": 0.9917506874427131,
        "support": 546.0
    },
    "17": {
        "precision": 1.0,
        "recall": 1.0,
        "f1-score": 1.0,
        "support": 564.0
    },
    "18": {
        "precision": 0.9935483870967742,
        "recall": 0.9935483870967742,
        "f1-score": 0.9935483870967742,
        "support": 465.0
    },
    "19": {
        "precision": 0.9946091644204852,
        "recall": 0.9787798408488063,
        "f1-score": 0.9866310160427807,
        "support": 377.0
    },
    "accuracy": 0.9810853809439632,
    "macro avg": {
        "precision": 0.9815028023976625,
        "recall": 0.9812546226073993,
        "f1-score": 0.9813644978935809,
        "support": 11314.0
    },
    "weighted avg": {
        "precision": 0.9810841202874858,
        "recall": 0.9810853809439632,
        "f1-score": 0.9810713302898137,
        "support": 11314.0
    },
    "roc_auc": null,
    "model": "LogisticRegression",
    "params": {
        "max_iter": 600,
        "random_state": 42,
        "C": 0.5,
        "tol": 0.001
    },
    "mode": "training"
}