{
    "0": {
        "precision": 0.5463576158940397,
        "recall": 0.5172413793103449,
        "f1-score": 0.5314009661835749,
        "support": 319.0
    },
    "1": {
        "precision": 0.5552699228791774,
        "recall": 0.5552699228791774,
        "f1-score": 0.5552699228791774,
        "support": 389.0
    },
    "2": {
        "precision": 0.522673031026253,
        "recall": 0.5558375634517766,
        "f1-score": 0.5387453874538746,
        "support": 394.0
    },
    "3": {
        "precision": 0.4574712643678161,
        "recall": 0.5076530612244898,
        "f1-score": 0.48125755743651755,
        "support": 392.0
    },
    "4": {
        "precision": 0.5343511450381679,
        "recall": 0.5454545454545454,
        "f1-score": 0.5398457583547558,
        "support": 385.0
    },
    "5": {
        "precision": 0.6772486772486772,
        "recall": 0.6481012658227848,
        "f1-score": 0.6623544631306598,
        "support": 395.0
    },
    "6": {
        "precision": 0.6693548387096774,
        "recall": 0.6384615384615384,
        "f1-score": 0.6535433070866141,
        "support": 390.0
    },
    "7": {
        "precision": 0.7121951219512195,
        "recall": 0.7373737373737373,
        "f1-score": 0.7245657568238213,
        "support": 396.0
    },
    "8": {
        "precision": 0.7362924281984334,
        "recall": 0.7085427135678392,
        "f1-score": 0.7221510883482715,
        "support": 398.0
    },
    "9": {
        "precision": 0.8292079207920792,
        "recall": 0.8438287153652393,
        "f1-score": 0.83645443196005,
        "support": 397.0
    },
    "10": {
        "precision": 0.890625,
        "recall": 0.8571428571428571,
        "f1-score": 0.8735632183908046,
        "support": 399.0
    },
    "11": {
        "precision": 0.8161559888579387,
        "recall": 0.73989898989899,
        "f1-score": 0.776158940397351,
        "support": 396.0
    },
    "12": {
        "precision": 0.5072815533980582,
        "recall": 0.5318066157760815,
        "f1-score": 0.5192546583850932,
        "support": 393.0
    },
    "13": {
        "precision": 0.867816091954023,
        "recall": 0.7626262626262627,
        "f1-score": 0.8118279569892473,
        "support": 396.0
    },
    "14": {
        "precision": 0.7783505154639175,
        "recall": 0.766497461928934,
        "f1-score": 0.7723785166240409,
        "support": 394.0
    },
    "15": {
        "precision": 0.6461187214611872,
        "recall": 0.7110552763819096,
        "f1-score": 0.6770334928229665,
        "support": 398.0
    },
    "16": {
        "precision": 0.6059850374064838,
        "recall": 0.6675824175824175,
        "f1-score": 0.6352941176470588,
        "support": 364.0
    },
    "17": {
        "precision": 0.867816091954023,
        "recall": 0.8031914893617021,
        "f1-score": 0.8342541436464088,
        "support": 376.0
    },
    "18": {
        "precision": 0.4806451612903226,
        "recall": 0.4806451612903226,
        "f1-score": 0.4806451612903226,
        "support": 310.0
    },
    "19": {
        "precision": 0.38223938223938225,
        "recall": 0.3944223107569721,
        "f1-score": 0.38823529411764707,
        "support": 251.0
    },
    "accuracy": 0.6567976633032395,
    "macro avg": {
        "precision": 0.6541727755065437,
        "recall": 0.6486316642828961,
        "f1-score": 0.6507117069984127,
        "support": 7532.0
    },
    "weighted avg": {
        "precision": 0.6626825287972126,
        "recall": 0.6567976633032395,
        "f1-score": 0.6590303256776877,
        "support": 7532.0
    },
    "roc_auc": {
        "0": 0.9465311456543761,
        "1": 0.9400113797209917,
        "2": 0.9314297681814497,
        "3": 0.9356142456982792,
        "4": 0.9441887341705446,
        "5": 0.964235584571754,
        "6": 0.9738337318426928,
        "7": 0.972648995560991,
        "8": 0.9795156043745501,
        "9": 0.9911039170795684,
        "10": 0.9928009424936236,
        "11": 0.9745574438329484,
        "12": 0.9381464464093053,
        "13": 0.9786107289260316,
        "14": 0.9720502835329039,
        "15": 0.9749698168442437,
        "16": 0.9608876753826531,
        "17": 0.9844305626583256,
        "18": 0.9102223492732778,
        "19": 0.917650644503431
    },
    "model": "LogisticRegression",
    "params": {
        "max_iter": 600,
        "random_state": 42,
        "C": 0.5,
        "tol": 0.001
    },
    "mode": "training"
}