{
    "0": {
        "precision": 0.754880694143167,
        "recall": 0.725,
        "f1-score": 0.7396386822529224,
        "support": 480.0
    },
    "1": {
        "precision": 0.6715686274509803,
        "recall": 0.7037671232876712,
        "f1-score": 0.6872909698996655,
        "support": 584.0
    },
    "2": {
        "precision": 0.7194719471947195,
        "recall": 0.7377326565143824,
        "f1-score": 0.7284878863826232,
        "support": 591.0
    },
    "3": {
        "precision": 0.6559714795008913,
        "recall": 0.6237288135593221,
        "f1-score": 0.6394439617723718,
        "support": 590.0
    },
    "4": {
        "precision": 0.7153024911032029,
        "recall": 0.6955017301038062,
        "f1-score": 0.7052631578947368,
        "support": 578.0
    },
    "5": {
        "precision": 0.7753378378378378,
        "recall": 0.7740303541315345,
        "f1-score": 0.7746835443037975,
        "support": 593.0
    },
    "6": {
        "precision": 0.7588532883642496,
        "recall": 0.7692307692307693,
        "f1-score": 0.7640067911714771,
        "support": 585.0
    },
    "7": {
        "precision": 0.7937293729372937,
        "recall": 0.8097643097643098,
        "f1-score": 0.8016666666666666,
        "support": 594.0
    },
    "8": {
        "precision": 0.8257191201353637,
        "recall": 0.8160535117056856,
        "f1-score": 0.8208578637510513,
        "support": 598.0
    },
    "9": {
        "precision": 0.9015025041736227,
        "recall": 0.9045226130653267,
        "f1-score": 0.903010033444816,
        "support": 597.0
    },
    "10": {
        "precision": 0.9261744966442953,
        "recall": 0.92,
        "f1-score": 0.9230769230769231,
        "support": 600.0
    },
    "11": {
        "precision": 0.8741496598639455,
        "recall": 0.8638655462184874,
        "f1-score": 0.8689771766694844,
        "support": 595.0
    },
    "12": {
        "precision": 0.7104825291181365,
        "recall": 0.7225042301184433,
        "f1-score": 0.7164429530201343,
        "support": 591.0
    },
    "13": {
        "precision": 0.9137055837563451,
        "recall": 0.9090909090909091,
        "f1-score": 0.9113924050632911,
        "support": 594.0
    },
    "14": {
        "precision": 0.8516129032258064,
        "recall": 0.8903878583473862,
        "f1-score": 0.8705688375927453,
        "support": 593.0
    },
    "15": {
        "precision": 0.7125193199381762,
        "recall": 0.7696160267111853,
        "f1-score": 0.7399678972712681,
        "support": 599.0
    },
    "16": {
        "precision": 0.8186813186813187,
        "recall": 0.8186813186813187,
        "f1-score": 0.8186813186813187,
        "support": 546.0
    },
    "17": {
        "precision": 0.9222222222222223,
        "recall": 0.8829787234042553,
        "f1-score": 0.9021739130434783,
        "support": 564.0
    },
    "18": {
        "precision": 0.8125,
        "recall": 0.810752688172043,
        "f1-score": 0.8116254036598493,
        "support": 465.0
    },
    "19": {
        "precision": 0.6331360946745562,
        "recall": 0.5676392572944297,
        "f1-score": 0.5986013986013986,
        "support": 377.0
    },
    "accuracy": 0.7902598550468446,
    "macro avg": {
        "precision": 0.7873760745483065,
        "recall": 0.7857424219700633,
        "f1-score": 0.786292889211001,
        "support": 11314.0
    },
    "weighted avg": {
        "precision": 0.7902841820232324,
        "recall": 0.7902598550468446,
        "f1-score": 0.7900310544862122,
        "support": 11314.0
    },
    "roc_auc": null,
    "model": "LogisticRegression",
    "params": {
        "max_iter": 1000,
        "random_state": 42,
        "C": 0.4,
        "tol": 0.005
    },
    "mode": "training"
}