{
    "0": {
        "precision": 0.5204081632653061,
        "recall": 0.47962382445141066,
        "f1-score": 0.499184339314845,
        "support": 319.0
    },
    "1": {
        "precision": 0.5445544554455446,
        "recall": 0.5655526992287918,
        "f1-score": 0.5548549810844893,
        "support": 389.0
    },
    "2": {
        "precision": 0.5129411764705882,
        "recall": 0.5532994923857868,
        "f1-score": 0.5323565323565324,
        "support": 394.0
    },
    "3": {
        "precision": 0.44988344988344986,
        "recall": 0.4923469387755102,
        "f1-score": 0.4701583434835566,
        "support": 392.0
    },
    "4": {
        "precision": 0.5180412371134021,
        "recall": 0.522077922077922,
        "f1-score": 0.5200517464424321,
        "support": 385.0
    },
    "5": {
        "precision": 0.6875,
        "recall": 0.640506329113924,
        "f1-score": 0.6631716906946264,
        "support": 395.0
    },
    "6": {
        "precision": 0.6559139784946236,
        "recall": 0.6256410256410256,
        "f1-score": 0.6404199475065617,
        "support": 390.0
    },
    "7": {
        "precision": 0.7061728395061728,
        "recall": 0.7222222222222222,
        "f1-score": 0.714107365792759,
        "support": 396.0
    },
    "8": {
        "precision": 0.7153652392947103,
        "recall": 0.7135678391959799,
        "f1-score": 0.7144654088050314,
        "support": 398.0
    },
    "9": {
        "precision": 0.8238213399503722,
        "recall": 0.836272040302267,
        "f1-score": 0.83,
        "support": 397.0
    },
    "10": {
        "precision": 0.8785529715762274,
        "recall": 0.8521303258145363,
        "f1-score": 0.8651399491094147,
        "support": 399.0
    },
    "11": {
        "precision": 0.8050139275766016,
        "recall": 0.7297979797979798,
        "f1-score": 0.7655629139072848,
        "support": 396.0
    },
    "12": {
        "precision": 0.5,
        "recall": 0.5343511450381679,
        "f1-score": 0.5166051660516605,
        "support": 393.0
    },
    "13": {
        "precision": 0.8865671641791045,
        "recall": 0.75,
        "f1-score": 0.8125854993160054,
        "support": 396.0
    },
    "14": {
        "precision": 0.7653061224489796,
        "recall": 0.7614213197969543,
        "f1-score": 0.7633587786259542,
        "support": 394.0
    },
    "15": {
        "precision": 0.6433408577878104,
        "recall": 0.7160804020100503,
        "f1-score": 0.6777645659928656,
        "support": 398.0
    },
    "16": {
        "precision": 0.6030534351145038,
        "recall": 0.6510989010989011,
        "f1-score": 0.6261558784676354,
        "support": 364.0
    },
    "17": {
        "precision": 0.8425414364640884,
        "recall": 0.8111702127659575,
        "f1-score": 0.8265582655826558,
        "support": 376.0
    },
    "18": {
        "precision": 0.477124183006536,
        "recall": 0.47096774193548385,
        "f1-score": 0.474025974025974,
        "support": 310.0
    },
    "19": {
        "precision": 0.392,
        "recall": 0.3904382470119522,
        "f1-score": 0.3912175648702595,
        "support": 251.0
    },
    "accuracy": 0.6493627190653213,
    "macro avg": {
        "precision": 0.646405098878901,
        "recall": 0.6409283304332412,
        "f1-score": 0.6428872455715272,
        "support": 7532.0
    },
    "weighted avg": {
        "precision": 0.6547561446550845,
        "recall": 0.6493627190653213,
        "f1-score": 0.6512541969666612,
        "support": 7532.0
    },
    "roc_auc": {
        "0": 0.9430034677026458,
        "1": 0.936021639464383,
        "2": 0.926789201428545,
        "3": 0.9330796604356028,
        "4": 0.9425711269281998,
        "5": 0.9604280066616651,
        "6": 0.9724443343457625,
        "7": 0.9718941800289894,
        "8": 0.9781011871806469,
        "9": 0.9905108213493281,
        "10": 0.9924418504553828,
        "11": 0.973162822167867,
        "12": 0.9355958578955791,
        "13": 0.9783375373692077,
        "14": 0.9715937294212856,
        "15": 0.9743714366618628,
        "16": 0.9576099820937991,
        "17": 0.9834204000808724,
        "18": 0.9101848295084017,
        "19": 0.9157185295352035
    },
    "model": "LogisticRegression",
    "params": {
        "max_iter": 600,
        "random_state": 42,
        "C": 0.5,
        "tol": 0.0005
    },
    "mode": "training"
}