{
    "0": {
        "precision": 0.9958419958419958,
        "recall": 0.9979166666666667,
        "f1-score": 0.9968782518210197,
        "support": 480.0
    },
    "1": {
        "precision": 0.9776247848537005,
        "recall": 0.9726027397260274,
        "f1-score": 0.975107296137339,
        "support": 584.0
    },
    "2": {
        "precision": 0.973109243697479,
        "recall": 0.9796954314720813,
        "f1-score": 0.9763912310286678,
        "support": 591.0
    },
    "3": {
        "precision": 0.958904109589041,
        "recall": 0.9491525423728814,
        "f1-score": 0.9540034071550255,
        "support": 590.0
    },
    "4": {
        "precision": 0.9652173913043478,
        "recall": 0.9602076124567474,
        "f1-score": 0.9627059843885516,
        "support": 578.0
    },
    "5": {
        "precision": 0.983249581239531,
        "recall": 0.9898819561551433,
        "f1-score": 0.9865546218487395,
        "support": 593.0
    },
    "6": {
        "precision": 0.9847198641765704,
        "recall": 0.9914529914529915,
        "f1-score": 0.9880749574105622,
        "support": 585.0
    },
    "7": {
        "precision": 0.9966386554621849,
        "recall": 0.9983164983164983,
        "f1-score": 0.9974768713204374,
        "support": 594.0
    },
    "8": {
        "precision": 0.9983277591973244,
        "recall": 0.9983277591973244,
        "f1-score": 0.9983277591973244,
        "support": 598.0
    },
    "9": {
        "precision": 1.0,
        "recall": 1.0,
        "f1-score": 1.0,
        "support": 597.0
    },
    "10": {
        "precision": 1.0,
        "recall": 1.0,
        "f1-score": 1.0,
        "support": 600.0
    },
    "11": {
        "precision": 1.0,
        "recall": 1.0,
        "f1-score": 1.0,
        "support": 595.0
    },
    "12": {
        "precision": 0.9864176570458404,
        "recall": 0.9830795262267343,
        "f1-score": 0.9847457627118644,
        "support": 591.0
    },
    "13": {
        "precision": 1.0,
        "recall": 1.0,
        "f1-score": 1.0,
        "support": 594.0
    },
    "14": {
        "precision": 0.9983164983164983,
        "recall": 1.0,
        "f1-score": 0.9991575400168492,
        "support": 593.0
    },
    "15": {
        "precision": 0.995,
        "recall": 0.996661101836394,
        "f1-score": 0.9958298582151793,
        "support": 599.0
    },
    "16": {
        "precision": 0.9963369963369964,
        "recall": 0.9963369963369964,
        "f1-score": 0.9963369963369964,
        "support": 546.0
    },
    "17": {
        "precision": 0.9982300884955753,
        "recall": 1.0,
        "f1-score": 0.9991142604074402,
        "support": 564.0
    },
    "18": {
        "precision": 1.0,
        "recall": 1.0,
        "f1-score": 1.0,
        "support": 465.0
    },
    "19": {
        "precision": 1.0,
        "recall": 0.9920424403183024,
        "f1-score": 0.996005326231691,
        "support": 377.0
    },
    "accuracy": 0.9901007601202051,
    "macro avg": {
        "precision": 0.9903967312778542,
        "recall": 0.9902837131267394,
        "f1-score": 0.9903355062113846,
        "support": 11314.0
    },
    "weighted avg": {
        "precision": 0.9900836525106531,
        "recall": 0.9901007601202051,
        "f1-score": 0.9900876094999865,
        "support": 11314.0
    },
    "roc_auc": null,
    "model": "LogisticRegression",
    "params": {
        "max_iter": 600,
        "random_state": 42,
        "C": 0.5,
        "tol": 0.0005
    },
    "mode": "training"
}