{
    "0": {
        "precision": 0.5821428571428572,
        "recall": 0.5109717868338558,
        "f1-score": 0.5442404006677797,
        "support": 319.0
    },
    "1": {
        "precision": 0.6045340050377834,
        "recall": 0.6169665809768637,
        "f1-score": 0.6106870229007634,
        "support": 389.0
    },
    "2": {
        "precision": 0.55125284738041,
        "recall": 0.6142131979695431,
        "f1-score": 0.581032412965186,
        "support": 394.0
    },
    "3": {
        "precision": 0.5343915343915344,
        "recall": 0.5153061224489796,
        "f1-score": 0.5246753246753246,
        "support": 392.0
    },
    "4": {
        "precision": 0.595108695652174,
        "recall": 0.5688311688311688,
        "f1-score": 0.5816733067729084,
        "support": 385.0
    },
    "5": {
        "precision": 0.7020725388601037,
        "recall": 0.6860759493670886,
        "f1-score": 0.6939820742637645,
        "support": 395.0
    },
    "6": {
        "precision": 0.7395833333333334,
        "recall": 0.7282051282051282,
        "f1-score": 0.7338501291989664,
        "support": 390.0
    },
    "7": {
        "precision": 0.754257907542579,
        "recall": 0.7828282828282829,
        "f1-score": 0.7682775712515489,
        "support": 396.0
    },
    "8": {
        "precision": 0.7849162011173184,
        "recall": 0.7060301507537688,
        "f1-score": 0.7433862433862434,
        "support": 398.0
    },
    "9": {
        "precision": 0.8439024390243902,
        "recall": 0.871536523929471,
        "f1-score": 0.8574969021065675,
        "support": 397.0
    },
    "10": {
        "precision": 0.8825,
        "recall": 0.8847117794486216,
        "f1-score": 0.8836045056320401,
        "support": 399.0
    },
    "11": {
        "precision": 0.7783505154639175,
        "recall": 0.7626262626262627,
        "f1-score": 0.7704081632653061,
        "support": 396.0
    },
    "12": {
        "precision": 0.5244755244755245,
        "recall": 0.5725190839694656,
        "f1-score": 0.5474452554744526,
        "support": 393.0
    },
    "13": {
        "precision": 0.8421052631578947,
        "recall": 0.8080808080808081,
        "f1-score": 0.8247422680412371,
        "support": 396.0
    },
    "14": {
        "precision": 0.8056265984654731,
        "recall": 0.799492385786802,
        "f1-score": 0.802547770700637,
        "support": 394.0
    },
    "15": {
        "precision": 0.6711409395973155,
        "recall": 0.7537688442211056,
        "f1-score": 0.7100591715976331,
        "support": 398.0
    },
    "16": {
        "precision": 0.6009501187648456,
        "recall": 0.695054945054945,
        "f1-score": 0.6445859872611465,
        "support": 364.0
    },
    "17": {
        "precision": 0.8866279069767442,
        "recall": 0.8111702127659575,
        "f1-score": 0.8472222222222222,
        "support": 376.0
    },
    "18": {
        "precision": 0.5415162454873647,
        "recall": 0.4838709677419355,
        "f1-score": 0.5110732538330494,
        "support": 310.0
    },
    "19": {
        "precision": 0.4098360655737705,
        "recall": 0.398406374501992,
        "f1-score": 0.40404040404040403,
        "support": 251.0
    },
    "accuracy": 0.6878651088688263,
    "macro avg": {
        "precision": 0.6817645768722669,
        "recall": 0.6785333278171024,
        "f1-score": 0.679251519512859,
        "support": 7532.0
    },
    "weighted avg": {
        "precision": 0.6898369781146712,
        "recall": 0.6878651088688263,
        "f1-score": 0.6879703763502883,
        "support": 7532.0
    },
    "roc_auc": {
        "0": 0.9522939902570551,
        "1": 0.9521788998667328,
        "2": 0.9486177504256192,
        "3": 0.9509864660149775,
        "4": 0.953287456911355,
        "5": 0.9740858389955712,
        "6": 0.9800896107532905,
        "7": 0.9772444172668387,
        "8": 0.9825878058641963,
        "9": 0.9942579154450248,
        "10": 0.9946480529095063,
        "11": 0.9755981904244236,
        "12": 0.9411176182721367,
        "13": 0.9836053217149069,
        "14": 0.9774425289399837,
        "15": 0.9813290590885462,
        "16": 0.9660326420231553,
        "17": 0.9865170426840146,
        "18": 0.9322066981713582,
        "19": 0.9360596345561306
    },
    "model": "LogisticRegression",
    "params": {
        "max_iter": 1000,
        "random_state": 42,
        "C": 0.5,
        "tol": 0.004
    },
    "mode": "training"
}