{
    "0": {
        "precision": 0.9407894736842105,
        "recall": 0.896551724137931,
        "f1-score": 0.9181380417335474,
        "support": 319.0
    },
    "1": {
        "precision": 0.8785714285714286,
        "recall": 0.9485861182519281,
        "f1-score": 0.9122373300370828,
        "support": 389.0
    },
    "2": {
        "precision": 0.908433734939759,
        "recall": 0.9568527918781726,
        "f1-score": 0.9320148331273177,
        "support": 394.0
    },
    "3": {
        "precision": 0.9411764705882353,
        "recall": 0.9387755102040817,
        "f1-score": 0.9399744572158365,
        "support": 392.0
    },
    "4": {
        "precision": 0.9386189258312021,
        "recall": 0.9532467532467532,
        "f1-score": 0.9458762886597938,
        "support": 385.0
    },
    "5": {
        "precision": 0.9601063829787234,
        "recall": 0.9139240506329114,
        "f1-score": 0.9364461738002594,
        "support": 395.0
    },
    "6": {
        "precision": 0.9508599508599509,
        "recall": 0.9923076923076923,
        "f1-score": 0.9711417816813049,
        "support": 390.0
    },
    "7": {
        "precision": 0.9772727272727273,
        "recall": 0.9772727272727273,
        "f1-score": 0.9772727272727273,
        "support": 396.0
    },
    "8": {
        "precision": 0.982367758186398,
        "recall": 0.9798994974874372,
        "f1-score": 0.9811320754716981,
        "support": 398.0
    },
    "9": {
        "precision": 0.9773299748110831,
        "recall": 0.9773299748110831,
        "f1-score": 0.9773299748110831,
        "support": 397.0
    },
    "10": {
        "precision": 0.9541062801932367,
        "recall": 0.9899749373433584,
        "f1-score": 0.971709717097171,
        "support": 399.0
    },
    "11": {
        "precision": 0.9973821989528796,
        "recall": 0.9621212121212122,
        "f1-score": 0.9794344473007712,
        "support": 396.0
    },
    "12": {
        "precision": 0.9382716049382716,
        "recall": 0.9669211195928753,
        "f1-score": 0.9523809523809523,
        "support": 393.0
    },
    "13": {
        "precision": 0.9567430025445293,
        "recall": 0.9494949494949495,
        "f1-score": 0.9531051964512041,
        "support": 396.0
    },
    "14": {
        "precision": 0.9920634920634921,
        "recall": 0.9517766497461929,
        "f1-score": 0.9715025906735751,
        "support": 394.0
    },
    "15": {
        "precision": 0.919431279620853,
        "recall": 0.9748743718592965,
        "f1-score": 0.9463414634146341,
        "support": 398.0
    },
    "16": {
        "precision": 0.9668508287292817,
        "recall": 0.9615384615384616,
        "f1-score": 0.9641873278236914,
        "support": 364.0
    },
    "17": {
        "precision": 0.9916434540389972,
        "recall": 0.9468085106382979,
        "f1-score": 0.9687074829931973,
        "support": 376.0
    },
    "18": {
        "precision": 0.9823321554770318,
        "recall": 0.896774193548387,
        "f1-score": 0.9376053962900506,
        "support": 310.0
    },
    "19": {
        "precision": 0.925,
        "recall": 0.8844621513944223,
        "f1-score": 0.9042769857433809,
        "support": 251.0
    },
    "accuracy": 0.9533988316516198,
    "macro avg": {
        "precision": 0.9539675562141147,
        "recall": 0.9509746698754087,
        "f1-score": 0.9520407621989637,
        "support": 7532.0
    },
    "weighted avg": {
        "precision": 0.954291987817115,
        "recall": 0.9533988316516198,
        "f1-score": 0.9534324972861412,
        "support": 7532.0
    },
    "roc_auc": {
        "0": 0.9984302115607183,
        "1": 0.9986500527058867,
        "2": 0.9986861624280144,
        "3": 0.9983911421711542,
        "4": 0.9988970033744065,
        "5": 0.9984544795086402,
        "6": 0.9998851144188585,
        "7": 0.9996878821850795,
        "8": 0.9998006573377117,
        "9": 0.9996331985335002,
        "10": 0.9998935372919893,
        "11": 0.999924624609322,
        "12": 0.9994728451073502,
        "13": 0.9996471865516149,
        "14": 0.998311034244403,
        "15": 0.998597909649171,
        "16": 0.9997025853610674,
        "17": 0.9996985865157046,
        "18": 0.999285337811883,
        "19": 0.9982298521885539
    },
    "model": "LogisticRegression",
    "params": {
        "max_iter": 4000,
        "random_state": 42,
        "C": 0.9,
        "grid_search": false,
        "tol": 1e-05,
        "normalize": true
    },
    "mode": "training"
}