{
    "processing_time_seconds": 158.06338357925415,
    "memory_usage_mb": 45.1171875,
    "successful_samples": 11314,
    "total_samples": 11314,
    "error_rate": 0.0,
    "samples_per_second": 71.57888021754941,
    "timestamp": "2025-05-24 11:37:07"
}