{
    "processing_time_seconds": 69.93395686149597,
    "memory_usage_mb": 32.25390625,
    "successful_samples": 7532,
    "total_samples": 7532,
    "error_rate": 0.0,
    "samples_per_second": 107.70161360835205,
    "timestamp": "2025-05-24 11:38:19"
}