{
    "0": {
        "precision": 0.8589407446250655,
        "recall": 0.8621052631578947,
        "f1-score": 0.8605200945626478,
        "support": 1900.0
    },
    "1": {
        "precision": 0.9376332622601279,
        "recall": 0.9257894736842105,
        "f1-score": 0.9316737288135594,
        "support": 1900.0
    },
    "2": {
        "precision": 0.8046753246753247,
        "recall": 0.8152631578947368,
        "f1-score": 0.8099346405228758,
        "support": 1900.0
    },
    "3": {
        "precision": 0.8208245243128964,
        "recall": 0.8173684210526316,
        "f1-score": 0.8190928270042194,
        "support": 1900.0
    },
    "accuracy": 0.8551315789473685,
    "macro avg": {
        "precision": 0.8555184639683535,
        "recall": 0.8551315789473684,
        "f1-score": 0.8553053227258256,
        "support": 7600.0
    },
    "weighted avg": {
        "precision": 0.8555184639683535,
        "recall": 0.8551315789473685,
        "f1-score": 0.8553053227258256,
        "support": 7600.0
    },
    "roc_auc": {
        "0": 0.9666213758079409,
        "1": 0.9921919667590027,
        "2": 0.9515433518005539,
        "3": 0.9578863342566943
    },
    "model": "LogisticRegression",
    "params": {
        "max_iter": 4000,
        "random_state": 42,
        "C": 0.9,
        "grid_search": false,
        "tol": 1e-05,
        "normalize": true
    },
    "mode": "training"
}