{
    "0": {
        "precision": 0.6620122996269785,
        "recall": 0.6045665884085992,
        "f1-score": 0.6319867183176535,
        "support": 21723.0
    },
    "1": {
        "precision": 0.8474366138157435,
        "recall": 0.8376078702105626,
        "f1-score": 0.842493576834942,
        "support": 57940.0
    },
    "2": {
        "precision": 0.6681556195965418,
        "recall": 0.6829160530191458,
        "f1-score": 0.675455207574654,
        "support": 27160.0
    },
    "3": {
        "precision": 0.8155025553662691,
        "recall": 0.8875872298823451,
        "f1-score": 0.8500193710854265,
        "support": 59326.0
    },
    "4": {
        "precision": 0.7430331753554502,
        "recall": 0.5665245356652454,
        "f1-score": 0.6428835035059663,
        "support": 13837.0
    },
    "accuracy": 0.7817719155934351,
    "macro avg": {
        "precision": 0.7472280527521966,
        "recall": 0.7158404554371797,
        "f1-score": 0.7285676754637285,
        "support": 179986.0
    },
    "weighted avg": {
        "precision": 0.7794513565753768,
        "recall": 0.7817719155934351,
        "f1-score": 0.7790156846009388,
        "support": 179986.0
    },
    "roc_auc": null,
    "model": "XGBClassifier",
    "params": {
        "learning_rate": 0.1,
        "max_depth": 3,
        "n_estimators": 1000,
        "num_class": 4,
        "eval_metric": "mlogloss",
        "objective": "multi:softmax"
    },
    "mode": "training"
}