{
    "0": {
        "precision": 0.545868772782503,
        "recall": 0.4965460071843051,
        "f1-score": 0.5200405151208218,
        "support": 3619.0
    },
    "1": {
        "precision": 0.8181626854677471,
        "recall": 0.8004735920930711,
        "f1-score": 0.8092214820982515,
        "support": 9713.0
    },
    "2": {
        "precision": 0.6041844577284372,
        "recall": 0.6192560175054704,
        "f1-score": 0.6116274043656797,
        "support": 4570.0
    },
    "3": {
        "precision": 0.7770338438961754,
        "recall": 0.8564496562879094,
        "f1-score": 0.8148112527049771,
        "support": 9892.0
    },
    "4": {
        "precision": 0.6360505166475315,
        "recall": 0.4755364806866953,
        "f1-score": 0.5442043222003929,
        "support": 2330.0
    },
    "accuracy": 0.7297171690346568,
    "macro avg": {
        "precision": 0.6762600553044787,
        "recall": 0.6496523507514903,
        "f1-score": 0.6599809952980247,
        "support": 30124.0
    },
    "weighted avg": {
        "precision": 0.7253967836966132,
        "recall": 0.7297171690346568,
        "f1-score": 0.72584122627401,
        "support": 30124.0
    },
    "roc_auc": {
        "0": 0.9060761969189525,
        "1": 0.9369882659922955,
        "2": 0.9061462841206906,
        "3": 0.942611553632533,
        "4": 0.9174679532217564
    },
    "model": "XGBClassifier",
    "params": {
        "learning_rate": 0.1,
        "max_depth": 3,
        "n_estimators": 1000,
        "num_class": 4,
        "eval_metric": "mlogloss",
        "objective": "multi:softmax"
    },
    "mode": "training"
}