{
    "0": {
        "precision": 0.6491228070175439,
        "recall": 0.5799373040752351,
        "f1-score": 0.6125827814569537,
        "support": 319.0
    },
    "1": {
        "precision": 0.5952941176470589,
        "recall": 0.6503856041131105,
        "f1-score": 0.6216216216216216,
        "support": 389.0
    },
    "2": {
        "precision": 0.5845771144278606,
        "recall": 0.5964467005076142,
        "f1-score": 0.5904522613065326,
        "support": 394.0
    },
    "3": {
        "precision": 0.5443349753694581,
        "recall": 0.5637755102040817,
        "f1-score": 0.5538847117794486,
        "support": 392.0
    },
    "4": {
        "precision": 0.6775147928994083,
        "recall": 0.5948051948051948,
        "f1-score": 0.6334716459197787,
        "support": 385.0
    },
    "5": {
        "precision": 0.6932989690721649,
        "recall": 0.6810126582278481,
        "f1-score": 0.6871008939974457,
        "support": 395.0
    },
    "6": {
        "precision": 0.706855791962175,
        "recall": 0.7666666666666667,
        "f1-score": 0.7355473554735548,
        "support": 390.0
    },
    "7": {
        "precision": 0.8051282051282052,
        "recall": 0.7929292929292929,
        "f1-score": 0.7989821882951654,
        "support": 396.0
    },
    "8": {
        "precision": 0.7955665024630542,
        "recall": 0.8115577889447236,
        "f1-score": 0.8034825870646766,
        "support": 398.0
    },
    "9": {
        "precision": 0.8969072164948454,
        "recall": 0.8765743073047859,
        "f1-score": 0.8866242038216561,
        "support": 397.0
    },
    "10": {
        "precision": 0.9574468085106383,
        "recall": 0.9022556390977443,
        "f1-score": 0.9290322580645162,
        "support": 399.0
    },
    "11": {
        "precision": 0.8284182305630027,
        "recall": 0.7803030303030303,
        "f1-score": 0.8036410923276983,
        "support": 396.0
    },
    "12": {
        "precision": 0.546236559139785,
        "recall": 0.6463104325699746,
        "f1-score": 0.5920745920745921,
        "support": 393.0
    },
    "13": {
        "precision": 0.9058171745152355,
        "recall": 0.8257575757575758,
        "f1-score": 0.8639365918097754,
        "support": 396.0
    },
    "14": {
        "precision": 0.843915343915344,
        "recall": 0.8096446700507615,
        "f1-score": 0.8264248704663213,
        "support": 394.0
    },
    "15": {
        "precision": 0.6876310272536688,
        "recall": 0.8241206030150754,
        "f1-score": 0.7497142857142857,
        "support": 398.0
    },
    "16": {
        "precision": 0.6004464285714286,
        "recall": 0.739010989010989,
        "f1-score": 0.6625615763546798,
        "support": 364.0
    },
    "17": {
        "precision": 0.8872832369942196,
        "recall": 0.8164893617021277,
        "f1-score": 0.850415512465374,
        "support": 376.0
    },
    "18": {
        "precision": 0.5925925925925926,
        "recall": 0.5161290322580645,
        "f1-score": 0.5517241379310345,
        "support": 310.0
    },
    "19": {
        "precision": 0.49732620320855614,
        "recall": 0.3705179282868526,
        "f1-score": 0.4246575342465753,
        "support": 251.0
    },
    "accuracy": 0.717206585236325,
    "macro avg": {
        "precision": 0.7147857048873123,
        "recall": 0.7072315144915374,
        "f1-score": 0.7088966351095842,
        "support": 7532.0
    },
    "weighted avg": {
        "precision": 0.7215339307785976,
        "recall": 0.717206585236325,
        "f1-score": 0.7174181160685901,
        "support": 7532.0
    },
    "roc_auc": {
        "0": 0.9608035300248116,
        "1": 0.9544872341627718,
        "2": 0.9556559374079958,
        "3": 0.9562374949979993,
        "4": 0.961853034330997,
        "5": 0.9721653781417217,
        "6": 0.9851309336607572,
        "7": 0.9831077733614169,
        "8": 0.9866856006976289,
        "9": 0.9927914156453711,
        "10": 0.99779028392515,
        "11": 0.9852395168048194,
        "12": 0.9496918157688103,
        "13": 0.9877559224532318,
        "14": 0.9819401558542042,
        "15": 0.9865327478435069,
        "16": 0.9709691118033753,
        "17": 0.9887585035024915,
        "18": 0.9245942058763098,
        "19": 0.9336760908570089
    },
    "model": "XGBClassifier",
    "params": {
        "learning_rate": 0.1,
        "max_depth": 3,
        "n_estimators": 300,
        "num_class": 20,
        "eval_metric": "mlogloss",
        "objective": "multi:softmax"
    },
    "mode": "training"
}