{
    "0": {
        "precision": 0.8814044541742095,
        "recall": 0.8707369821993013,
        "f1-score": 0.876038245078143,
        "support": 24044.0
    },
    "1": {
        "precision": 0.9227493917274939,
        "recall": 0.9504218528109598,
        "f1-score": 0.9363812188798815,
        "support": 23942.0
    },
    "2": {
        "precision": 0.8373843566021867,
        "recall": 0.8266428660384407,
        "f1-score": 0.8319789425306566,
        "support": 24089.0
    },
    "3": {
        "precision": 0.8335783593060865,
        "recall": 0.8294670846394985,
        "f1-score": 0.8315176401575463,
        "support": 23925.0
    },
    "accuracy": 0.8692604166666666,
    "macro avg": {
        "precision": 0.8687791404524942,
        "recall": 0.8693171964220501,
        "f1-score": 0.8689790116615569,
        "support": 96000.0
    },
    "weighted avg": {
        "precision": 0.868750715057214,
        "recall": 0.8692604166666666,
        "f1-score": 0.8689364895257423,
        "support": 96000.0
    },
    "roc_auc": null,
    "model": "LogisticRegression",
    "params": {
        "max_iter": 4000,
        "C": 0.9,
        "grid_search": false
    },
    "mode": "training"
}