{
    "0": {
        "precision": 0.8719160104986876,
        "recall": 0.8742105263157894,
        "f1-score": 0.8730617608409987,
        "support": 1900.0
    },
    "1": {
        "precision": 0.9251805985552115,
        "recall": 0.9436842105263158,
        "f1-score": 0.9343408025013028,
        "support": 1900.0
    },
    "2": {
        "precision": 0.8320855614973262,
        "recall": 0.8189473684210526,
        "f1-score": 0.8254641909814323,
        "support": 1900.0
    },
    "3": {
        "precision": 0.8335983041865395,
        "recall": 0.8278947368421052,
        "f1-score": 0.8307367309215739,
        "support": 1900.0
    },
    "accuracy": 0.8661842105263158,
    "macro avg": {
        "precision": 0.8656951186844412,
        "recall": 0.8661842105263158,
        "f1-score": 0.8659008713113269,
        "support": 7600.0
    },
    "weighted avg": {
        "precision": 0.8656951186844413,
        "recall": 0.8661842105263158,
        "f1-score": 0.865900871311327,
        "support": 7600.0
    },
    "model": "LogisticRegression"
}