{
    "0": {
        "precision": 0.9658002735978112,
        "recall": 0.9482874412357287,
        "f1-score": 0.9569637411047103,
        "support": 5956.0
    },
    "1": {
        "precision": 0.9575796382263486,
        "recall": 0.9874546054803566,
        "f1-score": 0.972287687931735,
        "support": 6058.0
    },
    "2": {
        "precision": 0.944229149115417,
        "recall": 0.9480629335137879,
        "f1-score": 0.9461421576903596,
        "support": 5911.0
    },
    "3": {
        "precision": 0.9542713567839196,
        "recall": 0.9377777777777778,
        "f1-score": 0.9459526774595268,
        "support": 6075.0
    },
    "accuracy": 0.9554583333333333,
    "macro avg": {
        "precision": 0.9554701044308741,
        "recall": 0.9553956895019128,
        "f1-score": 0.9553365660465829,
        "support": 24000.0
    },
    "weighted avg": {
        "precision": 0.9554942029503051,
        "recall": 0.9554583333333333,
        "f1-score": 0.9553793193826853,
        "support": 24000.0
    },
    "roc_auc": null,
    "model": "LogisticRegression",
    "params": {
        "max_iter": 1000,
        "random_state": 42,
        "C": 0.9
    },
    "mode": "training"
}