{
    "0": {
        "precision": 0.969132133152174,
        "recall": 0.9493012809848611,
        "f1-score": 0.9591142112782587,
        "support": 24044.0
    },
    "1": {
        "precision": 0.9601820250284414,
        "recall": 0.9870520424358867,
        "f1-score": 0.9734316431190015,
        "support": 23942.0
    },
    "2": {
        "precision": 0.9459919465316119,
        "recall": 0.9459919465316119,
        "f1-score": 0.9459919465316119,
        "support": 24089.0
    },
    "3": {
        "precision": 0.9510675032635701,
        "recall": 0.9439916405433647,
        "f1-score": 0.9475163618056721,
        "support": 23925.0
    },
    "accuracy": 0.9565625,
    "macro avg": {
        "precision": 0.9565934019939494,
        "recall": 0.9565842276239311,
        "f1-score": 0.956513540683636,
        "support": 96000.0
    },
    "weighted avg": {
        "precision": 0.9565914694616953,
        "recall": 0.9565625,
        "f1-score": 0.956501785955524,
        "support": 96000.0
    },
    "roc_auc": null,
    "model": "LogisticRegression",
    "params": {
        "max_iter": 1000,
        "random_state": 42,
        "C": 0.9
    },
    "mode": "training"
}