{
    "0": {
        "precision": 0.965757089352595,
        "recall": 0.95,
        "f1-score": 0.9578137436985938,
        "support": 1900.0
    },
    "1": {
        "precision": 0.9517521584560691,
        "recall": 0.9863157894736843,
        "f1-score": 0.9687257689325407,
        "support": 1900.0
    },
    "2": {
        "precision": 0.9397144368059228,
        "recall": 0.9352631578947368,
        "f1-score": 0.9374835135848061,
        "support": 1900.0
    },
    "3": {
        "precision": 0.9508284339925174,
        "recall": 0.9363157894736842,
        "f1-score": 0.94351630867144,
        "support": 1900.0
    },
    "accuracy": 0.9519736842105263,
    "macro avg": {
        "precision": 0.9520130296517761,
        "recall": 0.9519736842105263,
        "f1-score": 0.9518848337218451,
        "support": 7600.0
    },
    "weighted avg": {
        "precision": 0.952013029651776,
        "recall": 0.9519736842105263,
        "f1-score": 0.9518848337218453,
        "support": 7600.0
    },
    "model": "LogisticRegression"
}