{
    "0": {
        "precision": 0.5673076923076923,
        "recall": 0.554858934169279,
        "f1-score": 0.561014263074485,
        "support": 319.0
    },
    "1": {
        "precision": 0.5432692307692307,
        "recall": 0.5809768637532133,
        "f1-score": 0.5614906832298137,
        "support": 389.0
    },
    "2": {
        "precision": 0.5012406947890818,
        "recall": 0.5126903553299492,
        "f1-score": 0.506900878293601,
        "support": 394.0
    },
    "3": {
        "precision": 0.5111111111111111,
        "recall": 0.46938775510204084,
        "f1-score": 0.48936170212765956,
        "support": 392.0
    },
    "4": {
        "precision": 0.5067024128686327,
        "recall": 0.4909090909090909,
        "f1-score": 0.49868073878627966,
        "support": 385.0
    },
    "5": {
        "precision": 0.5663265306122449,
        "recall": 0.5620253164556962,
        "f1-score": 0.5641677255400254,
        "support": 395.0
    },
    "6": {
        "precision": 0.598014888337469,
        "recall": 0.617948717948718,
        "f1-score": 0.6078184110970997,
        "support": 390.0
    },
    "7": {
        "precision": 0.6806930693069307,
        "recall": 0.6944444444444444,
        "f1-score": 0.6875,
        "support": 396.0
    },
    "8": {
        "precision": 0.6826666666666666,
        "recall": 0.6432160804020101,
        "f1-score": 0.6623544631306598,
        "support": 398.0
    },
    "9": {
        "precision": 0.7852028639618138,
        "recall": 0.8287153652392947,
        "f1-score": 0.8063725490196079,
        "support": 397.0
    },
    "10": {
        "precision": 0.8188585607940446,
        "recall": 0.8270676691729323,
        "f1-score": 0.8229426433915212,
        "support": 399.0
    },
    "11": {
        "precision": 0.7594202898550725,
        "recall": 0.6616161616161617,
        "f1-score": 0.7071524966261808,
        "support": 396.0
    },
    "12": {
        "precision": 0.4906976744186046,
        "recall": 0.5368956743002544,
        "f1-score": 0.5127582017010935,
        "support": 393.0
    },
    "13": {
        "precision": 0.7780487804878049,
        "recall": 0.8055555555555556,
        "f1-score": 0.7915632754342432,
        "support": 396.0
    },
    "14": {
        "precision": 0.7945205479452054,
        "recall": 0.7360406091370558,
        "f1-score": 0.764163372859025,
        "support": 394.0
    },
    "15": {
        "precision": 0.5856236786469344,
        "recall": 0.6959798994974874,
        "f1-score": 0.6360505166475315,
        "support": 398.0
    },
    "16": {
        "precision": 0.5450121654501217,
        "recall": 0.6153846153846154,
        "f1-score": 0.5780645161290323,
        "support": 364.0
    },
    "17": {
        "precision": 0.8470254957507082,
        "recall": 0.7952127659574468,
        "f1-score": 0.8203017832647462,
        "support": 376.0
    },
    "18": {
        "precision": 0.5272727272727272,
        "recall": 0.46774193548387094,
        "f1-score": 0.49572649572649574,
        "support": 310.0
    },
    "19": {
        "precision": 0.34285714285714286,
        "recall": 0.2868525896414343,
        "f1-score": 0.3123644251626898,
        "support": 251.0
    },
    "accuracy": 0.6279872543813064,
    "macro avg": {
        "precision": 0.621593611210462,
        "recall": 0.6191760199750275,
        "f1-score": 0.6193374570620895,
        "support": 7532.0
    },
    "weighted avg": {
        "precision": 0.6287888132337008,
        "recall": 0.6279872543813064,
        "f1-score": 0.6273675385865604,
        "support": 7532.0
    },
    "roc_auc": {
        "0": 0.9475794096952257,
        "1": 0.9494117058532866,
        "2": 0.9405274266704404,
        "3": 0.9417141856742697,
        "4": 0.9416491162398537,
        "5": 0.9501460564751704,
        "6": 0.9673207964442913,
        "7": 0.9643247922045568,
        "8": 0.9732775173878927,
        "9": 0.9900296371348534,
        "10": 0.9913375194610669,
        "11": 0.9612743890700729,
        "12": 0.9266442046644119,
        "13": 0.9774949608189518,
        "14": 0.9638273315194434,
        "15": 0.9708198970743823,
        "16": 0.9578414749313187,
        "17": 0.9806292591843774,
        "18": 0.9318815268757649,
        "19": 0.9203181779132611
    },
    "model": "LogisticRegression",
    "params": {
        "max_iter": 200,
        "random_state": 42,
        "C": 0.9
    },
    "mode": "training"
}