{
    "0": {
        "precision": 0.6851063829787234,
        "recall": 0.6708333333333333,
        "f1-score": 0.6778947368421052,
        "support": 480.0
    },
    "1": {
        "precision": 0.6201413427561837,
        "recall": 0.601027397260274,
        "f1-score": 0.6104347826086957,
        "support": 584.0
    },
    "2": {
        "precision": 0.5528052805280528,
        "recall": 0.5668358714043993,
        "f1-score": 0.5597326649958229,
        "support": 591.0
    },
    "3": {
        "precision": 0.5680580762250453,
        "recall": 0.5305084745762711,
        "f1-score": 0.5486415425065732,
        "support": 590.0
    },
    "4": {
        "precision": 0.5698924731182796,
        "recall": 0.5501730103806228,
        "f1-score": 0.5598591549295775,
        "support": 578.0
    },
    "5": {
        "precision": 0.6548387096774193,
        "recall": 0.684654300168634,
        "f1-score": 0.6694146743610883,
        "support": 593.0
    },
    "6": {
        "precision": 0.6518987341772152,
        "recall": 0.7042735042735043,
        "f1-score": 0.6770747740345111,
        "support": 585.0
    },
    "7": {
        "precision": 0.6983050847457627,
        "recall": 0.6936026936026936,
        "f1-score": 0.6959459459459459,
        "support": 594.0
    },
    "8": {
        "precision": 0.7126050420168067,
        "recall": 0.7090301003344481,
        "f1-score": 0.71081307627829,
        "support": 598.0
    },
    "9": {
        "precision": 0.8533772652388797,
        "recall": 0.8676716917922948,
        "f1-score": 0.8604651162790697,
        "support": 597.0
    },
    "10": {
        "precision": 0.8879456706281834,
        "recall": 0.8716666666666667,
        "f1-score": 0.87973086627418,
        "support": 600.0
    },
    "11": {
        "precision": 0.8035714285714286,
        "recall": 0.8319327731092437,
        "f1-score": 0.8175061932287366,
        "support": 595.0
    },
    "12": {
        "precision": 0.6442477876106195,
        "recall": 0.6159052453468697,
        "f1-score": 0.629757785467128,
        "support": 591.0
    },
    "13": {
        "precision": 0.8655737704918033,
        "recall": 0.8888888888888888,
        "f1-score": 0.8770764119601329,
        "support": 594.0
    },
    "14": {
        "precision": 0.8098360655737705,
        "recall": 0.8330522765598651,
        "f1-score": 0.8212801330008312,
        "support": 593.0
    },
    "15": {
        "precision": 0.6964560862865947,
        "recall": 0.7545909849749582,
        "f1-score": 0.7243589743589743,
        "support": 599.0
    },
    "16": {
        "precision": 0.7743785850860421,
        "recall": 0.7417582417582418,
        "f1-score": 0.7577174929840973,
        "support": 546.0
    },
    "17": {
        "precision": 0.8486394557823129,
        "recall": 0.8847517730496454,
        "f1-score": 0.8663194444444444,
        "support": 564.0
    },
    "18": {
        "precision": 0.6693877551020408,
        "recall": 0.7053763440860215,
        "f1-score": 0.6869109947643979,
        "support": 465.0
    },
    "19": {
        "precision": 0.5519713261648745,
        "recall": 0.40848806366047746,
        "f1-score": 0.4695121951219512,
        "support": 377.0
    },
    "accuracy": 0.7117730245713275,
    "macro avg": {
        "precision": 0.705951816138002,
        "recall": 0.7057510817613677,
        "f1-score": 0.7050223480193277,
        "support": 11314.0
    },
    "weighted avg": {
        "precision": 0.7094181124336476,
        "recall": 0.7117730245713275,
        "f1-score": 0.7099401309106897,
        "support": 11314.0
    },
    "roc_auc": null,
    "model": "LogisticRegression",
    "params": {
        "max_iter": 200,
        "random_state": 42,
        "C": 0.9
    },
    "mode": "training"
}