{
    "0": {
        "precision": 0.9117174959871589,
        "recall": 0.8968421052631579,
        "f1-score": 0.9042186256301407,
        "support": 1900.0
    },
    "1": {
        "precision": 0.9611197511664075,
        "recall": 0.9757894736842105,
        "f1-score": 0.968399059806738,
        "support": 1900.0
    },
    "2": {
        "precision": 0.8503649635036497,
        "recall": 0.858421052631579,
        "f1-score": 0.8543740178103719,
        "support": 1900.0
    },
    "3": {
        "precision": 0.8715498938428875,
        "recall": 0.8642105263157894,
        "f1-score": 0.8678646934460887,
        "support": 1900.0
    },
    "accuracy": 0.8988157894736842,
    "macro avg": {
        "precision": 0.8986880261250259,
        "recall": 0.8988157894736842,
        "f1-score": 0.8987140991733349,
        "support": 7600.0
    },
    "weighted avg": {
        "precision": 0.8986880261250259,
        "recall": 0.8988157894736842,
        "f1-score": 0.8987140991733348,
        "support": 7600.0
    },
    "roc_auc": {
        "0": 0.9759906740535549,
        "1": 0.9953868882733149,
        "2": 0.9693262234533703,
        "3": 0.9748704524469067
    },
    "model": "LogisticRegression",
    "params": {
        "max_iter": 200,
        "random_state": 42,
        "C": 0.9
    },
    "mode": "training"
}