{
    "0": {
        "precision": 0.9194925424309961,
        "recall": 0.8939,
        "f1-score": 0.9065156764979295,
        "support": 30000.0
    },
    "1": {
        "precision": 0.9586357988359165,
        "recall": 0.9772333333333333,
        "f1-score": 0.9678452345581195,
        "support": 30000.0
    },
    "2": {
        "precision": 0.8620047859611806,
        "recall": 0.8645333333333334,
        "f1-score": 0.8632672080947943,
        "support": 30000.0
    },
    "3": {
        "precision": 0.8709762970329853,
        "recall": 0.8757666666666667,
        "f1-score": 0.873364913155489,
        "support": 30000.0
    },
    "accuracy": 0.9028583333333333,
    "macro avg": {
        "precision": 0.9027773560652697,
        "recall": 0.9028583333333334,
        "f1-score": 0.9027482580765831,
        "support": 120000.0
    },
    "weighted avg": {
        "precision": 0.9027773560652697,
        "recall": 0.9028583333333333,
        "f1-score": 0.9027482580765831,
        "support": 120000.0
    },
    "roc_auc": null,
    "model": "LogisticRegression",
    "params": {
        "max_iter": 200,
        "random_state": 42,
        "C": 0.9
    },
    "mode": "training"
}