{
    "0": {
        "precision": 0.7839335180055401,
        "recall": 0.8051209103840683,
        "f1-score": 0.7943859649122808,
        "support": 703.0
    },
    "1": {
        "precision": 0.6606280193236715,
        "recall": 0.775886524822695,
        "f1-score": 0.7136333985649054,
        "support": 705.0
    },
    "2": {
        "precision": 0.8720379146919431,
        "recall": 0.8741092636579573,
        "f1-score": 0.8730723606168446,
        "support": 421.0
    },
    "3": {
        "precision": 1.0,
        "recall": 0.725,
        "f1-score": 0.8405797101449275,
        "support": 40.0
    },
    "4": {
        "precision": 0.9444444444444444,
        "recall": 0.4657534246575342,
        "f1-score": 0.6238532110091743,
        "support": 146.0
    },
    "5": {
        "precision": 0.8250825082508251,
        "recall": 0.7204610951008645,
        "f1-score": 0.7692307692307693,
        "support": 347.0
    },
    "6": {
        "precision": 0.7972270363951474,
        "recall": 0.8424908424908425,
        "f1-score": 0.8192341941228851,
        "support": 1092.0
    },
    "7": {
        "precision": 0.7840210711150132,
        "recall": 0.8512869399428027,
        "f1-score": 0.8162705667276051,
        "support": 1049.0
    },
    "8": {
        "precision": 0.5558912386706949,
        "recall": 0.3702213279678068,
        "f1-score": 0.4444444444444444,
        "support": 497.0
    },
    "accuracy": 0.765,
    "macro avg": {
        "precision": 0.8025850834330311,
        "recall": 0.7144811476693967,
        "f1-score": 0.7438560688637597,
        "support": 5000.0
    },
    "weighted avg": {
        "precision": 0.7634912942161602,
        "recall": 0.765,
        "f1-score": 0.7585035261291667,
        "support": 5000.0
    },
    "roc_auc": {
        "0": 0.967634636093659,
        "1": 0.954976840958066,
        "2": 0.990989537592614,
        "3": 0.9597479838709678,
        "4": 0.9707627094727692,
        "5": 0.9744108569910275,
        "6": 0.9644638030001387,
        "7": 0.9651404152729853,
        "8": 0.8841751374335285
    },
    "model": "XGBClassifier",
    "params": {
        "learning_rate": 0.1,
        "max_depth": 5,
        "n_estimators": 300,
        "num_class": 9,
        "eval_metric": "mlogloss",
        "objective": "multi:softmax"
    },
    "mode": "training"
}