{
    "0": {
        "precision": 0.6936619718309859,
        "recall": 0.6368534482758621,
        "f1-score": 0.6640449438202247,
        "support": 928.0
    },
    "1": {
        "precision": 0.711472602739726,
        "recall": 0.760989010989011,
        "f1-score": 0.7353982300884956,
        "support": 1092.0
    },
    "accuracy": 0.7039603960396039,
    "macro avg": {
        "precision": 0.7025672872853559,
        "recall": 0.6989212296324365,
        "f1-score": 0.6997215869543602,
        "support": 2020.0
    },
    "weighted avg": {
        "precision": 0.7032902930945227,
        "recall": 0.7039603960396039,
        "f1-score": 0.7026181064959435,
        "support": 2020.0
    },
    "roc_auc": null,
    "model": "LogisticRegression",
    "params": {
        "max_iter": 5000,
        "C": 1,
        "grid_search": false
    },
    "mode": "training"
}