{
    "0": {
        "precision": 0.521970705725699,
        "recall": 0.44565711687130516,
        "f1-score": 0.48080461179933764,
        "support": 4398.0
    },
    "1": {
        "precision": 0.6818505338078292,
        "recall": 0.7430196483971044,
        "f1-score": 0.7111221081281702,
        "support": 11604.0
    },
    "2": {
        "precision": 0.4331637843336724,
        "recall": 0.3971274016041783,
        "f1-score": 0.41436356558972365,
        "support": 5361.0
    },
    "3": {
        "precision": 0.6805225653206651,
        "recall": 0.7219049218881236,
        "f1-score": 0.7006031953048582,
        "support": 11906.0
    },
    "4": {
        "precision": 0.4541929229277751,
        "recall": 0.34209565534866737,
        "f1-score": 0.3902540608079967,
        "support": 2739.0
    },
    "accuracy": 0.6177238391468562,
    "macro avg": {
        "precision": 0.5543401024231281,
        "recall": 0.5299609488218758,
        "f1-score": 0.5394295083260172,
        "support": 36008.0
    },
    "weighted avg": {
        "precision": 0.6075413209427768,
        "recall": 0.6177238391468562,
        "f1-score": 0.6109234119193521,
        "support": 36008.0
    },
    "roc_auc": null,
    "model": "LogisticRegression",
    "params": {
        "max_iter": 5000,
        "random_state": 42,
        "C": 0.9
    },
    "mode": "training"
}