{
    "0": {
        "precision": 0.5193263939534576,
        "recall": 0.45201685036643774,
        "f1-score": 0.4833395038874491,
        "support": 17329.0
    },
    "1": {
        "precision": 0.6847313381907227,
        "recall": 0.7360245096981596,
        "f1-score": 0.7094520120619736,
        "support": 46349.0
    },
    "2": {
        "precision": 0.46196679438058746,
        "recall": 0.41468335855459254,
        "f1-score": 0.4370499250882026,
        "support": 21807.0
    },
    "3": {
        "precision": 0.6769068623624014,
        "recall": 0.7309629692077476,
        "f1-score": 0.7028971555384412,
        "support": 47447.0
    },
    "4": {
        "precision": 0.48971985090777925,
        "recall": 0.36693693693693696,
        "f1-score": 0.41952927846732246,
        "support": 11100.0
    },
    "accuracy": 0.6230907020662075,
    "macro avg": {
        "precision": 0.5665302479589898,
        "recall": 0.5401249249527749,
        "f1-score": 0.5504535750086779,
        "support": 144032.0
    },
    "weighted avg": {
        "precision": 0.6134971395472114,
        "recall": 0.6230907020662075,
        "f1-score": 0.61650234403566,
        "support": 144032.0
    },
    "roc_auc": null,
    "model": "LogisticRegression",
    "params": {
        "max_iter": 5000,
        "random_state": 42,
        "C": 0.9
    },
    "mode": "training"
}