{
    "0": {
        "precision": 0.8340740740740741,
        "recall": 0.8159420289855073,
        "f1-score": 0.8249084249084249,
        "support": 690.0
    },
    "1": {
        "precision": 0.8198581560283688,
        "recall": 0.8376811594202899,
        "f1-score": 0.828673835125448,
        "support": 690.0
    },
    "accuracy": 0.8268115942028985,
    "macro avg": {
        "precision": 0.8269661150512214,
        "recall": 0.8268115942028986,
        "f1-score": 0.8267911300169364,
        "support": 1380.0
    },
    "weighted avg": {
        "precision": 0.8269661150512214,
        "recall": 0.8268115942028985,
        "f1-score": 0.8267911300169365,
        "support": 1380.0
    },
    "model": "LogisticRegression"
}