{
    "0": {
        "precision": 0.9009095260890378,
        "recall": 0.9905263157894737,
        "f1-score": 0.9435948859363249,
        "support": 1900.0
    },
    "1": {
        "precision": 0.9610655737704918,
        "recall": 0.9873684210526316,
        "f1-score": 0.9740394600207685,
        "support": 1900.0
    },
    "2": {
        "precision": 0.9327327327327327,
        "recall": 0.8173684210526316,
        "f1-score": 0.8712482468443198,
        "support": 1900.0
    },
    "3": {
        "precision": 0.8928194297782471,
        "recall": 0.89,
        "f1-score": 0.8914074855034264,
        "support": 1900.0
    },
    "accuracy": 0.9213157894736842,
    "macro avg": {
        "precision": 0.9218818155926274,
        "recall": 0.9213157894736842,
        "f1-score": 0.9200725195762098,
        "support": 7600.0
    },
    "weighted avg": {
        "precision": 0.9218818155926274,
        "recall": 0.9213157894736842,
        "f1-score": 0.92007251957621,
        "support": 7600.0
    },
    "roc_auc": null,
    "model": "SVM",
    "params": {
        "max_iter": 2000,
        "random_state": 42,
        "C": 0.7,
        "grid_search": false,
        "tol": 0.0005,
        "normalize": true
    },
    "mode": "training"
}