{
    "0": {
        "precision": 0.6903216251573568,
        "recall": 0.9322333333333334,
        "f1-score": 0.7932437990157843,
        "support": 30000.0
    },
    "1": {
        "precision": 0.9754464285714286,
        "recall": 0.6555,
        "f1-score": 0.7840909090909091,
        "support": 30000.0
    },
    "2": {
        "precision": 0.8218509370913846,
        "recall": 0.9428,
        "f1-score": 0.8781805480090041,
        "support": 30000.0
    },
    "3": {
        "precision": 0.949582530507386,
        "recall": 0.7885333333333333,
        "f1-score": 0.8615967365967366,
        "support": 30000.0
    },
    "accuracy": 0.8297666666666667,
    "macro avg": {
        "precision": 0.8593003803318889,
        "recall": 0.8297666666666668,
        "f1-score": 0.8292779981781085,
        "support": 120000.0
    },
    "weighted avg": {
        "precision": 0.859300380331889,
        "recall": 0.8297666666666667,
        "f1-score": 0.8292779981781085,
        "support": 120000.0
    },
    "roc_auc": null,
    "model": "SVM",
    "params": {
        "max_iter": 1000,
        "random_state": 42,
        "C": 0.9,
        "grid_search": false,
        "tol": 0.001,
        "normalize": false
    },
    "mode": "training"
}