{
    "0": {
        "precision": 0.44541484716157204,
        "recall": 0.14509246088193456,
        "f1-score": 0.21888412017167383,
        "support": 703.0
    },
    "1": {
        "precision": 0.5251798561151079,
        "recall": 0.10354609929078014,
        "f1-score": 0.17298578199052134,
        "support": 705.0
    },
    "2": {
        "precision": 0.7348484848484849,
        "recall": 0.23040380047505937,
        "f1-score": 0.3508137432188065,
        "support": 421.0
    },
    "3": {
        "precision": 0.0,
        "recall": 0.0,
        "f1-score": 0.0,
        "support": 40.0
    },
    "4": {
        "precision": 0.0,
        "recall": 0.0,
        "f1-score": 0.0,
        "support": 146.0
    },
    "5": {
        "precision": 0.45901639344262296,
        "recall": 0.08069164265129683,
        "f1-score": 0.13725490196078433,
        "support": 347.0
    },
    "6": {
        "precision": 0.5531400966183575,
        "recall": 0.2097069597069597,
        "f1-score": 0.3041168658698539,
        "support": 1092.0
    },
    "7": {
        "precision": 0.44198174706649285,
        "recall": 0.323164918970448,
        "f1-score": 0.3733480176211454,
        "support": 1049.0
    },
    "8": {
        "precision": 0.11295273173726213,
        "recall": 0.7404426559356136,
        "f1-score": 0.1960053262316911,
        "support": 497.0
    },
    "accuracy": 0.2472,
    "macro avg": {
        "precision": 0.36361490633221116,
        "recall": 0.20367205976801026,
        "f1-score": 0.19482319522938626,
        "support": 5000.0
    },
    "weighted avg": {
        "precision": 0.45516673652299106,
        "recall": 0.2472,
        "f1-score": 0.2584605769622253,
        "support": 5000.0
    },
    "roc_auc": null,
    "model": "SVM",
    "params": {
        "max_iter": 1000,
        "random_state": 42,
        "C": 0.1,
        "grid_search": false,
        "tol": 0.001,
        "normalize": true
    },
    "mode": "training"
}