{
    "0": {
        "precision": 0.2527040314650934,
        "recall": 0.3655761024182077,
        "f1-score": 0.2988372093023256,
        "support": 703.0
    },
    "1": {
        "precision": 0.36666666666666664,
        "recall": 0.21843971631205675,
        "f1-score": 0.2737777777777778,
        "support": 705.0
    },
    "2": {
        "precision": 0.5492957746478874,
        "recall": 0.46318289786223277,
        "f1-score": 0.5025773195876289,
        "support": 421.0
    },
    "3": {
        "precision": 0.4666666666666667,
        "recall": 0.175,
        "f1-score": 0.2545454545454545,
        "support": 40.0
    },
    "4": {
        "precision": 0.3157894736842105,
        "recall": 0.1643835616438356,
        "f1-score": 0.21621621621621623,
        "support": 146.0
    },
    "5": {
        "precision": 0.34146341463414637,
        "recall": 0.2017291066282421,
        "f1-score": 0.2536231884057971,
        "support": 347.0
    },
    "6": {
        "precision": 0.4251269035532995,
        "recall": 0.3067765567765568,
        "f1-score": 0.35638297872340424,
        "support": 1092.0
    },
    "7": {
        "precision": 0.42712842712842713,
        "recall": 0.28217349857006674,
        "f1-score": 0.33983926521239954,
        "support": 1049.0
    },
    "8": {
        "precision": 0.11809923130677848,
        "recall": 0.34004024144869216,
        "f1-score": 0.17531120331950206,
        "support": 497.0
    },
    "accuracy": 0.3014,
    "macro avg": {
        "precision": 0.36254895441701956,
        "recall": 0.279700186851099,
        "f1-score": 0.2967900681211673,
        "support": 5000.0
    },
    "weighted avg": {
        "precision": 0.3643311613293447,
        "recall": 0.3014,
        "f1-score": 0.31544576903380295,
        "support": 5000.0
    },
    "roc_auc": null,
    "model": "SVM",
    "params": {
        "max_iter": 200,
        "random_state": 42,
        "C": 1,
        "grid_search": false,
        "normalize": true
    },
    "mode": "training"
}