{
    "0": {
        "precision": 0.7146263910969793,
        "recall": 0.24875484228002215,
        "f1-score": 0.36904761904761907,
        "support": 3614.0
    },
    "1": {
        "precision": 0.7699115044247787,
        "recall": 0.28507596067917784,
        "f1-score": 0.4160869565217391,
        "support": 3357.0
    },
    "2": {
        "precision": 0.9053819444444444,
        "recall": 0.496903287279657,
        "f1-score": 0.6416487234697016,
        "support": 2099.0
    },
    "3": {
        "precision": 0.0,
        "recall": 0.0,
        "f1-score": 0.0,
        "support": 204.0
    },
    "4": {
        "precision": 0.0,
        "recall": 0.0,
        "f1-score": 0.0,
        "support": 705.0
    },
    "5": {
        "precision": 0.7607003891050583,
        "recall": 0.22601156069364162,
        "f1-score": 0.3484848484848485,
        "support": 1730.0
    },
    "6": {
        "precision": 0.7390583554376657,
        "recall": 0.4121671597633136,
        "f1-score": 0.5292022792022792,
        "support": 5408.0
    },
    "7": {
        "precision": 0.5145118733509235,
        "recall": 0.5130614546137944,
        "f1-score": 0.5137856403500518,
        "support": 5321.0
    },
    "8": {
        "precision": 0.17512588921748862,
        "recall": 0.855191256830601,
        "f1-score": 0.29071850328401777,
        "support": 2562.0
    },
    "accuracy": 0.4176,
    "macro avg": {
        "precision": 0.5088129274530375,
        "recall": 0.3374628357933564,
        "f1-score": 0.3454416189289174,
        "support": 25000.0
    },
    "weighted avg": {
        "precision": 0.6226751545920589,
        "recall": 0.4176,
        "f1-score": 0.4408336636146188,
        "support": 25000.0
    },
    "roc_auc": null,
    "model": "SVM",
    "params": {
        "max_iter": 1000,
        "random_state": 42,
        "C": 0.1,
        "grid_search": false,
        "tol": 0.001,
        "normalize": true
    },
    "mode": "training"
}