{
    "0": {
        "precision": 0.5727272727272728,
        "recall": 0.5376955903271693,
        "f1-score": 0.5546588407923698,
        "support": 703.0
    },
    "1": {
        "precision": 0.48034188034188036,
        "recall": 0.39858156028368796,
        "f1-score": 0.4356589147286822,
        "support": 705.0
    },
    "2": {
        "precision": 0.6222222222222222,
        "recall": 0.665083135391924,
        "f1-score": 0.642939150401837,
        "support": 421.0
    },
    "3": {
        "precision": 0.0,
        "recall": 0.0,
        "f1-score": 0.0,
        "support": 40.0
    },
    "4": {
        "precision": 0.6666666666666666,
        "recall": 0.0273972602739726,
        "f1-score": 0.05263157894736842,
        "support": 146.0
    },
    "5": {
        "precision": 0.5198675496688742,
        "recall": 0.45244956772334294,
        "f1-score": 0.48382126348228044,
        "support": 347.0
    },
    "6": {
        "precision": 0.5751811594202898,
        "recall": 0.5815018315018315,
        "f1-score": 0.5783242258652095,
        "support": 1092.0
    },
    "7": {
        "precision": 0.587037037037037,
        "recall": 0.6043851286939943,
        "f1-score": 0.5955847815875999,
        "support": 1049.0
    },
    "8": {
        "precision": 0.17220172201722017,
        "recall": 0.28169014084507044,
        "f1-score": 0.21374045801526717,
        "support": 497.0
    },
    "accuracy": 0.5018,
    "macro avg": {
        "precision": 0.46624950112238484,
        "recall": 0.394309357226777,
        "f1-score": 0.39526213486895717,
        "support": 5000.0
    },
    "weighted avg": {
        "precision": 0.5220870321547307,
        "recall": 0.5018,
        "f1-score": 0.5011679538796773,
        "support": 5000.0
    },
    "roc_auc": null,
    "model": "SVM",
    "params": {
        "max_iter": 1000,
        "random_state": 42,
        "C": 0.8,
        "grid_search": false,
        "tol": 0.001,
        "normalize": true
    },
    "mode": "training"
}