{
    "0": {
        "precision": 0.8976501305483029,
        "recall": 0.951300498063088,
        "f1-score": 0.923696937130575,
        "support": 3614.0
    },
    "1": {
        "precision": 0.8591117917304747,
        "recall": 0.8355674709562109,
        "f1-score": 0.8471760797342193,
        "support": 3357.0
    },
    "2": {
        "precision": 0.9328257948947604,
        "recall": 0.9923773225345403,
        "f1-score": 0.9616805170821792,
        "support": 2099.0
    },
    "3": {
        "precision": 1.0,
        "recall": 0.27450980392156865,
        "f1-score": 0.4307692307692308,
        "support": 204.0
    },
    "4": {
        "precision": 0.995260663507109,
        "recall": 0.5957446808510638,
        "f1-score": 0.7453416149068323,
        "support": 705.0
    },
    "5": {
        "precision": 0.9341675734494015,
        "recall": 0.992485549132948,
        "f1-score": 0.9624439461883408,
        "support": 1730.0
    },
    "6": {
        "precision": 0.8120606733259341,
        "recall": 0.8117603550295858,
        "f1-score": 0.8119104864065101,
        "support": 5408.0
    },
    "7": {
        "precision": 0.8533279384988873,
        "recall": 0.7927081375681263,
        "f1-score": 0.8219017926734217,
        "support": 5321.0
    },
    "8": {
        "precision": 0.7156634519454605,
        "recall": 0.839968774395004,
        "f1-score": 0.7728497037170049,
        "support": 2562.0
    },
    "accuracy": 0.85116,
    "macro avg": {
        "precision": 0.8888964464333701,
        "recall": 0.7873802880502373,
        "f1-score": 0.8086411454009237,
        "support": 25000.0
    },
    "weighted avg": {
        "precision": 0.8549451086379342,
        "recall": 0.85116,
        "f1-score": 0.8489336525811954,
        "support": 25000.0
    },
    "roc_auc": null,
    "model": "SVM",
    "params": {
        "max_iter": 1000,
        "random_state": 42,
        "C": 0.8,
        "grid_search": false,
        "tol": 0.001,
        "normalize": true
    },
    "mode": "training"
}