{
    "0": {
        "precision": 0.6345565749235474,
        "recall": 0.5903271692745377,
        "f1-score": 0.6116433308769345,
        "support": 703.0
    },
    "1": {
        "precision": 0.4456404736275565,
        "recall": 0.5872340425531914,
        "f1-score": 0.5067319461444308,
        "support": 705.0
    },
    "2": {
        "precision": 0.6420323325635104,
        "recall": 0.6603325415676959,
        "f1-score": 0.6510538641686182,
        "support": 421.0
    },
    "3": {
        "precision": 0.0,
        "recall": 0.0,
        "f1-score": 0.0,
        "support": 40.0
    },
    "4": {
        "precision": 0.8333333333333334,
        "recall": 0.03424657534246575,
        "f1-score": 0.06578947368421052,
        "support": 146.0
    },
    "5": {
        "precision": 0.7291666666666666,
        "recall": 0.3025936599423631,
        "f1-score": 0.42769857433808556,
        "support": 347.0
    },
    "6": {
        "precision": 0.6075607560756076,
        "recall": 0.6181318681318682,
        "f1-score": 0.6128007262823423,
        "support": 1092.0
    },
    "7": {
        "precision": 0.6012708498808578,
        "recall": 0.7216396568160153,
        "f1-score": 0.6559792027729636,
        "support": 1049.0
    },
    "8": {
        "precision": 0.21767241379310345,
        "recall": 0.20321931589537223,
        "f1-score": 0.21019771071800208,
        "support": 497.0
    },
    "accuracy": 0.55,
    "macro avg": {
        "precision": 0.5234703778737981,
        "recall": 0.4130805366137233,
        "f1-score": 0.4157660921095097,
        "support": 5000.0
    },
    "weighted avg": {
        "precision": 0.5615251149805349,
        "recall": 0.55,
        "f1-score": 0.5362220935885023,
        "support": 5000.0
    },
    "roc_auc": null,
    "model": "SVM",
    "params": {
        "max_iter": 2000,
        "random_state": 42,
        "C": 0.9,
        "grid_search": false,
        "normalize": true
    },
    "mode": "training"
}