{
    "0": {
        "precision": 0.9660602769481401,
        "recall": 0.9845047039291643,
        "f1-score": 0.9751952857338633,
        "support": 3614.0
    },
    "1": {
        "precision": 0.9171762090050027,
        "recall": 0.9830205540661304,
        "f1-score": 0.9489575844716032,
        "support": 3357.0
    },
    "2": {
        "precision": 0.9182844243792325,
        "recall": 0.9690328727965698,
        "f1-score": 0.9429763560500696,
        "support": 2099.0
    },
    "3": {
        "precision": 1.0,
        "recall": 0.36764705882352944,
        "f1-score": 0.5376344086021505,
        "support": 204.0
    },
    "4": {
        "precision": 1.0,
        "recall": 0.6865248226950355,
        "f1-score": 0.8141295206055509,
        "support": 705.0
    },
    "5": {
        "precision": 0.9841656516443362,
        "recall": 0.9341040462427745,
        "f1-score": 0.9584816132858838,
        "support": 1730.0
    },
    "6": {
        "precision": 0.9785247432306255,
        "recall": 0.9689349112426036,
        "f1-score": 0.9737062157391062,
        "support": 5408.0
    },
    "7": {
        "precision": 0.9709097646840837,
        "recall": 0.9847772975004698,
        "f1-score": 0.9777943646202649,
        "support": 5321.0
    },
    "8": {
        "precision": 0.9564876519012152,
        "recall": 0.9523809523809523,
        "f1-score": 0.9544298846078623,
        "support": 2562.0
    },
    "accuracy": 0.95948,
    "macro avg": {
        "precision": 0.9657343024214039,
        "recall": 0.8701030244085811,
        "f1-score": 0.8981450259684838,
        "support": 25000.0
    },
    "weighted avg": {
        "precision": 0.960719279683329,
        "recall": 0.95948,
        "f1-score": 0.9578008824262256,
        "support": 25000.0
    },
    "roc_auc": null,
    "model": "SVM",
    "params": {
        "max_iter": 2000,
        "random_state": 42,
        "C": 0.9,
        "grid_search": false,
        "normalize": true
    },
    "mode": "training"
}