{
    "0": {
        "precision": 0.27392674281213075,
        "recall": 0.38489208633093525,
        "f1-score": 0.32006442705936494,
        "support": 3614.0
    },
    "1": {
        "precision": 0.3968185726569218,
        "recall": 0.27494787012213284,
        "f1-score": 0.32482843568537745,
        "support": 3357.0
    },
    "2": {
        "precision": 0.6679473106476399,
        "recall": 0.5797999047165316,
        "f1-score": 0.6207600102014792,
        "support": 2099.0
    },
    "3": {
        "precision": 0.9488372093023256,
        "recall": 1.0,
        "f1-score": 0.9737470167064439,
        "support": 204.0
    },
    "4": {
        "precision": 0.5976627712854758,
        "recall": 0.5078014184397163,
        "f1-score": 0.549079754601227,
        "support": 705.0
    },
    "5": {
        "precision": 0.5067513899920572,
        "recall": 0.36878612716763004,
        "f1-score": 0.4268986283037805,
        "support": 1730.0
    },
    "6": {
        "precision": 0.5161290322580645,
        "recall": 0.39644970414201186,
        "f1-score": 0.4484417485881615,
        "support": 5408.0
    },
    "7": {
        "precision": 0.5291069795793966,
        "recall": 0.32625446344672054,
        "f1-score": 0.40362706347361077,
        "support": 5321.0
    },
    "8": {
        "precision": 0.18624321736354932,
        "recall": 0.45550351288056207,
        "f1-score": 0.2643860444041686,
        "support": 2562.0
    },
    "accuracy": 0.39112,
    "macro avg": {
        "precision": 0.5137136917663958,
        "recall": 0.47715945413847116,
        "f1-score": 0.48131479211373485,
        "support": 25000.0
    },
    "weighted avg": {
        "precision": 0.45197866875203646,
        "recall": 0.39112,
        "f1-score": 0.4049858812656049,
        "support": 25000.0
    },
    "roc_auc": null,
    "model": "SVM",
    "params": {
        "max_iter": 200,
        "random_state": 42,
        "C": 1,
        "grid_search": false,
        "normalize": true
    },
    "mode": "training"
}