{
    "0": {
        "precision": 0.5698836843759824,
        "recall": 0.5230538403831727,
        "f1-score": 0.5454654871517121,
        "support": 17329.0
    },
    "1": {
        "precision": 0.7771773877534185,
        "recall": 0.8130272497788518,
        "f1-score": 0.7946982158673921,
        "support": 46349.0
    },
    "2": {
        "precision": 0.5644736211605731,
        "recall": 0.5401935158435365,
        "f1-score": 0.5520667354016309,
        "support": 21807.0
    },
    "3": {
        "precision": 0.7722932449494949,
        "recall": 0.825046894429574,
        "f1-score": 0.7977989504254344,
        "support": 47447.0
    },
    "4": {
        "precision": 0.5582085859210689,
        "recall": 0.4064864864864865,
        "f1-score": 0.47041651462232187,
        "support": 11100.0
    },
    "accuracy": 0.7094603976894024,
    "macro avg": {
        "precision": 0.6484073048321075,
        "recall": 0.6215615973843243,
        "f1-score": 0.6320891806936982,
        "support": 144032.0
    },
    "weighted avg": {
        "precision": 0.7015489492961686,
        "recall": 0.7094603976894024,
        "f1-score": 0.7040070848570906,
        "support": 144032.0
    },
    "roc_auc": null,
    "model": "LogisticRegression",
    "params": {
        "max_iter": 5000,
        "random_state": 42,
        "C": 0.9
    },
    "mode": "training"
}