{
    "0": {
        "precision": 0.5837758112094396,
        "recall": 0.5465341066003866,
        "f1-score": 0.5645414348880331,
        "support": 3621.0
    },
    "1": {
        "precision": 0.7832222657781263,
        "recall": 0.822814784309688,
        "f1-score": 0.8025305015815635,
        "support": 9713.0
    },
    "2": {
        "precision": 0.6122646064703042,
        "recall": 0.5548020126886896,
        "f1-score": 0.5821186732468725,
        "support": 4571.0
    },
    "3": {
        "precision": 0.7770753927675003,
        "recall": 0.8445993735475397,
        "f1-score": 0.8094315871017721,
        "support": 9897.0
    },
    "4": {
        "precision": 0.6017052375152253,
        "recall": 0.42348906986712387,
        "f1-score": 0.4971069182389937,
        "support": 2333.0
    },
    "accuracy": 0.7252032520325203,
    "macro avg": {
        "precision": 0.6716086627481191,
        "recall": 0.6384478694026855,
        "f1-score": 0.651145823011447,
        "support": 30135.0
    },
    "weighted avg": {
        "precision": 0.7172538602094259,
        "recall": 0.7252032520325203,
        "f1-score": 0.7191220378563319,
        "support": 30135.0
    },
    "roc_auc": {
        "0": 0.906355460196035,
        "1": 0.9300792176257736,
        "2": 0.8883632975791371,
        "3": 0.934732018873356,
        "4": 0.9057893175958965
    },
    "model": "LogisticRegression",
    "params": {
        "max_iter": 5000,
        "random_state": 42,
        "C": 0.9
    },
    "mode": "training"
}