{
    "0": {
        "precision": 0.6021565252607067,
        "recall": 0.5474754913241588,
        "f1-score": 0.5735155854487597,
        "support": 21727.0
    },
    "1": {
        "precision": 0.7908422558839493,
        "recall": 0.8297068313978568,
        "f1-score": 0.8098085117132896,
        "support": 57953.0
    },
    "2": {
        "precision": 0.6120179796546014,
        "recall": 0.571333922261484,
        "f1-score": 0.5909765848086808,
        "support": 27168.0
    },
    "3": {
        "precision": 0.7904776845242765,
        "recall": 0.8489714083534109,
        "f1-score": 0.8186810508700385,
        "support": 59353.0
    },
    "4": {
        "precision": 0.584987473501638,
        "recall": 0.43868776645711394,
        "f1-score": 0.5013833257628938,
        "support": 13839.0
    },
    "accuracy": 0.7329537880471007,
    "macro avg": {
        "precision": 0.6760963837650344,
        "recall": 0.6472350839588049,
        "f1-score": 0.6588730117207324,
        "support": 180040.0
    },
    "weighted avg": {
        "precision": 0.7251438802832518,
        "recall": 0.7329537880471007,
        "f1-score": 0.7274887687067862,
        "support": 180040.0
    },
    "roc_auc": null,
    "model": "LogisticRegression",
    "params": {
        "max_iter": 5000,
        "random_state": 42,
        "C": 0.9
    },
    "mode": "training"
}