{
    "0": {
        "precision": 0.5758171540919145,
        "recall": 0.5327421555252387,
        "f1-score": 0.553442777843392,
        "support": 4398.0
    },
    "1": {
        "precision": 0.7736807604064241,
        "recall": 0.8136849362288866,
        "f1-score": 0.7931787634408602,
        "support": 11604.0
    },
    "2": {
        "precision": 0.5575525812619503,
        "recall": 0.5439283715724679,
        "f1-score": 0.550656217543197,
        "support": 5361.0
    },
    "3": {
        "precision": 0.7759282970550576,
        "recall": 0.8143793045523265,
        "f1-score": 0.7946889599213179,
        "support": 11906.0
    },
    "4": {
        "precision": 0.5584868093578895,
        "recall": 0.40963855421686746,
        "f1-score": 0.472620050547599,
        "support": 2739.0
    },
    "accuracy": 0.7087036214174628,
    "macro avg": {
        "precision": 0.6482931204346472,
        "recall": 0.6228746644191574,
        "f1-score": 0.6329173538592733,
        "support": 36008.0
    },
    "weighted avg": {
        "precision": 0.701709965873319,
        "recall": 0.7087036214174628,
        "f1-score": 0.7039054867097629,
        "support": 36008.0
    },
    "roc_auc": null,
    "model": "LogisticRegression",
    "params": {
        "max_iter": 5000,
        "random_state": 42,
        "C": 0.9
    },
    "mode": "training"
}