{
    "0": {
        "precision": 0.8897297297297297,
        "recall": 0.8663157894736843,
        "f1-score": 0.8778666666666667,
        "support": 1900.0
    },
    "1": {
        "precision": 0.939802802283342,
        "recall": 0.9531578947368421,
        "f1-score": 0.9464332375228639,
        "support": 1900.0
    },
    "2": {
        "precision": 0.8299104791995787,
        "recall": 0.8294736842105264,
        "f1-score": 0.8296920242168991,
        "support": 1900.0
    },
    "3": {
        "precision": 0.8383575883575883,
        "recall": 0.8489473684210527,
        "f1-score": 0.8436192468619247,
        "support": 1900.0
    },
    "accuracy": 0.8744736842105263,
    "macro avg": {
        "precision": 0.8744501498925596,
        "recall": 0.8744736842105263,
        "f1-score": 0.8744027938170886,
        "support": 7600.0
    },
    "weighted avg": {
        "precision": 0.8744501498925598,
        "recall": 0.8744736842105263,
        "f1-score": 0.8744027938170886,
        "support": 7600.0
    },
    "model": "LogisticRegression"
}