{
    "0": {
        "precision": 0.8077753779697624,
        "recall": 0.7791666666666667,
        "f1-score": 0.7932131495227995,
        "support": 480.0
    },
    "1": {
        "precision": 0.7606112054329371,
        "recall": 0.7671232876712328,
        "f1-score": 0.7638533674339301,
        "support": 584.0
    },
    "2": {
        "precision": 0.7972508591065293,
        "recall": 0.7851099830795262,
        "f1-score": 0.7911338448422848,
        "support": 591.0
    },
    "3": {
        "precision": 0.71334431630972,
        "recall": 0.7338983050847457,
        "f1-score": 0.7234753550543024,
        "support": 590.0
    },
    "4": {
        "precision": 0.7684391080617495,
        "recall": 0.7750865051903114,
        "f1-score": 0.7717484926787253,
        "support": 578.0
    },
    "5": {
        "precision": 0.8280467445742905,
        "recall": 0.836424957841484,
        "f1-score": 0.8322147651006712,
        "support": 593.0
    },
    "6": {
        "precision": 0.8293918918918919,
        "recall": 0.8393162393162393,
        "f1-score": 0.8343245539507221,
        "support": 585.0
    },
    "7": {
        "precision": 0.8393782383419689,
        "recall": 0.8181818181818182,
        "f1-score": 0.8286445012787724,
        "support": 594.0
    },
    "8": {
        "precision": 0.8488372093023255,
        "recall": 0.8545150501672241,
        "f1-score": 0.8516666666666667,
        "support": 598.0
    },
    "9": {
        "precision": 0.9260504201680673,
        "recall": 0.9229480737018425,
        "f1-score": 0.924496644295302,
        "support": 597.0
    },
    "10": {
        "precision": 0.9527824620573356,
        "recall": 0.9416666666666667,
        "f1-score": 0.9471919530595139,
        "support": 600.0
    },
    "11": {
        "precision": 0.900497512437811,
        "recall": 0.9126050420168067,
        "f1-score": 0.9065108514190318,
        "support": 595.0
    },
    "12": {
        "precision": 0.7770154373927959,
        "recall": 0.766497461928934,
        "f1-score": 0.7717206132879046,
        "support": 591.0
    },
    "13": {
        "precision": 0.9292929292929293,
        "recall": 0.9292929292929293,
        "f1-score": 0.9292929292929293,
        "support": 594.0
    },
    "14": {
        "precision": 0.8979591836734694,
        "recall": 0.8903878583473862,
        "f1-score": 0.8941574936494496,
        "support": 593.0
    },
    "15": {
        "precision": 0.8401305057096248,
        "recall": 0.8597662771285476,
        "f1-score": 0.8498349834983498,
        "support": 599.0
    },
    "16": {
        "precision": 0.8672727272727273,
        "recall": 0.8736263736263736,
        "f1-score": 0.8704379562043796,
        "support": 546.0
    },
    "17": {
        "precision": 0.931095406360424,
        "recall": 0.9343971631205674,
        "f1-score": 0.9327433628318584,
        "support": 564.0
    },
    "18": {
        "precision": 0.8382978723404255,
        "recall": 0.8473118279569892,
        "f1-score": 0.8427807486631016,
        "support": 465.0
    },
    "19": {
        "precision": 0.71900826446281,
        "recall": 0.6923076923076923,
        "f1-score": 0.7054054054054054,
        "support": 377.0
    },
    "accuracy": 0.8411702315715043,
    "macro avg": {
        "precision": 0.8386238836079798,
        "recall": 0.8379815089646993,
        "f1-score": 0.838242381906805,
        "support": 11314.0
    },
    "weighted avg": {
        "precision": 0.8412021981767468,
        "recall": 0.8411702315715043,
        "f1-score": 0.841130715234636,
        "support": 11314.0
    },
    "roc_auc": null,
    "model": "LogisticRegression",
    "params": {
        "max_iter": 2000,
        "random_state": 42,
        "C": 0.5,
        "tol": 0.0035
    },
    "mode": "training"
}