{
    "0": {
        "precision": 0.5429553264604811,
        "recall": 0.4952978056426332,
        "f1-score": 0.5180327868852459,
        "support": 319.0
    },
    "1": {
        "precision": 0.6121372031662269,
        "recall": 0.596401028277635,
        "f1-score": 0.6041666666666666,
        "support": 389.0
    },
    "2": {
        "precision": 0.5569007263922519,
        "recall": 0.583756345177665,
        "f1-score": 0.5700123915737298,
        "support": 394.0
    },
    "3": {
        "precision": 0.522673031026253,
        "recall": 0.5586734693877551,
        "f1-score": 0.5400739827373613,
        "support": 392.0
    },
    "4": {
        "precision": 0.5782828282828283,
        "recall": 0.5948051948051948,
        "f1-score": 0.586427656850192,
        "support": 385.0
    },
    "5": {
        "precision": 0.6986666666666667,
        "recall": 0.6632911392405063,
        "f1-score": 0.6805194805194805,
        "support": 395.0
    },
    "6": {
        "precision": 0.7338935574229691,
        "recall": 0.6717948717948717,
        "f1-score": 0.7014725568942436,
        "support": 390.0
    },
    "7": {
        "precision": 0.735,
        "recall": 0.7424242424242424,
        "f1-score": 0.7386934673366834,
        "support": 396.0
    },
    "8": {
        "precision": 0.7429305912596401,
        "recall": 0.7261306532663316,
        "f1-score": 0.7344345616264295,
        "support": 398.0
    },
    "9": {
        "precision": 0.8535353535353535,
        "recall": 0.8513853904282116,
        "f1-score": 0.8524590163934426,
        "support": 397.0
    },
    "10": {
        "precision": 0.8932291666666666,
        "recall": 0.8596491228070176,
        "f1-score": 0.876117496807152,
        "support": 399.0
    },
    "11": {
        "precision": 0.7578125,
        "recall": 0.7348484848484849,
        "f1-score": 0.7461538461538462,
        "support": 396.0
    },
    "12": {
        "precision": 0.5207823960880196,
        "recall": 0.5419847328244275,
        "f1-score": 0.5311720698254364,
        "support": 393.0
    },
    "13": {
        "precision": 0.8559556786703602,
        "recall": 0.7803030303030303,
        "f1-score": 0.8163804491413474,
        "support": 396.0
    },
    "14": {
        "precision": 0.7668269230769231,
        "recall": 0.8096446700507615,
        "f1-score": 0.7876543209876543,
        "support": 394.0
    },
    "15": {
        "precision": 0.6697459584295612,
        "recall": 0.7286432160804021,
        "f1-score": 0.6979542719614922,
        "support": 398.0
    },
    "16": {
        "precision": 0.5767441860465117,
        "recall": 0.6813186813186813,
        "f1-score": 0.6246851385390428,
        "support": 364.0
    },
    "17": {
        "precision": 0.8288043478260869,
        "recall": 0.8111702127659575,
        "f1-score": 0.8198924731182796,
        "support": 376.0
    },
    "18": {
        "precision": 0.5454545454545454,
        "recall": 0.4838709677419355,
        "f1-score": 0.5128205128205128,
        "support": 310.0
    },
    "19": {
        "precision": 0.38910505836575876,
        "recall": 0.398406374501992,
        "f1-score": 0.3937007874015748,
        "support": 251.0
    },
    "accuracy": 0.6745884227296867,
    "macro avg": {
        "precision": 0.6690718022418551,
        "recall": 0.6656899816843869,
        "f1-score": 0.6666411967119907,
        "support": 7532.0
    },
    "weighted avg": {
        "precision": 0.6775345021419313,
        "recall": 0.6745884227296867,
        "f1-score": 0.6753372303627103,
        "support": 7532.0
    },
    "roc_auc": {
        "0": 0.9468201570918409,
        "1": 0.9481697255515045,
        "2": 0.9411834565270882,
        "3": 0.947531512605042,
        "4": 0.9498567194663459,
        "5": 0.9682222967136851,
        "6": 0.9761023630527972,
        "7": 0.9752209595959596,
        "8": 0.9812709468283384,
        "9": 0.9935098381519419,
        "10": 0.9941473619559905,
        "11": 0.9740043370929022,
        "12": 0.9387794599923653,
        "13": 0.9819169837387327,
        "14": 0.9763484347020949,
        "15": 0.9807268047554848,
        "16": 0.9626231051314756,
        "17": 0.9851021460937407,
        "18": 0.921179013944846,
        "19": 0.9267394096187699
    },
    "model": "LogisticRegression",
    "params": {
        "max_iter": 2000,
        "random_state": 42,
        "C": 0.5,
        "tol": 0.0035
    },
    "mode": "training"
}