{
    "0": {
        "precision": 0.4934640522875817,
        "recall": 0.47335423197492166,
        "f1-score": 0.4832,
        "support": 319.0
    },
    "1": {
        "precision": 0.5135135135135135,
        "recall": 0.5372750642673522,
        "f1-score": 0.5251256281407035,
        "support": 389.0
    },
    "2": {
        "precision": 0.48661800486618007,
        "recall": 0.5076142131979695,
        "f1-score": 0.4968944099378882,
        "support": 394.0
    },
    "3": {
        "precision": 0.44680851063829785,
        "recall": 0.48214285714285715,
        "f1-score": 0.4638036809815951,
        "support": 392.0
    },
    "4": {
        "precision": 0.49627791563275436,
        "recall": 0.5194805194805194,
        "f1-score": 0.5076142131979695,
        "support": 385.0
    },
    "5": {
        "precision": 0.649171270718232,
        "recall": 0.5949367088607594,
        "f1-score": 0.6208718626155878,
        "support": 395.0
    },
    "6": {
        "precision": 0.6528925619834711,
        "recall": 0.6076923076923076,
        "f1-score": 0.6294820717131474,
        "support": 390.0
    },
    "7": {
        "precision": 0.6791044776119403,
        "recall": 0.6893939393939394,
        "f1-score": 0.6842105263157895,
        "support": 396.0
    },
    "8": {
        "precision": 0.6732673267326733,
        "recall": 0.6834170854271356,
        "f1-score": 0.6783042394014963,
        "support": 398.0
    },
    "9": {
        "precision": 0.798469387755102,
        "recall": 0.7884130982367759,
        "f1-score": 0.7934093789607097,
        "support": 397.0
    },
    "10": {
        "precision": 0.8556701030927835,
        "recall": 0.8320802005012531,
        "f1-score": 0.843710292249047,
        "support": 399.0
    },
    "11": {
        "precision": 0.779891304347826,
        "recall": 0.7247474747474747,
        "f1-score": 0.7513089005235603,
        "support": 396.0
    },
    "12": {
        "precision": 0.45169082125603865,
        "recall": 0.4758269720101781,
        "f1-score": 0.4634448574969021,
        "support": 393.0
    },
    "13": {
        "precision": 0.8352601156069365,
        "recall": 0.7297979797979798,
        "f1-score": 0.7789757412398922,
        "support": 396.0
    },
    "14": {
        "precision": 0.7694300518134715,
        "recall": 0.7538071065989848,
        "f1-score": 0.7615384615384615,
        "support": 394.0
    },
    "15": {
        "precision": 0.6224256292906178,
        "recall": 0.6834170854271356,
        "f1-score": 0.651497005988024,
        "support": 398.0
    },
    "16": {
        "precision": 0.5918367346938775,
        "recall": 0.6373626373626373,
        "f1-score": 0.6137566137566137,
        "support": 364.0
    },
    "17": {
        "precision": 0.8419540229885057,
        "recall": 0.7792553191489362,
        "f1-score": 0.8093922651933702,
        "support": 376.0
    },
    "18": {
        "precision": 0.4897959183673469,
        "recall": 0.4645161290322581,
        "f1-score": 0.4768211920529801,
        "support": 310.0
    },
    "19": {
        "precision": 0.3321678321678322,
        "recall": 0.3784860557768924,
        "f1-score": 0.3538175046554935,
        "support": 251.0
    },
    "accuracy": 0.6249336165693044,
    "macro avg": {
        "precision": 0.6229854777682492,
        "recall": 0.6171508493039134,
        "f1-score": 0.6193589422979616,
        "support": 7532.0
    },
    "weighted avg": {
        "precision": 0.6315276016947309,
        "recall": 0.6249336165693044,
        "f1-score": 0.6275282173441626,
        "support": 7532.0
    },
    "roc_auc": {
        "0": 0.9329050169343319,
        "1": 0.9296987325034992,
        "2": 0.9219889829652692,
        "3": 0.9254351740696278,
        "4": 0.9350464003605182,
        "5": 0.95263513549465,
        "6": 0.9637884238416302,
        "7": 0.9634917702812882,
        "8": 0.9729524409262461,
        "9": 0.9884649941131719,
        "10": 0.990351948847304,
        "11": 0.9704096740952122,
        "12": 0.9274051753850387,
        "13": 0.973279600942157,
        "14": 0.9687512889475504,
        "15": 0.9715165398058417,
        "16": 0.9545151068239797,
        "17": 0.9816490848328437,
        "18": 0.9004538104894544,
        "19": 0.9040136665260398
    },
    "model": "LogisticRegression",
    "params": {
        "max_iter": 200,
        "random_state": 42,
        "C": 0.9
    },
    "mode": "training"
}