{
    "0": {
        "precision": 0.9958246346555324,
        "recall": 0.99375,
        "f1-score": 0.9947862356621481,
        "support": 480.0
    },
    "1": {
        "precision": 0.9507640067911715,
        "recall": 0.958904109589041,
        "f1-score": 0.9548167092924126,
        "support": 584.0
    },
    "2": {
        "precision": 0.9626485568760611,
        "recall": 0.9593908629441624,
        "f1-score": 0.9610169491525423,
        "support": 591.0
    },
    "3": {
        "precision": 0.9219015280135824,
        "recall": 0.9203389830508475,
        "f1-score": 0.9211195928753181,
        "support": 590.0
    },
    "4": {
        "precision": 0.9507908611599297,
        "recall": 0.9359861591695502,
        "f1-score": 0.9433304272013949,
        "support": 578.0
    },
    "5": {
        "precision": 0.9797297297297297,
        "recall": 0.9780775716694773,
        "f1-score": 0.9789029535864979,
        "support": 593.0
    },
    "6": {
        "precision": 0.9779661016949153,
        "recall": 0.9863247863247864,
        "f1-score": 0.9821276595744681,
        "support": 585.0
    },
    "7": {
        "precision": 0.985,
        "recall": 0.9949494949494949,
        "f1-score": 0.9899497487437185,
        "support": 594.0
    },
    "8": {
        "precision": 0.996661101836394,
        "recall": 0.9983277591973244,
        "f1-score": 0.9974937343358395,
        "support": 598.0
    },
    "9": {
        "precision": 1.0,
        "recall": 1.0,
        "f1-score": 1.0,
        "support": 597.0
    },
    "10": {
        "precision": 1.0,
        "recall": 1.0,
        "f1-score": 1.0,
        "support": 600.0
    },
    "11": {
        "precision": 1.0,
        "recall": 1.0,
        "f1-score": 1.0,
        "support": 595.0
    },
    "12": {
        "precision": 0.9692307692307692,
        "recall": 0.9593908629441624,
        "f1-score": 0.9642857142857143,
        "support": 591.0
    },
    "13": {
        "precision": 0.9983193277310924,
        "recall": 1.0,
        "f1-score": 0.9991589571068125,
        "support": 594.0
    },
    "14": {
        "precision": 0.9932659932659933,
        "recall": 0.9949409780775716,
        "f1-score": 0.9941027801179444,
        "support": 593.0
    },
    "15": {
        "precision": 0.996661101836394,
        "recall": 0.996661101836394,
        "f1-score": 0.996661101836394,
        "support": 599.0
    },
    "16": {
        "precision": 0.9981718464351006,
        "recall": 1.0,
        "f1-score": 0.9990850869167429,
        "support": 546.0
    },
    "17": {
        "precision": 1.0,
        "recall": 1.0,
        "f1-score": 1.0,
        "support": 564.0
    },
    "18": {
        "precision": 0.9978540772532188,
        "recall": 1.0,
        "f1-score": 0.9989258861439313,
        "support": 465.0
    },
    "19": {
        "precision": 0.9946808510638298,
        "recall": 0.9920424403183024,
        "f1-score": 0.9933598937583001,
        "support": 377.0
    },
    "accuracy": 0.9830298744917801,
    "macro avg": {
        "precision": 0.9834735243786857,
        "recall": 0.9834542555035558,
        "f1-score": 0.9834561715295088,
        "support": 11314.0
    },
    "weighted avg": {
        "precision": 0.9829991173178438,
        "recall": 0.9830298744917801,
        "f1-score": 0.9830065716777133,
        "support": 11314.0
    },
    "roc_auc": null,
    "model": "LogisticRegression",
    "params": {
        "max_iter": 200,
        "random_state": 42,
        "C": 0.9
    },
    "mode": "training"
}