{
    "0": {
        "precision": 0.8878162709225379,
        "recall": 0.7602666666666666,
        "f1-score": 0.8191057640509966,
        "support": 30000.0
    },
    "1": {
        "precision": 0.8334258060538807,
        "recall": 0.9012666666666667,
        "f1-score": 0.8660196662502803,
        "support": 30000.0
    },
    "2": {
        "precision": 0.7898458016295199,
        "recall": 0.782,
        "f1-score": 0.7859033198217815,
        "support": 30000.0
    },
    "3": {
        "precision": 0.7384194491077535,
        "recall": 0.7917333333333333,
        "f1-score": 0.7641476048000515,
        "support": 30000.0
    },
    "accuracy": 0.8088166666666666,
    "macro avg": {
        "precision": 0.812376831928423,
        "recall": 0.8088166666666666,
        "f1-score": 0.8087940887307774,
        "support": 120000.0
    },
    "weighted avg": {
        "precision": 0.812376831928423,
        "recall": 0.8088166666666666,
        "f1-score": 0.8087940887307775,
        "support": 120000.0
    },
    "roc_auc": null,
    "model": "XGBClassifier",
    "params": {
        "learning_rate": 0.1,
        "max_depth": 3,
        "n_estimators": 100,
        "num_class": 20,
        "eval_metric": "mlogloss",
        "objective": "multi:softmax"
    },
    "mode": "training"
}