{
    "0": {
        "precision": 0.914364640883978,
        "recall": 0.8710526315789474,
        "f1-score": 0.8921832884097035,
        "support": 1900.0
    },
    "1": {
        "precision": 0.9108761329305136,
        "recall": 0.9521052631578948,
        "f1-score": 0.9310344827586207,
        "support": 1900.0
    },
    "2": {
        "precision": 0.85852608929532,
        "recall": 0.84,
        "f1-score": 0.8491620111731844,
        "support": 1900.0
    },
    "3": {
        "precision": 0.8375321336760926,
        "recall": 0.8573684210526316,
        "f1-score": 0.847334200260078,
        "support": 1900.0
    },
    "accuracy": 0.8801315789473684,
    "macro avg": {
        "precision": 0.8803247491964761,
        "recall": 0.8801315789473684,
        "f1-score": 0.8799284956503965,
        "support": 7600.0
    },
    "weighted avg": {
        "precision": 0.8803247491964761,
        "recall": 0.8801315789473684,
        "f1-score": 0.8799284956503967,
        "support": 7600.0
    },
    "roc_auc": {
        "0": 0.9702846722068329,
        "1": 0.9914253924284395,
        "2": 0.9608552169898431,
        "3": 0.9677600184672206
    },
    "model": "XGBClassifier",
    "params": {
        "learning_rate": 0.1,
        "max_depth": 3,
        "n_estimators": 500,
        "num_class": 20,
        "eval_metric": "mlogloss",
        "objective": "multi:softmax"
    },
    "mode": "training"
}