{
    "0": {
        "precision": 0.8899138991389914,
        "recall": 0.761578947368421,
        "f1-score": 0.8207600680657969,
        "support": 1900.0
    },
    "1": {
        "precision": 0.8298492950899368,
        "recall": 0.8984210526315789,
        "f1-score": 0.8627748294162244,
        "support": 1900.0
    },
    "2": {
        "precision": 0.7841573631047315,
        "recall": 0.7763157894736842,
        "f1-score": 0.7802168738428987,
        "support": 1900.0
    },
    "3": {
        "precision": 0.7328094302554028,
        "recall": 0.7852631578947369,
        "f1-score": 0.758130081300813,
        "support": 1900.0
    },
    "accuracy": 0.8053947368421053,
    "macro avg": {
        "precision": 0.8091824968972656,
        "recall": 0.8053947368421053,
        "f1-score": 0.8054704631564333,
        "support": 7600.0
    },
    "weighted avg": {
        "precision": 0.8091824968972655,
        "recall": 0.8053947368421053,
        "f1-score": 0.8054704631564333,
        "support": 7600.0
    },
    "model": "XGBClassifier"
}