{
    "0": {
        "precision": 0.3879275653923541,
        "recall": 0.26622479977906655,
        "f1-score": 0.3157549950867999,
        "support": 3621.0
    },
    "1": {
        "precision": 0.546804227478611,
        "recall": 0.6711623597240811,
        "f1-score": 0.6026346198289808,
        "support": 9713.0
    },
    "2": {
        "precision": 0.3470218275989641,
        "recall": 0.20520673813169985,
        "f1-score": 0.25790486664833656,
        "support": 4571.0
    },
    "3": {
        "precision": 0.48974236641221375,
        "recall": 0.6223097908457108,
        "f1-score": 0.5481244159658256,
        "support": 9897.0
    },
    "4": {
        "precision": 0.30066815144766146,
        "recall": 0.05786540934419203,
        "f1-score": 0.09705248023005032,
        "support": 2333.0
    },
    "accuracy": 0.4883026381284221,
    "macro avg": {
        "precision": 0.4144328276659609,
        "recall": 0.36455381956495003,
        "f1-score": 0.3642942755519986,
        "support": 30135.0
    },
    "weighted avg": {
        "precision": 0.45961410145841725,
        "recall": 0.4883026381284221,
        "f1-score": 0.45882969391897205,
        "support": 30135.0
    },
    "roc_auc": {
        "0": 0.7711665648722115,
        "1": 0.7827986163422999,
        "2": 0.7044181707410206,
        "3": 0.7229274328229244,
        "4": 0.7514971154326165
    },
    "model": "LogisticRegression",
    "params": {
        "max_iter": 5000,
        "random_state": 42,
        "C": 0.9
    },
    "mode": "training"
}