{
    "0": {
        "precision": 0.3540842029507017,
        "recall": 0.22373806275579808,
        "f1-score": 0.274209279643305,
        "support": 4398.0
    },
    "1": {
        "precision": 0.4817464066401242,
        "recall": 0.615218890037918,
        "f1-score": 0.5403625629186694,
        "support": 11604.0
    },
    "2": {
        "precision": 0.30212936922458816,
        "recall": 0.14027233725051297,
        "f1-score": 0.1915923566878981,
        "support": 5361.0
    },
    "3": {
        "precision": 0.464142091152815,
        "recall": 0.581639509491013,
        "f1-score": 0.5162901662566167,
        "support": 11906.0
    },
    "4": {
        "precision": 0.3196803196803197,
        "recall": 0.11683096020445419,
        "f1-score": 0.1711229946524064,
        "support": 2739.0
    },
    "accuracy": 0.44767829371250834,
    "macro avg": {
        "precision": 0.38435647792970973,
        "recall": 0.33553995194793923,
        "f1-score": 0.33871547203177915,
        "support": 36008.0
    },
    "weighted avg": {
        "precision": 0.4212631445376587,
        "recall": 0.44767829371250834,
        "f1-score": 0.41988232664928726,
        "support": 36008.0
    },
    "roc_auc": null,
    "model": "LogisticRegression",
    "params": {
        "max_iter": 5000,
        "random_state": 42,
        "C": 0.9
    },
    "mode": "training"
}