{
    "0": {
        "precision": 0.3985934360348292,
        "recall": 0.27389883555023703,
        "f1-score": 0.32468559893062715,
        "support": 21727.0
    },
    "1": {
        "precision": 0.5426350049910723,
        "recall": 0.6659879557572516,
        "f1-score": 0.5980167338084909,
        "support": 57953.0
    },
    "2": {
        "precision": 0.34122895199798947,
        "recall": 0.1999042991755006,
        "f1-score": 0.25211215300343515,
        "support": 27168.0
    },
    "3": {
        "precision": 0.49308077728586197,
        "recall": 0.6267416979765134,
        "f1-score": 0.551934418932453,
        "support": 59353.0
    },
    "4": {
        "precision": 0.3363809523809524,
        "recall": 0.06380518823614423,
        "f1-score": 0.10726433430515063,
        "support": 13839.0
    },
    "accuracy": 0.4891135303265941,
    "macro avg": {
        "precision": 0.4223838245381411,
        "recall": 0.3660675953391294,
        "f1-score": 0.3668026477960314,
        "support": 180040.0
    },
    "weighted avg": {
        "precision": 0.4626698154360448,
        "recall": 0.4891135303265941,
        "f1-score": 0.45992049236010557,
        "support": 180040.0
    },
    "roc_auc": null,
    "model": "LogisticRegression",
    "params": {
        "max_iter": 5000,
        "random_state": 42,
        "C": 0.9
    },
    "mode": "training"
}