{
    "0": {
        "precision": 0.351295615529454,
        "recall": 0.22609498528478272,
        "f1-score": 0.27512112913419,
        "support": 17329.0
    },
    "1": {
        "precision": 0.4804825271336321,
        "recall": 0.6084273662862197,
        "f1-score": 0.536938309215537,
        "support": 46349.0
    },
    "2": {
        "precision": 0.29584619982069926,
        "recall": 0.1361947998349154,
        "f1-score": 0.18652264020599132,
        "support": 21807.0
    },
    "3": {
        "precision": 0.4604194407456724,
        "recall": 0.5830084093831012,
        "f1-score": 0.5145126340361026,
        "support": 47447.0
    },
    "4": {
        "precision": 0.32243794544114035,
        "recall": 0.1181981981981982,
        "f1-score": 0.1729843760300613,
        "support": 11100.0
    },
    "accuracy": 0.44477616085314375,
    "macro avg": {
        "precision": 0.3820963457341196,
        "recall": 0.3343847517974434,
        "f1-score": 0.3372158177243764,
        "support": 144032.0
    },
    "weighted avg": {
        "precision": 0.41819586515894513,
        "recall": 0.44477616085314375,
        "f1-score": 0.4169478621182376,
        "support": 144032.0
    },
    "roc_auc": null,
    "model": "LogisticRegression",
    "params": {
        "max_iter": 5000,
        "random_state": 42,
        "C": 0.9
    },
    "mode": "training"
}