{
    "0": {
        "precision": 0.6010713278827178,
        "recall": 0.5887876277271472,
        "f1-score": 0.5948660714285714,
        "support": 3621.0
    },
    "1": {
        "precision": 0.8473282442748091,
        "recall": 0.822814784309688,
        "f1-score": 0.8348916166100809,
        "support": 9713.0
    },
    "2": {
        "precision": 0.7124036788466319,
        "recall": 0.6269962809013345,
        "f1-score": 0.666976960670235,
        "support": 4571.0
    },
    "3": {
        "precision": 0.7855331059214554,
        "recall": 0.9074467010205113,
        "f1-score": 0.8421003281762776,
        "support": 9897.0
    },
    "4": {
        "precision": 0.7011764705882353,
        "recall": 0.5109301328761252,
        "f1-score": 0.5911232333250682,
        "support": 2333.0
    },
    "accuracy": 0.7686411149825784,
    "macro avg": {
        "precision": 0.7295025655027698,
        "recall": 0.6913951053669611,
        "f1-score": 0.7059916420420466,
        "support": 30135.0
    },
    "weighted avg": {
        "precision": 0.765662571299137,
        "recall": 0.7686411149825784,
        "f1-score": 0.7640757078250612,
        "support": 30135.0
    },
    "roc_auc": {
        "0": 0.9282983991803782,
        "1": 0.9508084376920729,
        "2": 0.9293741205406681,
        "3": 0.9552087035051804,
        "4": 0.9306905518550703
    },
    "model": "XGBClassifier",
    "params": {
        "learning_rate": 0.1,
        "max_depth": 3,
        "n_estimators": 500,
        "num_class": 5,
        "eval_metric": "mlogloss",
        "objective": "multi:softmax"
    },
    "mode": "training"
}