{
    "0": {
        "precision": 0.6836493513314775,
        "recall": 0.5990702812169191,
        "f1-score": 0.638571358485012,
        "support": 21727.0
    },
    "1": {
        "precision": 0.8217115689381933,
        "recall": 0.8589029040774421,
        "f1-score": 0.8398957217221102,
        "support": 57953.0
    },
    "2": {
        "precision": 0.6745225196725849,
        "recall": 0.6278710247349824,
        "f1-score": 0.65036124826048,
        "support": 27168.0
    },
    "3": {
        "precision": 0.8143368733020498,
        "recall": 0.8888514481155123,
        "f1-score": 0.8499641525089215,
        "support": 59353.0
    },
    "4": {
        "precision": 0.6790958268933539,
        "recall": 0.5079846809740588,
        "f1-score": 0.5812078872307883,
        "support": 13839.0
    },
    "accuracy": 0.7755832037325039,
    "macro avg": {
        "precision": 0.7346632280275319,
        "recall": 0.6965360678237829,
        "f1-score": 0.7120000736414624,
        "support": 180040.0
    },
    "weighted avg": {
        "precision": 0.7694460753998701,
        "recall": 0.7755832037325039,
        "f1-score": 0.7704342887955729,
        "support": 180040.0
    },
    "roc_auc": null,
    "model": "XGBClassifier",
    "params": {
        "learning_rate": 0.1,
        "max_depth": 3,
        "n_estimators": 500,
        "num_class": 20,
        "eval_metric": "mlogloss",
        "objective": "multi:softmax"
    },
    "mode": "training"
}