{
    "0": {
        "precision": 0.6076899030947172,
        "recall": 0.5368682684341343,
        "f1-score": 0.5700879765395894,
        "support": 3621.0
    },
    "1": {
        "precision": 0.7976108204166256,
        "recall": 0.8317718521569031,
        "f1-score": 0.8143332325370426,
        "support": 9713.0
    },
    "2": {
        "precision": 0.6080473372781066,
        "recall": 0.5620214395099541,
        "f1-score": 0.5841291496134606,
        "support": 4571.0
    },
    "3": {
        "precision": 0.7841397603585475,
        "recall": 0.8662220875012631,
        "f1-score": 0.8231397023523764,
        "support": 9897.0
    },
    "4": {
        "precision": 0.585203153426319,
        "recall": 0.4136305186455208,
        "f1-score": 0.48468106479156203,
        "support": 2333.0
    },
    "accuracy": 0.734362037497926,
    "macro avg": {
        "precision": 0.6765381949148632,
        "recall": 0.642102833249555,
        "f1-score": 0.6552742251668062,
        "support": 30135.0
    },
    "weighted avg": {
        "precision": 0.7251678640027552,
        "recall": 0.734362037497926,
        "f1-score": 0.7274377352548684,
        "support": 30135.0
    },
    "roc_auc": {
        "0": 0.9100529279087147,
        "1": 0.937382119599119,
        "2": 0.8947348859820886,
        "3": 0.9443595249071164,
        "4": 0.9065725643090061
    },
    "model": "XGBClassifier",
    "params": {
        "learning_rate": 0.1,
        "max_depth": 3,
        "n_estimators": 500,
        "num_class": 20,
        "eval_metric": "mlogloss",
        "objective": "multi:softmax"
    },
    "mode": "training"
}