{
    "0": {
        "precision": 0.8204747774480712,
        "recall": 0.8014492753623188,
        "f1-score": 0.8108504398826979,
        "support": 690.0
    },
    "1": {
        "precision": 0.8059490084985835,
        "recall": 0.8246376811594203,
        "f1-score": 0.8151862464183381,
        "support": 690.0
    },
    "accuracy": 0.8130434782608695,
    "macro avg": {
        "precision": 0.8132118929733274,
        "recall": 0.8130434782608695,
        "f1-score": 0.813018343150518,
        "support": 1380.0
    },
    "weighted avg": {
        "precision": 0.8132118929733273,
        "recall": 0.8130434782608695,
        "f1-score": 0.813018343150518,
        "support": 1380.0
    },
    "roc_auc": {
        "0": 0.888134845620668,
        "1": 0.8881348456206681
    },
    "model": "LogisticRegression",
    "params": {
        "max_iter": 5000,
        "C": 0.9,
        "tol": 0.0005
    },
    "mode": "training"
}