{
    "0": {
        "precision": 0.7914831130690162,
        "recall": 0.7811594202898551,
        "f1-score": 0.7862873814733771,
        "support": 690.0
    },
    "1": {
        "precision": 0.7839771101573677,
        "recall": 0.7942028985507247,
        "f1-score": 0.7890568754499641,
        "support": 690.0
    },
    "accuracy": 0.7876811594202898,
    "macro avg": {
        "precision": 0.787730111613192,
        "recall": 0.7876811594202899,
        "f1-score": 0.7876721284616706,
        "support": 1380.0
    },
    "weighted avg": {
        "precision": 0.7877301116131921,
        "recall": 0.7876811594202898,
        "f1-score": 0.7876721284616705,
        "support": 1380.0
    },
    "roc_auc": {
        "0": 0.8712098298676749,
        "1": 0.8712098298676749
    },
    "model": "LogisticRegression",
    "params": {
        "max_iter": 5000,
        "C": 0.3,
        "tol": 0.005
    },
    "mode": "training"
}