{
    "0": {
        "precision": 0.826151560178306,
        "recall": 0.8057971014492754,
        "f1-score": 0.8158473954512105,
        "support": 690.0
    },
    "1": {
        "precision": 0.8104667609618105,
        "recall": 0.8304347826086956,
        "f1-score": 0.8203292770221904,
        "support": 690.0
    },
    "accuracy": 0.8181159420289855,
    "macro avg": {
        "precision": 0.8183091605700583,
        "recall": 0.8181159420289855,
        "f1-score": 0.8180883362367004,
        "support": 1380.0
    },
    "weighted avg": {
        "precision": 0.8183091605700583,
        "recall": 0.8181159420289855,
        "f1-score": 0.8180883362367004,
        "support": 1380.0
    },
    "roc_auc": {
        "0": 0.8909724847721068,
        "1": 0.8909724847721068
    },
    "model": "LogisticRegression",
    "params": {
        "max_iter": 3000,
        "C": 0.5
    },
    "mode": "training"
}