{
    "0": {
        "precision": 0.8206055128784455,
        "recall": 0.794226984474087,
        "f1-score": 0.8072008000888987,
        "support": 4573.0
    },
    "1": {
        "precision": 0.8340973201692524,
        "recall": 0.856289592760181,
        "f1-score": 0.8450477806555328,
        "support": 5525.0
    },
    "accuracy": 0.8281837987720341,
    "macro avg": {
        "precision": 0.8273514165238489,
        "recall": 0.825258288617134,
        "f1-score": 0.8261242903722157,
        "support": 10098.0
    },
    "weighted avg": {
        "precision": 0.8279873939719005,
        "recall": 0.8281837987720341,
        "f1-score": 0.8279083231261986,
        "support": 10098.0
    },
    "roc_auc": null,
    "model": "LogisticRegression",
    "params": {
        "max_iter": 5000,
        "C": 0.3,
        "tol": 0.001
    },
    "mode": "training"
}