{
    "0": {
        "precision": 0.8253012048192772,
        "recall": 0.7942028985507247,
        "f1-score": 0.8094534711964549,
        "support": 690.0
    },
    "1": {
        "precision": 0.8016759776536313,
        "recall": 0.8318840579710145,
        "f1-score": 0.8165007112375533,
        "support": 690.0
    },
    "accuracy": 0.8130434782608695,
    "macro avg": {
        "precision": 0.8134885912364542,
        "recall": 0.8130434782608695,
        "f1-score": 0.8129770912170041,
        "support": 1380.0
    },
    "weighted avg": {
        "precision": 0.8134885912364542,
        "recall": 0.8130434782608695,
        "f1-score": 0.8129770912170041,
        "support": 1380.0
    },
    "roc_auc": {
        "0": 0.8908359588321781,
        "1": 0.8908359588321781
    },
    "model": "LogisticRegression",
    "params": {
        "max_iter": 2500,
        "C": 0.7,
        "normalize": true
    },
    "mode": "training"
}