{
    "0": {
        "precision": 0.8266068759342302,
        "recall": 0.8014492753623188,
        "f1-score": 0.8138337012509198,
        "support": 690.0
    },
    "1": {
        "precision": 0.8073136427566807,
        "recall": 0.8318840579710145,
        "f1-score": 0.8194147037830122,
        "support": 690.0
    },
    "accuracy": 0.8166666666666667,
    "macro avg": {
        "precision": 0.8169602593454555,
        "recall": 0.8166666666666667,
        "f1-score": 0.816624202516966,
        "support": 1380.0
    },
    "weighted avg": {
        "precision": 0.8169602593454555,
        "recall": 0.8166666666666667,
        "f1-score": 0.8166242025169661,
        "support": 1380.0
    },
    "roc_auc": {
        "0": 0.8912770426381013,
        "1": 0.8912770426381011
    },
    "model": "LogisticRegression",
    "params": {
        "max_iter": 3000,
        "C": 0.9
    },
    "mode": "training"
}