{
    "0": {
        "precision": 0.8258258258258259,
        "recall": 0.7971014492753623,
        "f1-score": 0.8112094395280236,
        "support": 690.0
    },
    "1": {
        "precision": 0.803921568627451,
        "recall": 0.8318840579710145,
        "f1-score": 0.8176638176638177,
        "support": 690.0
    },
    "accuracy": 0.8144927536231884,
    "macro avg": {
        "precision": 0.8148736972266384,
        "recall": 0.8144927536231884,
        "f1-score": 0.8144366285959206,
        "support": 1380.0
    },
    "weighted avg": {
        "precision": 0.8148736972266385,
        "recall": 0.8144927536231884,
        "f1-score": 0.8144366285959206,
        "support": 1380.0
    },
    "roc_auc": {
        "0": 0.8909052720016802,
        "1": 0.8909052720016803
    },
    "model": "LogisticRegression",
    "params": {
        "max_iter": 2500,
        "C": 0.6,
        "normalize": true
    },
    "mode": "training"
}