{
    "0": {
        "precision": 0.8273809523809523,
        "recall": 0.8057971014492754,
        "f1-score": 0.8164464023494861,
        "support": 690.0
    },
    "1": {
        "precision": 0.8107344632768362,
        "recall": 0.8318840579710145,
        "f1-score": 0.821173104434907,
        "support": 690.0
    },
    "accuracy": 0.8188405797101449,
    "macro avg": {
        "precision": 0.8190577078288943,
        "recall": 0.818840579710145,
        "f1-score": 0.8188097533921965,
        "support": 1380.0
    },
    "weighted avg": {
        "precision": 0.8190577078288941,
        "recall": 0.8188405797101449,
        "f1-score": 0.8188097533921966,
        "support": 1380.0
    },
    "roc_auc": {
        "0": 0.8909346775887419,
        "1": 0.890934677588742
    },
    "model": "LogisticRegression",
    "params": {
        "max_iter": 5000,
        "C": 0.4
    },
    "mode": "training"
}