{
    "0": {
        "precision": 0.8248502994011976,
        "recall": 0.7985507246376812,
        "f1-score": 0.8114874815905744,
        "support": 690.0
    },
    "1": {
        "precision": 0.8047752808988764,
        "recall": 0.8304347826086956,
        "f1-score": 0.8174037089871612,
        "support": 690.0
    },
    "accuracy": 0.8144927536231884,
    "macro avg": {
        "precision": 0.814812790150037,
        "recall": 0.8144927536231884,
        "f1-score": 0.8144455952888678,
        "support": 1380.0
    },
    "weighted avg": {
        "precision": 0.8148127901500369,
        "recall": 0.8144927536231884,
        "f1-score": 0.8144455952888678,
        "support": 1380.0
    },
    "roc_auc": {
        "0": 0.8891829447595043,
        "1": 0.8891829447595043
    },
    "model": "LogisticRegression",
    "params": {
        "max_iter": 5000,
        "C": 0.9,
        "tol": 0.0009
    },
    "mode": "training"
}