{
    "0": {
        "precision": 0.8268072289156626,
        "recall": 0.7956521739130434,
        "f1-score": 0.810930576070901,
        "support": 690.0
    },
    "1": {
        "precision": 0.803072625698324,
        "recall": 0.8333333333333334,
        "f1-score": 0.817923186344239,
        "support": 690.0
    },
    "accuracy": 0.8144927536231884,
    "macro avg": {
        "precision": 0.8149399273069933,
        "recall": 0.8144927536231884,
        "f1-score": 0.81442688120757,
        "support": 1380.0
    },
    "weighted avg": {
        "precision": 0.8149399273069934,
        "recall": 0.8144927536231884,
        "f1-score": 0.81442688120757,
        "support": 1380.0
    },
    "roc_auc": {
        "0": 0.8908170552404957,
        "1": 0.8908170552404956
    },
    "model": "LogisticRegression",
    "params": {
        "max_iter": 1500,
        "C": 0.7,
        "normalize": true
    },
    "mode": "training"
}