{
    "0": {
        "precision": 0.7807474518686297,
        "recall": 0.7537721408265908,
        "f1-score": 0.767022696929239,
        "support": 4573.0
    },
    "1": {
        "precision": 0.8018652120358966,
        "recall": 0.8247963800904977,
        "f1-score": 0.813169164882227,
        "support": 5525.0
    },
    "accuracy": 0.7926322043969103,
    "macro avg": {
        "precision": 0.7913063319522631,
        "recall": 0.7892842604585443,
        "f1-score": 0.7900959309057329,
        "support": 10098.0
    },
    "weighted avg": {
        "precision": 0.7923017819264777,
        "recall": 0.7926322043969103,
        "f1-score": 0.7922711852873552,
        "support": 10098.0
    },
    "roc_auc": null,
    "model": "LogisticRegression",
    "params": {
        "max_iter": 5000,
        "C": 0.3,
        "tol": 0.005
    },
    "mode": "training"
}