{
    "0": {
        "precision": 0.8258928571428571,
        "recall": 0.8043478260869565,
        "f1-score": 0.8149779735682819,
        "support": 690.0
    },
    "1": {
        "precision": 0.809322033898305,
        "recall": 0.8304347826086956,
        "f1-score": 0.8197424892703863,
        "support": 690.0
    },
    "accuracy": 0.8173913043478261,
    "macro avg": {
        "precision": 0.8176074455205811,
        "recall": 0.817391304347826,
        "f1-score": 0.8173602314193341,
        "support": 1380.0
    },
    "weighted avg": {
        "precision": 0.817607445520581,
        "recall": 0.8173913043478261,
        "f1-score": 0.8173602314193342,
        "support": 1380.0
    },
    "roc_auc": {
        "0": 0.8911153119092627,
        "1": 0.8911153119092629
    },
    "model": "LogisticRegression",
    "params": {
        "max_iter": 1500,
        "C": 0.7
    },
    "mode": "training"
}