{
    "0": {
        "precision": 0.8275862068965517,
        "recall": 0.8,
        "f1-score": 0.8135593220338984,
        "support": 690.0
    },
    "1": {
        "precision": 0.8064516129032258,
        "recall": 0.8333333333333334,
        "f1-score": 0.819672131147541,
        "support": 690.0
    },
    "accuracy": 0.8166666666666667,
    "macro avg": {
        "precision": 0.8170189098998888,
        "recall": 0.8166666666666667,
        "f1-score": 0.8166157265907197,
        "support": 1380.0
    },
    "weighted avg": {
        "precision": 0.8170189098998887,
        "recall": 0.8166666666666667,
        "f1-score": 0.8166157265907197,
        "support": 1380.0
    },
    "roc_auc": {
        "0": 0.8902037387103551,
        "1": 0.8902037387103551
    },
    "model": "LogisticRegression",
    "params": {
        "max_iter": 5000,
        "C": 0.3,
        "tol": 0.001
    },
    "mode": "training"
}