{
    "0": {
        "precision": 0.8233532934131736,
        "recall": 0.7971014492753623,
        "f1-score": 0.8100147275405007,
        "support": 690.0
    },
    "1": {
        "precision": 0.8033707865168539,
        "recall": 0.8289855072463768,
        "f1-score": 0.8159771754636234,
        "support": 690.0
    },
    "accuracy": 0.8130434782608695,
    "macro avg": {
        "precision": 0.8133620399650138,
        "recall": 0.8130434782608695,
        "f1-score": 0.812995951502062,
        "support": 1380.0
    },
    "weighted avg": {
        "precision": 0.8133620399650138,
        "recall": 0.8130434782608695,
        "f1-score": 0.812995951502062,
        "support": 1380.0
    },
    "roc_auc": {
        "0": 0.8896219281663517,
        "1": 0.8896219281663515
    },
    "model": "LogisticRegression",
    "params": {
        "max_iter": 5000,
        "C": 0.3,
        "tol": 0.001,
        "normalize": true
    },
    "mode": "training"
}