{
    "0": {
        "precision": 0.8256333830104322,
        "recall": 0.8028985507246377,
        "f1-score": 0.8141072740631888,
        "support": 690.0
    },
    "1": {
        "precision": 0.8081805359661495,
        "recall": 0.8304347826086956,
        "f1-score": 0.81915654038599,
        "support": 690.0
    },
    "accuracy": 0.8166666666666667,
    "macro avg": {
        "precision": 0.8169069594882908,
        "recall": 0.8166666666666667,
        "f1-score": 0.8166319072245893,
        "support": 1380.0
    },
    "weighted avg": {
        "precision": 0.8169069594882908,
        "recall": 0.8166666666666667,
        "f1-score": 0.8166319072245894,
        "support": 1380.0
    },
    "roc_auc": {
        "0": 0.891027095148078,
        "1": 0.891027095148078
    },
    "model": "LogisticRegression",
    "params": {
        "max_iter": 5000,
        "C": 0.3,
        "tol": 0.0009
    },
    "mode": "training"
}