{
    "0": {
        "precision": 0.843742902566432,
        "recall": 0.8123769954078286,
        "f1-score": 0.8277629233511586,
        "support": 4573.0
    },
    "1": {
        "precision": 0.8493415276558385,
        "recall": 0.875475113122172,
        "f1-score": 0.8622103386809269,
        "support": 5525.0
    },
    "accuracy": 0.846900376312141,
    "macro avg": {
        "precision": 0.8465422151111353,
        "recall": 0.8439260542650002,
        "f1-score": 0.8449866310160428,
        "support": 10098.0
    },
    "weighted avg": {
        "precision": 0.8468061233645079,
        "recall": 0.846900376312141,
        "f1-score": 0.8466104149036413,
        "support": 10098.0
    },
    "roc_auc": null,
    "model": "LogisticRegression",
    "params": {
        "max_iter": 4000,
        "random_state": 42,
        "C": 0.9,
        "grid_search": false,
        "tol": 1e-05,
        "normalize": true
    },
    "mode": "training"
}