{
    "0": {
        "precision": 0.9363839285714286,
        "recall": 0.8831578947368421,
        "f1-score": 0.9089924160346695,
        "support": 1900.0
    },
    "1": {
        "precision": 0.9607032057911065,
        "recall": 0.9778947368421053,
        "f1-score": 0.9692227438706312,
        "support": 1900.0
    },
    "2": {
        "precision": 0.84321608040201,
        "recall": 0.8831578947368421,
        "f1-score": 0.8627249357326479,
        "support": 1900.0
    },
    "3": {
        "precision": 0.8789808917197452,
        "recall": 0.871578947368421,
        "f1-score": 0.8752642706131079,
        "support": 1900.0
    },
    "accuracy": 0.9039473684210526,
    "macro avg": {
        "precision": 0.9048210266210726,
        "recall": 0.9039473684210526,
        "f1-score": 0.9040510915627641,
        "support": 7600.0
    },
    "weighted avg": {
        "precision": 0.9048210266210724,
        "recall": 0.9039473684210526,
        "f1-score": 0.9040510915627642,
        "support": 7600.0
    },
    "roc_auc": {
        "0": 0.9756710987996308,
        "1": 0.9962349953831948,
        "2": 0.972485595567867,
        "3": 0.977446352723915
    },
    "model": "XGBClassifier",
    "params": {
        "learning_rate": 0.1,
        "max_depth": 3,
        "n_estimators": 500,
        "num_class": 20,
        "eval_metric": "mlogloss",
        "objective": "multi:softmax"
    },
    "mode": "training"
}