{
    "0": {
        "precision": 0.9582653299137328,
        "recall": 0.8987535534659961,
        "f1-score": 0.9275558564658091,
        "support": 4573.0
    },
    "1": {
        "precision": 0.9202960922706146,
        "recall": 0.9676018099547511,
        "f1-score": 0.9433562731604024,
        "support": 5525.0
    },
    "accuracy": 0.936423054070113,
    "macro avg": {
        "precision": 0.9392807110921737,
        "recall": 0.9331776817103736,
        "f1-score": 0.9354560648131057,
        "support": 10098.0
    },
    "weighted avg": {
        "precision": 0.9374909153783566,
        "recall": 0.936423054070113,
        "f1-score": 0.9362008656000562,
        "support": 10098.0
    },
    "roc_auc": null,
    "model": "LogisticRegression",
    "params": {
        "max_iter": 4000,
        "C": 1
    },
    "mode": "training"
}