{
    "0": {
        "precision": 0.9388059701492537,
        "recall": 0.9115942028985508,
        "f1-score": 0.925,
        "support": 690.0
    },
    "1": {
        "precision": 0.9140845070422535,
        "recall": 0.9405797101449276,
        "f1-score": 0.9271428571428572,
        "support": 690.0
    },
    "accuracy": 0.9260869565217391,
    "macro avg": {
        "precision": 0.9264452385957536,
        "recall": 0.9260869565217391,
        "f1-score": 0.9260714285714287,
        "support": 1380.0
    },
    "weighted avg": {
        "precision": 0.9264452385957536,
        "recall": 0.9260869565217391,
        "f1-score": 0.9260714285714284,
        "support": 1380.0
    },
    "model": "LogisticRegression"
}