{
    "0": {
        "precision": 0.9374068554396423,
        "recall": 0.9115942028985508,
        "f1-score": 0.9243203526818515,
        "support": 690.0
    },
    "1": {
        "precision": 0.9139633286318759,
        "recall": 0.9391304347826087,
        "f1-score": 0.9263759828448892,
        "support": 690.0
    },
    "accuracy": 0.9253623188405797,
    "macro avg": {
        "precision": 0.9256850920357591,
        "recall": 0.9253623188405797,
        "f1-score": 0.9253481677633704,
        "support": 1380.0
    },
    "weighted avg": {
        "precision": 0.925685092035759,
        "recall": 0.9253623188405797,
        "f1-score": 0.9253481677633703,
        "support": 1380.0
    },
    "model": "LogisticRegression"
}