{
    "0": {
        "precision": 0.5207144629124287,
        "recall": 0.5807969009407858,
        "f1-score": 0.5491170699803793,
        "support": 3614.0
    },
    "1": {
        "precision": 0.41325369738339024,
        "recall": 0.43282692880548107,
        "f1-score": 0.4228139095009457,
        "support": 3357.0
    },
    "2": {
        "precision": 0.5045558086560364,
        "recall": 0.42210576464983324,
        "f1-score": 0.459662775616083,
        "support": 2099.0
    },
    "3": {
        "precision": 0.5882352941176471,
        "recall": 0.3431372549019608,
        "f1-score": 0.43343653250773995,
        "support": 204.0
    },
    "4": {
        "precision": 0.4611872146118721,
        "recall": 0.2865248226950355,
        "f1-score": 0.35345581802274717,
        "support": 705.0
    },
    "5": {
        "precision": 0.45381818181818184,
        "recall": 0.3606936416184971,
        "f1-score": 0.40193236714975844,
        "support": 1730.0
    },
    "6": {
        "precision": 0.4887726853275915,
        "recall": 0.5876479289940828,
        "f1-score": 0.5336691855583543,
        "support": 5408.0
    },
    "7": {
        "precision": 0.5315921176102596,
        "recall": 0.6387897011839879,
        "f1-score": 0.5802816901408451,
        "support": 5321.0
    },
    "8": {
        "precision": 0.24510932105868816,
        "recall": 0.08313817330210772,
        "f1-score": 0.1241620518799184,
        "support": 2562.0
    },
    "accuracy": 0.48496,
    "macro avg": {
        "precision": 0.46747097594401066,
        "recall": 0.41507345745464136,
        "f1-score": 0.42872571115075236,
        "support": 25000.0
    },
    "weighted avg": {
        "precision": 0.46633256939622275,
        "recall": 0.48496,
        "f1-score": 0.4677417182513596,
        "support": 25000.0
    },
    "roc_auc": null,
    "model": "LogisticRegression",
    "params": {
        "max_iter": 2000,
        "C": 0.9,
        "random_state": 42,
        "grid_search": false,
        "normalize": true
    },
    "mode": "training"
}