{
    "processing_time_seconds": 18.055644989013672,
    "memory_usage_mb": 7.546875,
    "successful_samples": 5000,
    "total_samples": 5000,
    "error_rate": 0.0,
    "samples_per_second": 276.9217052640519,
    "timestamp": "2025-06-05 12:05:30"
}