{
    "processing_time_seconds": 94.30802869796753,
    "memory_usage_mb": -49.0,
    "successful_samples": 25000,
    "total_samples": 25000,
    "error_rate": 0.0,
    "samples_per_second": 265.08877711849345,
    "timestamp": "2025-06-05 12:05:07"
}