{
    "0": {
        "precision": 0.48782961460446245,
        "recall": 0.6379310344827587,
        "f1-score": 0.5528735632183908,
        "support": 754.0
    },
    "1": {
        "precision": 0.3836589698046181,
        "recall": 0.33281972265023113,
        "f1-score": 0.3564356435643564,
        "support": 649.0
    },
    "2": {
        "precision": 0.37891268533772654,
        "recall": 0.583756345177665,
        "f1-score": 0.4595404595404595,
        "support": 394.0
    },
    "3": {
        "precision": 0.15827338129496402,
        "recall": 0.5,
        "f1-score": 0.24043715846994534,
        "support": 44.0
    },
    "4": {
        "precision": 0.3033175355450237,
        "recall": 0.41025641025641024,
        "f1-score": 0.34877384196185285,
        "support": 156.0
    },
    "5": {
        "precision": 0.42679127725856697,
        "recall": 0.38268156424581007,
        "f1-score": 0.40353460972017674,
        "support": 358.0
    },
    "6": {
        "precision": 0.5157618213660246,
        "recall": 0.5320686540198736,
        "f1-score": 0.5237883503779458,
        "support": 1107.0
    },
    "7": {
        "precision": 0.5453551912568306,
        "recall": 0.4821256038647343,
        "f1-score": 0.5117948717948718,
        "support": 1035.0
    },
    "8": {
        "precision": 0.15517241379310345,
        "recall": 0.03578528827037773,
        "f1-score": 0.05815831987075929,
        "support": 503.0
    },
    "accuracy": 0.4512,
    "macro avg": {
        "precision": 0.3727858766957023,
        "recall": 0.43304718032976225,
        "f1-score": 0.3839263131687509,
        "support": 5000.0
    },
    "weighted avg": {
        "precision": 0.437325064751907,
        "recall": 0.4512,
        "f1-score": 0.435500143213699,
        "support": 5000.0
    },
    "model": "LogisticRegression"
}