{
    "0": {
        "precision": 1.0,
        "recall": 0.999562650338946,
        "f1-score": 0.9997812773403325,
        "support": 4573.0
    },
    "1": {
        "precision": 0.9996381400398046,
        "recall": 1.0,
        "f1-score": 0.9998190372783207,
        "support": 5525.0
    },
    "accuracy": 0.9998019409784116,
    "macro avg": {
        "precision": 0.9998190700199023,
        "recall": 0.9997813251694729,
        "f1-score": 0.9998001573093266,
        "support": 10098.0
    },
    "weighted avg": {
        "precision": 0.9998020126480412,
        "recall": 0.9998019409784116,
        "f1-score": 0.9998019372390634,
        "support": 10098.0
    },
    "roc_auc": null,
    "model": "XGBClassifier",
    "params": {
        "learning_rate": 0.1,
        "max_depth": 3,
        "n_estimators": 500,
        "num_class": 20,
        "eval_metric": "mlogloss",
        "objective": "multi:softmax"
    },
    "mode": "training"
}