{
    "0": {
        "precision": 0.9106175514626219,
        "recall": 0.8847368421052632,
        "f1-score": 0.8974906567004806,
        "support": 1900.0
    },
    "1": {
        "precision": 0.953838174273859,
        "recall": 0.9678947368421053,
        "f1-score": 0.9608150470219435,
        "support": 1900.0
    },
    "2": {
        "precision": 0.8530655391120507,
        "recall": 0.8494736842105263,
        "f1-score": 0.8512658227848101,
        "support": 1900.0
    },
    "3": {
        "precision": 0.8505687693898656,
        "recall": 0.8657894736842106,
        "f1-score": 0.8581116327595201,
        "support": 1900.0
    },
    "accuracy": 0.8919736842105264,
    "macro avg": {
        "precision": 0.8920225085595993,
        "recall": 0.8919736842105263,
        "f1-score": 0.8919207898166885,
        "support": 7600.0
    },
    "weighted avg": {
        "precision": 0.8920225085595992,
        "recall": 0.8919736842105264,
        "f1-score": 0.8919207898166885,
        "support": 7600.0
    },
    "roc_auc": {
        "0": 0.9732114496768237,
        "1": 0.9947508771929824,
        "2": 0.9663808864265928,
        "3": 0.9726505078485688
    },
    "model": "LogisticRegression",
    "params": {
        "max_iter": 1000,
        "random_state": 42,
        "penalty": "l2",
        "solver": "lbfgs",
        "C": 1,
        "tol": 1e-05
    },
    "mode": "training"
}