{
    "0": {
        "precision": 0.9142866915210179,
        "recall": 0.8910333333333333,
        "f1-score": 0.9025102554146901,
        "support": 30000.0
    },
    "1": {
        "precision": 0.9548461034708579,
        "recall": 0.9720333333333333,
        "f1-score": 0.9633630657416584,
        "support": 30000.0
    },
    "2": {
        "precision": 0.861106479474439,
        "recall": 0.8607333333333334,
        "f1-score": 0.8609198659709604,
        "support": 30000.0
    },
    "3": {
        "precision": 0.8690964413282181,
        "recall": 0.8759333333333333,
        "f1-score": 0.8725014941231157,
        "support": 30000.0
    },
    "accuracy": 0.8999333333333334,
    "macro avg": {
        "precision": 0.8998339289486332,
        "recall": 0.8999333333333333,
        "f1-score": 0.8998236703126061,
        "support": 120000.0
    },
    "weighted avg": {
        "precision": 0.8998339289486332,
        "recall": 0.8999333333333334,
        "f1-score": 0.8998236703126062,
        "support": 120000.0
    },
    "roc_auc": null,
    "model": "LogisticRegression",
    "params": {
        "max_iter": 1000,
        "random_state": 42,
        "penalty": "l2",
        "solver": "lbfgs",
        "C": 1,
        "tol": 1e-05
    },
    "mode": "training"
}