{
    "0": {
        "precision": 0.45564715000352285,
        "recall": 0.3731894512089561,
        "f1-score": 0.4103166042763784,
        "support": 17329.0
    },
    "1": {
        "precision": 0.5948992371627007,
        "recall": 0.6763899976267017,
        "f1-score": 0.6330328026088624,
        "support": 46349.0
    },
    "2": {
        "precision": 0.3862981800355414,
        "recall": 0.28908148759572616,
        "f1-score": 0.33069296543041493,
        "support": 21807.0
    },
    "3": {
        "precision": 0.5826325343607602,
        "recall": 0.662929163066158,
        "f1-score": 0.6201926394763045,
        "support": 47447.0
    },
    "4": {
        "precision": 0.4196898771211235,
        "recall": 0.2584684684684685,
        "f1-score": 0.3199152542372881,
        "support": 11100.0
    },
    "accuracy": 0.5446289713397023,
    "macro avg": {
        "precision": 0.4878333957367298,
        "recall": 0.45201171359320214,
        "f1-score": 0.46283005320584963,
        "support": 144032.0
    },
    "weighted avg": {
        "precision": 0.5290187049513967,
        "recall": 0.5446289713397023,
        "f1-score": 0.5321010246891712,
        "support": 144032.0
    },
    "roc_auc": null,
    "model": "LogisticRegression",
    "params": {
        "max_iter": 5000,
        "random_state": 42,
        "C": 0.9
    },
    "mode": "training"
}