{
    "0": {
        "precision": 0.5041510662542732,
        "recall": 0.42762461453491046,
        "f1-score": 0.46274529335591197,
        "support": 21727.0
    },
    "1": {
        "precision": 0.6627198546570815,
        "recall": 0.7301433920590824,
        "f1-score": 0.694799756982644,
        "support": 57953.0
    },
    "2": {
        "precision": 0.4803743961352657,
        "recall": 0.40993080094228507,
        "f1-score": 0.44236574515411503,
        "support": 27168.0
    },
    "3": {
        "precision": 0.6562438840797893,
        "recall": 0.7344363385170084,
        "f1-score": 0.6931418849083305,
        "support": 59353.0
    },
    "4": {
        "precision": 0.4687844965043542,
        "recall": 0.27617602427921095,
        "f1-score": 0.3475809385230993,
        "support": 13839.0
    },
    "accuracy": 0.611836258609198,
    "macro avg": {
        "precision": 0.5544547395261528,
        "recall": 0.5156622340664995,
        "f1-score": 0.5281267237848202,
        "support": 180040.0
    },
    "weighted avg": {
        "precision": 0.5990260911273207,
        "recall": 0.611836258609198,
        "f1-score": 0.6014675226210363,
        "support": 180040.0
    },
    "roc_auc": null,
    "model": "LogisticRegression",
    "params": {
        "max_iter": 5000,
        "random_state": 42,
        "C": 0.9
    },
    "mode": "training"
}