{
    "0": {
        "precision": 0.4652025099828865,
        "recall": 0.37085038653933605,
        "f1-score": 0.41270242914979755,
        "support": 4398.0
    },
    "1": {
        "precision": 0.5989481592787378,
        "recall": 0.6870044812133747,
        "f1-score": 0.6399614674480212,
        "support": 11604.0
    },
    "2": {
        "precision": 0.38663772310660877,
        "recall": 0.29901137847416526,
        "f1-score": 0.3372252024823814,
        "support": 5361.0
    },
    "3": {
        "precision": 0.5893057739833745,
        "recall": 0.6609272635645893,
        "f1-score": 0.6230650461221743,
        "support": 11906.0
    },
    "4": {
        "precision": 0.3951565268753692,
        "recall": 0.244249726177437,
        "f1-score": 0.3018953068592058,
        "support": 2739.0
    },
    "accuracy": 0.5483225949788936,
    "macro avg": {
        "precision": 0.4870501386453953,
        "recall": 0.4524086471937805,
        "f1-score": 0.46296989041231595,
        "support": 36008.0
    },
    "weighted avg": {
        "precision": 0.5323130466814994,
        "recall": 0.5483225949788936,
        "f1-score": 0.5358294308707416,
        "support": 36008.0
    },
    "roc_auc": null,
    "model": "LogisticRegression",
    "params": {
        "max_iter": 5000,
        "random_state": 42,
        "C": 0.9
    },
    "mode": "training"
}