{
    "0": {
        "precision": 0.4802383939774153,
        "recall": 0.4228113780723557,
        "f1-score": 0.44969892788955795,
        "support": 3621.0
    },
    "1": {
        "precision": 0.6560267235779902,
        "recall": 0.7278904560897765,
        "f1-score": 0.690092728160078,
        "support": 9713.0
    },
    "2": {
        "precision": 0.4777923784494087,
        "recall": 0.397724786698753,
        "f1-score": 0.4340974212034384,
        "support": 4571.0
    },
    "3": {
        "precision": 0.6496066552129487,
        "recall": 0.7258765282408811,
        "f1-score": 0.6856270280587898,
        "support": 9897.0
    },
    "4": {
        "precision": 0.4433384379785605,
        "recall": 0.24817831118731248,
        "f1-score": 0.31821929101401486,
        "support": 2333.0
    },
    "accuracy": 0.6033515845362535,
    "macro avg": {
        "precision": 0.5414005178392647,
        "recall": 0.5044962920578158,
        "f1-score": 0.5155470792651757,
        "support": 30135.0
    },
    "weighted avg": {
        "precision": 0.5892943552362376,
        "recall": 0.6033515845362535,
        "f1-score": 0.5921203285701471,
        "support": 30135.0
    },
    "roc_auc": {
        "0": 0.853438259012132,
        "1": 0.861592086678688,
        "2": 0.8108500408427527,
        "3": 0.8553900061432238,
        "4": 0.8480598274498379
    },
    "model": "LogisticRegression",
    "params": {
        "max_iter": 5000,
        "random_state": 42,
        "C": 0.9
    },
    "mode": "training"
}