{
    "0": {
        "precision": 0.8666666666666667,
        "recall": 0.8289855072463768,
        "f1-score": 0.8474074074074074,
        "support": 690.0
    },
    "1": {
        "precision": 0.8361111111111111,
        "recall": 0.8724637681159421,
        "f1-score": 0.8539007092198582,
        "support": 690.0
    },
    "accuracy": 0.8507246376811595,
    "macro avg": {
        "precision": 0.851388888888889,
        "recall": 0.8507246376811595,
        "f1-score": 0.8506540583136328,
        "support": 1380.0
    },
    "weighted avg": {
        "precision": 0.8513888888888888,
        "recall": 0.8507246376811595,
        "f1-score": 0.8506540583136327,
        "support": 1380.0
    },
    "roc_auc": {
        "0": 0.912476370510397,
        "1": 0.912476370510397
    },
    "model": "LogisticRegression",
    "params": {
        "max_iter": 3500,
        "C": 0.5
    },
    "mode": "training"
}