{
    "0": {
        "precision": 0.8837321730722746,
        "recall": 0.7994751804067352,
        "f1-score": 0.8394948335246842,
        "support": 4573.0
    },
    "1": {
        "precision": 0.8461667505452105,
        "recall": 0.9129411764705883,
        "f1-score": 0.8782866097858262,
        "support": 5525.0
    },
    "accuracy": 0.8615567439096851,
    "macro avg": {
        "precision": 0.8649494618087425,
        "recall": 0.8562081784386617,
        "f1-score": 0.8588907216552553,
        "support": 10098.0
    },
    "weighted avg": {
        "precision": 0.8631787011509011,
        "recall": 0.8615567439096851,
        "f1-score": 0.8607192902332216,
        "support": 10098.0
    },
    "roc_auc": null,
    "model": "LogisticRegression",
    "params": {
        "max_iter": 3500,
        "C": 0.7
    },
    "mode": "training"
}