{
    "0": {
        "precision": 0.867175572519084,
        "recall": 0.8231884057971014,
        "f1-score": 0.8446096654275093,
        "support": 690.0
    },
    "1": {
        "precision": 0.8317241379310345,
        "recall": 0.8739130434782608,
        "f1-score": 0.8522968197879859,
        "support": 690.0
    },
    "accuracy": 0.8485507246376811,
    "macro avg": {
        "precision": 0.8494498552250592,
        "recall": 0.8485507246376811,
        "f1-score": 0.8484532426077476,
        "support": 1380.0
    },
    "weighted avg": {
        "precision": 0.8494498552250592,
        "recall": 0.8485507246376811,
        "f1-score": 0.8484532426077476,
        "support": 1380.0
    },
    "model": "LogisticRegression"
}