{
    "0": {
        "precision": 0.5706264775413712,
        "recall": 0.4390632105502501,
        "f1-score": 0.49627345155487024,
        "support": 4398.0
    },
    "1": {
        "precision": 0.8171322816603508,
        "recall": 0.7990348155808342,
        "f1-score": 0.8079822229968193,
        "support": 11604.0
    },
    "2": {
        "precision": 0.5752992021276596,
        "recall": 0.6455885096064167,
        "f1-score": 0.608420497494946,
        "support": 5361.0
    },
    "3": {
        "precision": 0.7644168997052377,
        "recall": 0.8494876532840585,
        "f1-score": 0.8047101881688348,
        "support": 11906.0
    },
    "4": {
        "precision": 0.6266009852216748,
        "recall": 0.4644030668127054,
        "f1-score": 0.5334451667016146,
        "support": 2739.0
    },
    "accuracy": 0.7234503443679182,
    "macro avg": {
        "precision": 0.6708151692512587,
        "recall": 0.6395154511668529,
        "f1-score": 0.650166305383417,
        "support": 36008.0
    },
    "weighted avg": {
        "precision": 0.7190958946243271,
        "recall": 0.7234503443679182,
        "f1-score": 0.7182338495500357,
        "support": 36008.0
    },
    "roc_auc": null,
    "model": "LogisticRegression",
    "params": {
        "max_iter": 1000,
        "C": 0.9,
        "grid_search": false
    },
    "mode": "training"
}