{
    "0": {
        "precision": 0.5555230002929974,
        "recall": 0.4350619550252409,
        "f1-score": 0.4879680864753571,
        "support": 4358.0
    },
    "1": {
        "precision": 0.8236764574591554,
        "recall": 0.7985804552929975,
        "f1-score": 0.8109343412147315,
        "support": 11553.0
    },
    "2": {
        "precision": 0.5747519115015455,
        "recall": 0.6474253252702951,
        "f1-score": 0.6089279558772837,
        "support": 5457.0
    },
    "3": {
        "precision": 0.7636581350097291,
        "recall": 0.8561839234770935,
        "f1-score": 0.8072784810126582,
        "support": 11918.0
    },
    "4": {
        "precision": 0.5952254641909814,
        "recall": 0.41219691403379866,
        "f1-score": 0.4870848708487085,
        "support": 2722.0
    },
    "accuracy": 0.7215341035325483,
    "macro avg": {
        "precision": 0.6625669936908818,
        "recall": 0.6298897146198852,
        "f1-score": 0.6404387470857478,
        "support": 36008.0
    },
    "weighted avg": {
        "precision": 0.7163631941774117,
        "recall": 0.7215341035325483,
        "f1-score": 0.7155409679875244,
        "support": 36008.0
    },
    "roc_auc": null,
    "model": "LogisticRegression",
    "params": {
        "max_iter": 1000,
        "C": 0.9,
        "grid_search": false
    },
    "mode": "training"
}