{
    "0": {
        "precision": 0.5604921394395078,
        "recall": 0.4529135597901132,
        "f1-score": 0.5009928211394532,
        "support": 3621.0
    },
    "1": {
        "precision": 0.8225085178875639,
        "recall": 0.7953258519509935,
        "f1-score": 0.8086888249149438,
        "support": 9713.0
    },
    "2": {
        "precision": 0.5815891472868217,
        "recall": 0.6565302997155983,
        "f1-score": 0.6167916966396054,
        "support": 4571.0
    },
    "3": {
        "precision": 0.7594982402310261,
        "recall": 0.8503586945539052,
        "f1-score": 0.8023643817332443,
        "support": 9897.0
    },
    "4": {
        "precision": 0.5793147208121827,
        "recall": 0.39134162023146163,
        "f1-score": 0.46712714249168585,
        "support": 2333.0
    },
    "accuracy": 0.7199269951883193,
    "macro avg": {
        "precision": 0.6606805531314205,
        "recall": 0.6292940052484143,
        "f1-score": 0.6391929733837864,
        "support": 30135.0
    },
    "weighted avg": {
        "precision": 0.7149595682967218,
        "recall": 0.7199269951883193,
        "f1-score": 0.7140883463259156,
        "support": 30135.0
    },
    "model": "LogisticRegression"
}