{
    "0": {
        "precision": 0.5534702549575071,
        "recall": 0.43164871582435793,
        "f1-score": 0.48502715283165243,
        "support": 3621.0
    },
    "1": {
        "precision": 0.8186512118018967,
        "recall": 0.7998558632760219,
        "f1-score": 0.809144404520127,
        "support": 9713.0
    },
    "2": {
        "precision": 0.5702399380804953,
        "recall": 0.6447166921898928,
        "f1-score": 0.6051956052982852,
        "support": 4571.0
    },
    "3": {
        "precision": 0.7659671118379213,
        "recall": 0.851874305345054,
        "f1-score": 0.8066398775353999,
        "support": 9897.0
    },
    "4": {
        "precision": 0.6275820170109356,
        "recall": 0.44277753964852123,
        "f1-score": 0.5192259361648656,
        "support": 2333.0
    },
    "accuracy": 0.7215198274431724,
    "macro avg": {
        "precision": 0.6671821067377512,
        "recall": 0.6341746232567697,
        "f1-score": 0.645046595270066,
        "support": 30135.0
    },
    "weighted avg": {
        "precision": 0.7170123484966092,
        "recall": 0.7215198274431724,
        "f1-score": 0.715995387767259,
        "support": 30135.0
    },
    "model": "LogisticRegression"
}