{
    "0": {
        "precision": 0.9086728437116773,
        "recall": 0.8891666666666667,
        "f1-score": 0.8988139362490734,
        "support": 30000.0
    },
    "1": {
        "precision": 0.9482353708656794,
        "recall": 0.9690333333333333,
        "f1-score": 0.9585215470341917,
        "support": 30000.0
    },
    "2": {
        "precision": 0.8747809677854158,
        "recall": 0.8653333333333333,
        "f1-score": 0.870031503451974,
        "support": 30000.0
    },
    "3": {
        "precision": 0.867634444077862,
        "recall": 0.8766,
        "f1-score": 0.8720941800696402,
        "support": 30000.0
    },
    "accuracy": 0.9000333333333334,
    "macro avg": {
        "precision": 0.8998309066101586,
        "recall": 0.9000333333333332,
        "f1-score": 0.8998652917012198,
        "support": 120000.0
    },
    "weighted avg": {
        "precision": 0.8998309066101586,
        "recall": 0.9000333333333334,
        "f1-score": 0.8998652917012198,
        "support": 120000.0
    },
    "roc_auc": null,
    "model": "XGBClassifier",
    "params": {
        "learning_rate": 0.1,
        "max_depth": 3,
        "n_estimators": 500,
        "num_class": 4,
        "eval_metric": "mlogloss",
        "objective": "multi:softmax"
    },
    "mode": "training"
}