{
    "0": {
        "precision": 0.8698630136986302,
        "recall": 0.8689473684210526,
        "f1-score": 0.8694049499736703,
        "support": 1900.0
    },
    "1": {
        "precision": 0.9354166666666667,
        "recall": 0.9452631578947368,
        "f1-score": 0.9403141361256544,
        "support": 1900.0
    },
    "2": {
        "precision": 0.8242521367521367,
        "recall": 0.8121052631578948,
        "f1-score": 0.8181336161187699,
        "support": 1900.0
    },
    "3": {
        "precision": 0.8272251308900523,
        "recall": 0.8315789473684211,
        "f1-score": 0.8293963254593176,
        "support": 1900.0
    },
    "accuracy": 0.8644736842105263,
    "macro avg": {
        "precision": 0.8641892370018714,
        "recall": 0.8644736842105263,
        "f1-score": 0.8643122569193531,
        "support": 7600.0
    },
    "weighted avg": {
        "precision": 0.8641892370018714,
        "recall": 0.8644736842105263,
        "f1-score": 0.8643122569193531,
        "support": 7600.0
    },
    "roc_auc": {
        "0": 0.9671726685133888,
        "1": 0.9929758079409049,
        "2": 0.9586116343490305,
        "3": 0.9665708217913205
    },
    "model": "XGBClassifier",
    "params": {
        "learning_rate": 0.1,
        "max_depth": 3,
        "n_estimators": 500,
        "num_class": 4,
        "eval_metric": "mlogloss",
        "objective": "multi:softmax"
    },
    "mode": "training"
}