{
    "0": {
        "precision": 0.9219590958019376,
        "recall": 0.901578947368421,
        "f1-score": 0.9116551357104843,
        "support": 1900.0
    },
    "1": {
        "precision": 0.961835997937081,
        "recall": 0.9815789473684211,
        "f1-score": 0.9716071893722323,
        "support": 1900.0
    },
    "2": {
        "precision": 0.8727082242011525,
        "recall": 0.8768421052631579,
        "f1-score": 0.8747702809136256,
        "support": 1900.0
    },
    "3": {
        "precision": 0.8843717001055966,
        "recall": 0.881578947368421,
        "f1-score": 0.8829731154454402,
        "support": 1900.0
    },
    "accuracy": 0.9103947368421053,
    "macro avg": {
        "precision": 0.910218754511442,
        "recall": 0.9103947368421053,
        "f1-score": 0.9102514303604455,
        "support": 7600.0
    },
    "weighted avg": {
        "precision": 0.9102187545114419,
        "recall": 0.9103947368421053,
        "f1-score": 0.9102514303604456,
        "support": 7600.0
    },
    "roc_auc": {
        "0": 0.9800709141274239,
        "1": 0.99604810710988,
        "2": 0.9739147737765466,
        "3": 0.9790246537396121
    },
    "model": "LogisticRegression",
    "params": {
        "C": 1,
        "max_iter": 1000,
        "penalty": "l2",
        "solver": "lbfgs",
        "tol": 1e-05
    },
    "mode": "training"
}