{
    "0": {
        "precision": 1.0,
        "recall": 1.0,
        "f1-score": 1.0,
        "support": 480.0
    },
    "1": {
        "precision": 0.9948542024013722,
        "recall": 0.9931506849315068,
        "f1-score": 0.9940017137960583,
        "support": 584.0
    },
    "2": {
        "precision": 0.9915540540540541,
        "recall": 0.9932318104906938,
        "f1-score": 0.9923922231614539,
        "support": 591.0
    },
    "3": {
        "precision": 0.9882154882154882,
        "recall": 0.9949152542372881,
        "f1-score": 0.9915540540540541,
        "support": 590.0
    },
    "4": {
        "precision": 0.9982547993019197,
        "recall": 0.9896193771626297,
        "f1-score": 0.9939183318853171,
        "support": 578.0
    },
    "5": {
        "precision": 0.9983108108108109,
        "recall": 0.9966273187183811,
        "f1-score": 0.9974683544303797,
        "support": 593.0
    },
    "6": {
        "precision": 0.9982905982905983,
        "recall": 0.9982905982905983,
        "f1-score": 0.9982905982905983,
        "support": 585.0
    },
    "7": {
        "precision": 1.0,
        "recall": 1.0,
        "f1-score": 1.0,
        "support": 594.0
    },
    "8": {
        "precision": 1.0,
        "recall": 1.0,
        "f1-score": 1.0,
        "support": 598.0
    },
    "9": {
        "precision": 1.0,
        "recall": 1.0,
        "f1-score": 1.0,
        "support": 597.0
    },
    "10": {
        "precision": 1.0,
        "recall": 1.0,
        "f1-score": 1.0,
        "support": 600.0
    },
    "11": {
        "precision": 1.0,
        "recall": 1.0,
        "f1-score": 1.0,
        "support": 595.0
    },
    "12": {
        "precision": 0.9949409780775716,
        "recall": 0.9983079526226735,
        "f1-score": 0.9966216216216216,
        "support": 591.0
    },
    "13": {
        "precision": 1.0,
        "recall": 1.0,
        "f1-score": 1.0,
        "support": 594.0
    },
    "14": {
        "precision": 1.0,
        "recall": 1.0,
        "f1-score": 1.0,
        "support": 593.0
    },
    "15": {
        "precision": 1.0,
        "recall": 1.0,
        "f1-score": 1.0,
        "support": 599.0
    },
    "16": {
        "precision": 1.0,
        "recall": 1.0,
        "f1-score": 1.0,
        "support": 546.0
    },
    "17": {
        "precision": 1.0,
        "recall": 1.0,
        "f1-score": 1.0,
        "support": 564.0
    },
    "18": {
        "precision": 1.0,
        "recall": 1.0,
        "f1-score": 1.0,
        "support": 465.0
    },
    "19": {
        "precision": 1.0,
        "recall": 1.0,
        "f1-score": 1.0,
        "support": 377.0
    },
    "accuracy": 0.9981438925225384,
    "macro avg": {
        "precision": 0.9982210465575907,
        "recall": 0.9982071498226885,
        "f1-score": 0.9982123448619742,
        "support": 11314.0
    },
    "weighted avg": {
        "precision": 0.9981483242926154,
        "recall": 0.9981438925225384,
        "f1-score": 0.9981442995423825,
        "support": 11314.0
    },
    "roc_auc": null,
    "model": "LogisticRegression",
    "params": {
        "max_iter": 200,
        "random_state": 42,
        "C": 0.9
    },
    "mode": "training"
}