{
    "0": {
        "precision": 0.5236486486486487,
        "recall": 0.48589341692789967,
        "f1-score": 0.5040650406504065,
        "support": 319.0
    },
    "1": {
        "precision": 0.5256723716381418,
        "recall": 0.5526992287917738,
        "f1-score": 0.5388471177944862,
        "support": 389.0
    },
    "2": {
        "precision": 0.5084745762711864,
        "recall": 0.5329949238578681,
        "f1-score": 0.5204460966542751,
        "support": 394.0
    },
    "3": {
        "precision": 0.42342342342342343,
        "recall": 0.47959183673469385,
        "f1-score": 0.44976076555023925,
        "support": 392.0
    },
    "4": {
        "precision": 0.5102564102564102,
        "recall": 0.5168831168831168,
        "f1-score": 0.5135483870967742,
        "support": 385.0
    },
    "5": {
        "precision": 0.6532258064516129,
        "recall": 0.6151898734177215,
        "f1-score": 0.6336375488917861,
        "support": 395.0
    },
    "6": {
        "precision": 0.6730769230769231,
        "recall": 0.6282051282051282,
        "f1-score": 0.649867374005305,
        "support": 390.0
    },
    "7": {
        "precision": 0.698019801980198,
        "recall": 0.7121212121212122,
        "f1-score": 0.705,
        "support": 396.0
    },
    "8": {
        "precision": 0.7045454545454546,
        "recall": 0.7010050251256281,
        "f1-score": 0.7027707808564232,
        "support": 398.0
    },
    "9": {
        "precision": 0.8112745098039216,
        "recall": 0.8337531486146096,
        "f1-score": 0.822360248447205,
        "support": 397.0
    },
    "10": {
        "precision": 0.8730569948186528,
        "recall": 0.8446115288220551,
        "f1-score": 0.8585987261146497,
        "support": 399.0
    },
    "11": {
        "precision": 0.807909604519774,
        "recall": 0.7222222222222222,
        "f1-score": 0.7626666666666667,
        "support": 396.0
    },
    "12": {
        "precision": 0.4916467780429594,
        "recall": 0.5241730279898219,
        "f1-score": 0.5073891625615764,
        "support": 393.0
    },
    "13": {
        "precision": 0.8813056379821959,
        "recall": 0.75,
        "f1-score": 0.810368349249659,
        "support": 396.0
    },
    "14": {
        "precision": 0.7717948717948718,
        "recall": 0.7639593908629442,
        "f1-score": 0.7678571428571429,
        "support": 394.0
    },
    "15": {
        "precision": 0.6417233560090703,
        "recall": 0.7110552763819096,
        "f1-score": 0.6746126340882003,
        "support": 398.0
    },
    "16": {
        "precision": 0.6055979643765903,
        "recall": 0.6538461538461539,
        "f1-score": 0.6287978863936592,
        "support": 364.0
    },
    "17": {
        "precision": 0.8522727272727273,
        "recall": 0.7978723404255319,
        "f1-score": 0.8241758241758241,
        "support": 376.0
    },
    "18": {
        "precision": 0.474025974025974,
        "recall": 0.47096774193548385,
        "f1-score": 0.47249190938511326,
        "support": 310.0
    },
    "19": {
        "precision": 0.390625,
        "recall": 0.398406374501992,
        "f1-score": 0.39447731755424065,
        "support": 251.0
    },
    "accuracy": 0.6427243759957515,
    "macro avg": {
        "precision": 0.6410788417469369,
        "recall": 0.6347725483833883,
        "f1-score": 0.6370869489496818,
        "support": 7532.0
    },
    "weighted avg": {
        "precision": 0.6491770616370508,
        "recall": 0.6427243759957515,
        "f1-score": 0.6450847538240867,
        "support": 7532.0
    },
    "roc_auc": {
        "0": 0.9423676425402236,
        "1": 0.9329348631536367,
        "2": 0.9249590736929538,
        "3": 0.9293556708397643,
        "4": 0.9404603511781349,
        "5": 0.9582446973606966,
        "6": 0.9715184283652499,
        "7": 0.970243706685691,
        "8": 0.9770512923462279,
        "9": 0.9902259235789092,
        "10": 0.9922717912122236,
        "11": 0.9727583429587353,
        "12": 0.9330306558926045,
        "13": 0.9774309094306292,
        "14": 0.9713579853589781,
        "15": 0.9723044011760513,
        "16": 0.9568928908702904,
        "17": 0.9833616783416386,
        "18": 0.9083307277941057,
        "19": 0.9152304393194971
    },
    "model": "LogisticRegression",
    "params": {
        "max_iter": 200,
        "random_state": 42,
        "C": 0.9
    },
    "mode": "training"
}