{
    "0": {
        "precision": 0.5818713450292398,
        "recall": 0.6238244514106583,
        "f1-score": 0.6021180030257186,
        "support": 319.0
    },
    "1": {
        "precision": 0.5857142857142857,
        "recall": 0.6323907455012854,
        "f1-score": 0.6081582200247219,
        "support": 389.0
    },
    "2": {
        "precision": 0.6049046321525886,
        "recall": 0.5634517766497462,
        "f1-score": 0.5834428383705651,
        "support": 394.0
    },
    "3": {
        "precision": 0.5378973105134475,
        "recall": 0.5612244897959183,
        "f1-score": 0.5493133583021224,
        "support": 392.0
    },
    "4": {
        "precision": 0.6368563685636857,
        "recall": 0.6103896103896104,
        "f1-score": 0.623342175066313,
        "support": 385.0
    },
    "5": {
        "precision": 0.7369791666666666,
        "recall": 0.7164556962025317,
        "f1-score": 0.7265725288831836,
        "support": 395.0
    },
    "6": {
        "precision": 0.7404580152671756,
        "recall": 0.7461538461538462,
        "f1-score": 0.7432950191570882,
        "support": 390.0
    },
    "7": {
        "precision": 0.7914572864321608,
        "recall": 0.7954545454545454,
        "f1-score": 0.7934508816120907,
        "support": 396.0
    },
    "8": {
        "precision": 0.8089330024813896,
        "recall": 0.8190954773869347,
        "f1-score": 0.8139825218476904,
        "support": 398.0
    },
    "9": {
        "precision": 0.8690176322418136,
        "recall": 0.8690176322418136,
        "f1-score": 0.8690176322418136,
        "support": 397.0
    },
    "10": {
        "precision": 0.9077306733167082,
        "recall": 0.9122807017543859,
        "f1-score": 0.91,
        "support": 399.0
    },
    "11": {
        "precision": 0.7889447236180904,
        "recall": 0.7929292929292929,
        "f1-score": 0.7909319899244333,
        "support": 396.0
    },
    "12": {
        "precision": 0.579746835443038,
        "recall": 0.5826972010178118,
        "f1-score": 0.5812182741116751,
        "support": 393.0
    },
    "13": {
        "precision": 0.8794520547945206,
        "recall": 0.8106060606060606,
        "f1-score": 0.8436268068331143,
        "support": 396.0
    },
    "14": {
        "precision": 0.8433420365535248,
        "recall": 0.8197969543147208,
        "f1-score": 0.8314028314028314,
        "support": 394.0
    },
    "15": {
        "precision": 0.7488262910798122,
        "recall": 0.8015075376884422,
        "f1-score": 0.7742718446601942,
        "support": 398.0
    },
    "16": {
        "precision": 0.6220095693779905,
        "recall": 0.7142857142857143,
        "f1-score": 0.6649616368286445,
        "support": 364.0
    },
    "17": {
        "precision": 0.8898809523809523,
        "recall": 0.7952127659574468,
        "f1-score": 0.8398876404494382,
        "support": 376.0
    },
    "18": {
        "precision": 0.601593625498008,
        "recall": 0.4870967741935484,
        "f1-score": 0.5383244206773619,
        "support": 310.0
    },
    "19": {
        "precision": 0.44765342960288806,
        "recall": 0.4940239043824701,
        "f1-score": 0.4696969696969697,
        "support": 251.0
    },
    "accuracy": 0.7150823154540626,
    "macro avg": {
        "precision": 0.7101634618363993,
        "recall": 0.7073947589158391,
        "f1-score": 0.7078507796557986,
        "support": 7532.0
    },
    "weighted avg": {
        "precision": 0.7181329072842695,
        "recall": 0.7150823154540626,
        "f1-score": 0.715751635067653,
        "support": 7532.0
    },
    "roc_auc": {
        "0": 0.9572293494808877,
        "1": 0.9550497421928168,
        "2": 0.9538243873854525,
        "3": 0.9508653461384553,
        "4": 0.9567000230775242,
        "5": 0.9745757090434409,
        "6": 0.9794405072198408,
        "7": 0.9819888203786745,
        "8": 0.9886765619518957,
        "9": 0.9936326936960632,
        "10": 0.9969628262440764,
        "11": 0.9828735080626897,
        "12": 0.9541136437594876,
        "13": 0.9812676229786655,
        "14": 0.9822427474032598,
        "15": 0.986785272028773,
        "16": 0.9688235871271585,
        "17": 0.9886756240857247,
        "18": 0.9244557400773622,
        "19": 0.9436868649560528
    },
    "model": "LogisticRegression",
    "params": {
        "max_iter": 2000,
        "random_state": 42,
        "C": 0.5,
        "tol": 0.0001
    },
    "mode": "training"
}