{
    "0": {
        "precision": 0.601823708206687,
        "recall": 0.6206896551724138,
        "f1-score": 0.6111111111111112,
        "support": 319.0
    },
    "1": {
        "precision": 0.578088578088578,
        "recall": 0.6375321336760925,
        "f1-score": 0.6063569682151589,
        "support": 389.0
    },
    "2": {
        "precision": 0.6129943502824858,
        "recall": 0.550761421319797,
        "f1-score": 0.5802139037433155,
        "support": 394.0
    },
    "3": {
        "precision": 0.49318181818181817,
        "recall": 0.5535714285714286,
        "f1-score": 0.5216346153846154,
        "support": 392.0
    },
    "4": {
        "precision": 0.6340782122905028,
        "recall": 0.5896103896103896,
        "f1-score": 0.6110363391655451,
        "support": 385.0
    },
    "5": {
        "precision": 0.7406417112299465,
        "recall": 0.7012658227848101,
        "f1-score": 0.7204161248374512,
        "support": 395.0
    },
    "6": {
        "precision": 0.7251908396946565,
        "recall": 0.7307692307692307,
        "f1-score": 0.7279693486590039,
        "support": 390.0
    },
    "7": {
        "precision": 0.7628361858190709,
        "recall": 0.7878787878787878,
        "f1-score": 0.7751552795031056,
        "support": 396.0
    },
    "8": {
        "precision": 0.7835820895522388,
        "recall": 0.7914572864321608,
        "f1-score": 0.7875,
        "support": 398.0
    },
    "9": {
        "precision": 0.8685567010309279,
        "recall": 0.8488664987405542,
        "f1-score": 0.8585987261146497,
        "support": 397.0
    },
    "10": {
        "precision": 0.8858560794044665,
        "recall": 0.8947368421052632,
        "f1-score": 0.8902743142144638,
        "support": 399.0
    },
    "11": {
        "precision": 0.8036649214659686,
        "recall": 0.7752525252525253,
        "f1-score": 0.7892030848329049,
        "support": 396.0
    },
    "12": {
        "precision": 0.5859375,
        "recall": 0.5725190839694656,
        "f1-score": 0.5791505791505791,
        "support": 393.0
    },
    "13": {
        "precision": 0.8594594594594595,
        "recall": 0.803030303030303,
        "f1-score": 0.8302872062663186,
        "support": 396.0
    },
    "14": {
        "precision": 0.8447368421052631,
        "recall": 0.8147208121827412,
        "f1-score": 0.8294573643410853,
        "support": 394.0
    },
    "15": {
        "precision": 0.7258064516129032,
        "recall": 0.7914572864321608,
        "f1-score": 0.7572115384615384,
        "support": 398.0
    },
    "16": {
        "precision": 0.6042154566744731,
        "recall": 0.7087912087912088,
        "f1-score": 0.6523388116308471,
        "support": 364.0
    },
    "17": {
        "precision": 0.8731988472622478,
        "recall": 0.8058510638297872,
        "f1-score": 0.8381742738589212,
        "support": 376.0
    },
    "18": {
        "precision": 0.5806451612903226,
        "recall": 0.4645161290322581,
        "f1-score": 0.5161290322580645,
        "support": 310.0
    },
    "19": {
        "precision": 0.45907473309608543,
        "recall": 0.5139442231075697,
        "f1-score": 0.4849624060150376,
        "support": 251.0
    },
    "accuracy": 0.7049920339883166,
    "macro avg": {
        "precision": 0.7011784823374051,
        "recall": 0.6978611066344473,
        "f1-score": 0.6983590513881859,
        "support": 7532.0
    },
    "weighted avg": {
        "precision": 0.7086402808795093,
        "recall": 0.7049920339883166,
        "f1-score": 0.7057255097754304,
        "support": 7532.0
    },
    "roc_auc": {
        "0": 0.9563214624239499,
        "1": 0.9544609621946378,
        "2": 0.9513328962171435,
        "3": 0.9487991625221518,
        "4": 0.9567423621572216,
        "5": 0.9735328285649929,
        "6": 0.9777646138049386,
        "7": 0.9800370224102005,
        "8": 0.9855680843240593,
        "9": 0.9925261112160404,
        "10": 0.9957258560673378,
        "11": 0.9816867880033519,
        "12": 0.9547924581564121,
        "13": 0.9805205926982833,
        "14": 0.9796970315449024,
        "15": 0.985905311531022,
        "16": 0.9686961510866365,
        "17": 0.9888685138494107,
        "18": 0.913934572676678,
        "19": 0.9387712164663692
    },
    "model": "LogisticRegression",
    "params": {
        "max_iter": 2000,
        "random_state": 42,
        "C": 0.9,
        "tol": 0.0008
    },
    "mode": "training"
}