{
    "0": {
        "precision": 0.5456852791878173,
        "recall": 0.4752694114396242,
        "f1-score": 0.5080490326391965,
        "support": 3619.0
    },
    "1": {
        "precision": 0.8024364406779662,
        "recall": 0.7798826315247607,
        "f1-score": 0.7909987991437373,
        "support": 9713.0
    },
    "2": {
        "precision": 0.5878656554712893,
        "recall": 0.5936542669584245,
        "f1-score": 0.5907457811649428,
        "support": 4570.0
    },
    "3": {
        "precision": 0.7529286474973376,
        "recall": 0.8580097087378641,
        "f1-score": 0.8020419739081112,
        "support": 9888.0
    },
    "4": {
        "precision": 0.556838905775076,
        "recall": 0.3931330472103004,
        "f1-score": 0.46088050314465406,
        "support": 2330.0
    },
    "accuracy": 0.7107569721115538,
    "macro avg": {
        "precision": 0.6491509857218972,
        "recall": 0.6199898131741948,
        "f1-score": 0.6305432180001284,
        "support": 30120.0
    },
    "weighted avg": {
        "precision": 0.703779526430916,
        "recall": 0.7107569721115538,
        "f1-score": 0.7047062289328887,
        "support": 30120.0
    },
    "model": "LogisticRegression"
}