{
    "0": {
        "precision": 0.0,
        "recall": 0.0,
        "f1-score": 0.0,
        "support": 3619.0
    },
    "1": {
        "precision": 0.6322141560798548,
        "recall": 0.7172861113970966,
        "f1-score": 0.6720686827762504,
        "support": 9713.0
    },
    "2": {
        "precision": 0.5714285714285714,
        "recall": 0.00262582056892779,
        "f1-score": 0.005227619255064256,
        "support": 4570.0
    },
    "3": {
        "precision": 0.4633366528644059,
        "recall": 0.8940129449838188,
        "f1-score": 0.6103497082887424,
        "support": 9888.0
    },
    "4": {
        "precision": 0.0,
        "recall": 0.0,
        "f1-score": 0.0,
        "support": 2330.0
    },
    "accuracy": 0.525199203187251,
    "macro avg": {
        "precision": 0.33339587607456644,
        "recall": 0.32278497538996864,
        "f1-score": 0.25752920206401136,
        "support": 30120.0
    },
    "weighted avg": {
        "precision": 0.44268251968643574,
        "recall": 0.525199203187251,
        "f1-score": 0.4178894837769073,
        "support": 30120.0
    },
    "model": "LogisticRegression"
}