{
    "0": {
        "precision": 0.5441685004715499,
        "recall": 0.4783089251174358,
        "f1-score": 0.5091176470588236,
        "support": 3619.0
    },
    "1": {
        "precision": 0.7930422064354367,
        "recall": 0.7815299083702255,
        "f1-score": 0.7872439719989629,
        "support": 9713.0
    },
    "2": {
        "precision": 0.5841606000441208,
        "recall": 0.5794310722100656,
        "f1-score": 0.5817862243216522,
        "support": 4570.0
    },
    "3": {
        "precision": 0.7471477845582383,
        "recall": 0.8543689320388349,
        "f1-score": 0.7971691436659589,
        "support": 9888.0
    },
    "4": {
        "precision": 0.564505566470203,
        "recall": 0.3699570815450644,
        "f1-score": 0.446979517759917,
        "support": 2330.0
    },
    "accuracy": 0.7065073041168659,
    "macro avg": {
        "precision": 0.6466049315959097,
        "recall": 0.6127191838563253,
        "f1-score": 0.6244593009610628,
        "support": 30120.0
    },
    "weighted avg": {
        "precision": 0.6987009946913347,
        "recall": 0.7065073041168659,
        "f1-score": 0.6995893518868317,
        "support": 30120.0
    },
    "model": "LogisticRegression"
}