{
    "0": {
        "precision": 0.6223132036847492,
        "recall": 0.16800221055540204,
        "f1-score": 0.26457789382071367,
        "support": 3619.0
    },
    "1": {
        "precision": 0.6861852290319643,
        "recall": 0.7757644394110985,
        "f1-score": 0.7282304049482942,
        "support": 9713.0
    },
    "2": {
        "precision": 0.49376492438312547,
        "recall": 0.4072210065645514,
        "f1-score": 0.4463364911859935,
        "support": 4570.0
    },
    "3": {
        "precision": 0.6016837125165241,
        "recall": 0.8745954692556634,
        "f1-score": 0.712913729854499,
        "support": 9888.0
    },
    "4": {
        "precision": 0.65,
        "recall": 0.005579399141630901,
        "f1-score": 0.011063829787234043,
        "support": 2330.0
    },
    "accuracy": 0.6196879150066401,
    "macro avg": {
        "precision": 0.6107894139232726,
        "recall": 0.4462325049856693,
        "f1-score": 0.43262446991934694,
        "support": 30120.0
    },
    "weighted avg": {
        "precision": 0.6187756596121132,
        "recall": 0.6196879150066401,
        "f1-score": 0.5692442486695045,
        "support": 30120.0
    },
    "model": "LogisticRegression"
}