{
    "0": {
        "precision": 0.5336198956094566,
        "recall": 0.48024316109422494,
        "f1-score": 0.5055264688772542,
        "support": 3619.0
    },
    "1": {
        "precision": 0.8029613960867266,
        "recall": 0.781632863173067,
        "f1-score": 0.7921535893155259,
        "support": 9713.0
    },
    "2": {
        "precision": 0.5908793366790313,
        "recall": 0.5925601750547046,
        "f1-score": 0.5917185622200372,
        "support": 4570.0
    },
    "3": {
        "precision": 0.7622320701817853,
        "recall": 0.8523462783171522,
        "f1-score": 0.8047744091668656,
        "support": 9888.0
    },
    "4": {
        "precision": 0.545814479638009,
        "recall": 0.41416309012875535,
        "f1-score": 0.4709614446071254,
        "support": 2330.0
    },
    "accuracy": 0.7115205843293493,
    "macro avg": {
        "precision": 0.6471014356390017,
        "recall": 0.6241891135535809,
        "f1-score": 0.6330268948373616,
        "support": 30120.0
    },
    "weighted avg": {
        "precision": 0.7051577509474842,
        "recall": 0.7115205843293493,
        "f1-score": 0.7065999819724643,
        "support": 30120.0
    },
    "model": "LogisticRegression"
}