{
    "0": {
        "precision": 0.5455132343447385,
        "recall": 0.46697982868195637,
        "f1-score": 0.5032008337055233,
        "support": 3619.0
    },
    "1": {
        "precision": 0.7968421052631579,
        "recall": 0.7793678575105528,
        "f1-score": 0.7880081195024202,
        "support": 9713.0
    },
    "2": {
        "precision": 0.582701062215478,
        "recall": 0.5881838074398249,
        "f1-score": 0.5854295981705325,
        "support": 4570.0
    },
    "3": {
        "precision": 0.7465036502770692,
        "recall": 0.8583131067961165,
        "f1-score": 0.7985134308698311,
        "support": 9888.0
    },
    "4": {
        "precision": 0.561038961038961,
        "recall": 0.3708154506437768,
        "f1-score": 0.44651162790697674,
        "support": 2330.0
    },
    "accuracy": 0.7071381142098273,
    "macro avg": {
        "precision": 0.6465198026278809,
        "recall": 0.6127320102144455,
        "f1-score": 0.6243327220310568,
        "support": 30120.0
    },
    "weighted avg": {
        "precision": 0.6993868688910969,
        "recall": 0.7071381142098273,
        "f1-score": 0.7000827637121771,
        "support": 30120.0
    },
    "model": "LogisticRegression"
}