{
    "0": {
        "precision": 0.5340136054421769,
        "recall": 0.47720364741641336,
        "f1-score": 0.5040128410914928,
        "support": 3619.0
    },
    "1": {
        "precision": 0.8036205801397417,
        "recall": 0.7815299083702255,
        "f1-score": 0.792421316352628,
        "support": 9713.0
    },
    "2": {
        "precision": 0.5887606186016119,
        "recall": 0.5914660831509847,
        "f1-score": 0.5901102499727104,
        "support": 4570.0
    },
    "3": {
        "precision": 0.7615953798953258,
        "recall": 0.8535598705501618,
        "f1-score": 0.804959465903672,
        "support": 9888.0
    },
    "4": {
        "precision": 0.5478211658177702,
        "recall": 0.41545064377682406,
        "f1-score": 0.47254088357334634,
        "support": 2330.0
    },
    "accuracy": 0.7114541832669322,
    "macro avg": {
        "precision": 0.6471622699793252,
        "recall": 0.623842030652922,
        "f1-score": 0.63280895137877,
        "support": 30120.0
    },
    "weighted avg": {
        "precision": 0.7050423769177392,
        "recall": 0.7114541832669322,
        "f1-score": 0.7064433604780836,
        "support": 30120.0
    },
    "model": "LogisticRegression"
}