{
    "0": {
        "precision": 0.5642066420664207,
        "recall": 0.4716224552745219,
        "f1-score": 0.5137768817204301,
        "support": 3242.0
    },
    "1": {
        "precision": 0.7935897435897435,
        "recall": 0.7762197902416781,
        "f1-score": 0.7848086675887506,
        "support": 8772.0
    },
    "2": {
        "precision": 0.573904431790047,
        "recall": 0.5929905346635969,
        "f1-score": 0.5832913940613991,
        "support": 3909.0
    },
    "3": {
        "precision": 0.7564751703992211,
        "recall": 0.8602591075185472,
        "f1-score": 0.8050360084969691,
        "support": 9031.0
    },
    "4": {
        "precision": 0.5595408895265424,
        "recall": 0.38254046101029915,
        "f1-score": 0.4544130498106612,
        "support": 2039.0
    },
    "accuracy": 0.7114807542696254,
    "macro avg": {
        "precision": 0.6495433754743949,
        "recall": 0.6167264697417286,
        "f1-score": 0.6282652003356419,
        "support": 26993.0
    },
    "weighted avg": {
        "precision": 0.7041288751096894,
        "recall": 0.7114807542696254,
        "f1-score": 0.7048835158490063,
        "support": 26993.0
    },
    "roc_auc": null,
    "model": "LogisticRegression",
    "params": {
        "max_iter": 300,
        "C": 0.5,
        "grid_search": false
    },
    "mode": "training"
}