{
    "0": {
        "precision": 0.5611171563293434,
        "recall": 0.4771745835903763,
        "f1-score": 0.5157526254375729,
        "support": 3242.0
    },
    "1": {
        "precision": 0.7916328659172558,
        "recall": 0.7787277701778386,
        "f1-score": 0.7851272915349693,
        "support": 8772.0
    },
    "2": {
        "precision": 0.5732468180683803,
        "recall": 0.5876183167050396,
        "f1-score": 0.5803436078827691,
        "support": 3909.0
    },
    "3": {
        "precision": 0.7576261243644896,
        "recall": 0.8580445133429299,
        "f1-score": 0.8047146788514461,
        "support": 9031.0
    },
    "4": {
        "precision": 0.5546647230320699,
        "recall": 0.3732221677292791,
        "f1-score": 0.44620345939607153,
        "support": 2039.0
    },
    "accuracy": 0.7107398214351869,
    "macro avg": {
        "precision": 0.6476575375423078,
        "recall": 0.6149574703090928,
        "f1-score": 0.6264283326205657,
        "support": 26993.0
    },
    "weighted avg": {
        "precision": 0.7030433827982548,
        "recall": 0.7107398214351869,
        "f1-score": 0.7040698290165267,
        "support": 26993.0
    },
    "roc_auc": null,
    "model": "LogisticRegression",
    "params": {
        "max_iter": 100,
        "C": 0.5,
        "grid_search": false
    },
    "mode": "training"
}