{
    "0": {
        "precision": 0.6458333333333334,
        "recall": 0.16255397902529303,
        "f1-score": 0.259733859043864,
        "support": 3242.0
    },
    "1": {
        "precision": 0.6991069616399431,
        "recall": 0.7853397172822617,
        "f1-score": 0.7397186728229357,
        "support": 8772.0
    },
    "2": {
        "precision": 0.4821536600120992,
        "recall": 0.4077769250447685,
        "f1-score": 0.44185724185724184,
        "support": 3909.0
    },
    "3": {
        "precision": 0.6084481034084789,
        "recall": 0.8756505370390876,
        "f1-score": 0.717995278736154,
        "support": 9031.0
    },
    "4": {
        "precision": 0.8,
        "recall": 0.00784698381559588,
        "f1-score": 0.015541525012141816,
        "support": 2039.0
    },
    "accuracy": 0.6273478309191272,
    "macro avg": {
        "precision": 0.647108411678771,
        "recall": 0.4478336284414014,
        "f1-score": 0.4349693154944675,
        "support": 26993.0
    },
    "weighted avg": {
        "precision": 0.6385800545712413,
        "recall": 0.6273478309191272,
        "f1-score": 0.5769641706816182,
        "support": 26993.0
    },
    "roc_auc": null,
    "model": "LogisticRegression",
    "params": {
        "max_iter": 500,
        "C": 0.01,
        "grid_search": false
    },
    "mode": "training"
}