{
    "0": {
        "precision": 0.5637023593466425,
        "recall": 0.47902529302899444,
        "f1-score": 0.5179256294814074,
        "support": 3242.0
    },
    "1": {
        "precision": 0.7961426066627703,
        "recall": 0.7764477884176927,
        "f1-score": 0.786171870491141,
        "support": 8772.0
    },
    "2": {
        "precision": 0.573900148294612,
        "recall": 0.5940138142747505,
        "f1-score": 0.5837837837837838,
        "support": 3909.0
    },
    "3": {
        "precision": 0.7628470171293562,
        "recall": 0.8580445133429299,
        "f1-score": 0.8076502162697379,
        "support": 9031.0
    },
    "4": {
        "precision": 0.5517241379310345,
        "recall": 0.4001961745953899,
        "f1-score": 0.46389994314951677,
        "support": 2039.0
    },
    "accuracy": 0.7131848997888341,
    "macro avg": {
        "precision": 0.649663253872883,
        "recall": 0.6215455167319515,
        "f1-score": 0.6318862886351174,
        "support": 26993.0
    },
    "weighted avg": {
        "precision": 0.7064386545870363,
        "recall": 0.7131848997888341,
        "f1-score": 0.7074873647520352,
        "support": 26993.0
    },
    "roc_auc": null,
    "model": "LogisticRegression",
    "params": {
        "max_iter": 1500,
        "C": 1,
        "grid_search": false
    },
    "mode": "training"
}