{
    "0": {
        "precision": 0.5603328710124826,
        "recall": 0.4984577421344849,
        "f1-score": 0.5275873326803787,
        "support": 3242.0
    },
    "1": {
        "precision": 0.7970980575707933,
        "recall": 0.7765617875056999,
        "f1-score": 0.7866959233167802,
        "support": 8772.0
    },
    "2": {
        "precision": 0.5827284105131414,
        "recall": 0.5955487336914812,
        "f1-score": 0.5890688259109311,
        "support": 3909.0
    },
    "3": {
        "precision": 0.7710626375825496,
        "recall": 0.8532831358653526,
        "f1-score": 0.8100919842312746,
        "support": 9031.0
    },
    "4": {
        "precision": 0.5508259212198221,
        "recall": 0.4252084355076018,
        "f1-score": 0.4799335732078605,
        "support": 2039.0
    },
    "accuracy": 0.7160745378431446,
    "macro avg": {
        "precision": 0.6524095795797578,
        "recall": 0.6298119669409241,
        "f1-score": 0.638675527869445,
        "support": 26993.0
    },
    "weighted avg": {
        "precision": 0.7103037609344851,
        "recall": 0.7160745378431446,
        "f1-score": 0.7116115317946832,
        "support": 26993.0
    },
    "roc_auc": null,
    "model": "LogisticRegression",
    "params": {
        "max_iter": 1000,
        "C": 50,
        "grid_search": false
    },
    "mode": "training"
}