{
    "0": {
        "precision": 0.559610705596107,
        "recall": 0.49660703269586676,
        "f1-score": 0.5262297761072071,
        "support": 3242.0
    },
    "1": {
        "precision": 0.7986184287554151,
        "recall": 0.7775877792977656,
        "f1-score": 0.7879628025183388,
        "support": 8772.0
    },
    "2": {
        "precision": 0.582059634176898,
        "recall": 0.594269634177539,
        "f1-score": 0.5881012658227848,
        "support": 3909.0
    },
    "3": {
        "precision": 0.7715426859710435,
        "recall": 0.8556084597497509,
        "f1-score": 0.8114039693373937,
        "support": 9031.0
    },
    "4": {
        "precision": 0.550031867431485,
        "recall": 0.4232466895537028,
        "f1-score": 0.47838137472283815,
        "support": 2039.0
    },
    "accuracy": 0.7166302374689735,
    "macro avg": {
        "precision": 0.6523726643861897,
        "recall": 0.629463919094925,
        "f1-score": 0.6384158377017125,
        "support": 26993.0
    },
    "weighted avg": {
        "precision": 0.7107148834616331,
        "recall": 0.7166302374689735,
        "f1-score": 0.7120417647566988,
        "support": 26993.0
    },
    "roc_auc": null,
    "model": "LogisticRegression",
    "params": {
        "max_iter": 500,
        "C": 100,
        "grid_search": false
    },
    "mode": "training"
}