{
    "0": {
        "precision": 0.4770891414682965,
        "recall": 0.3851347452247677,
        "f1-score": 0.42620857015135066,
        "support": 17329.0
    },
    "1": {
        "precision": 0.6547994419920121,
        "recall": 0.7392824009147986,
        "f1-score": 0.6944810393400758,
        "support": 46349.0
    },
    "2": {
        "precision": 0.41724753730053576,
        "recall": 0.3321410556243408,
        "f1-score": 0.36986161466578155,
        "support": 21807.0
    },
    "3": {
        "precision": 0.6243711779776709,
        "recall": 0.7036693573882438,
        "f1-score": 0.6616527942925089,
        "support": 47447.0
    },
    "4": {
        "precision": 0.46062191223481547,
        "recall": 0.2855855855855856,
        "f1-score": 0.35257479701924144,
        "support": 11100.0
    },
    "accuracy": 0.5883345367696068,
    "macro avg": {
        "precision": 0.5268258421946661,
        "recall": 0.48916262894754736,
        "f1-score": 0.5009557630937918,
        "support": 144032.0
    },
    "weighted avg": {
        "precision": 0.5724640123209959,
        "recall": 0.5883345367696068,
        "f1-score": 0.5758919032801938,
        "support": 144032.0
    },
    "roc_auc": null,
    "model": "LogisticRegression",
    "params": {
        "max_iter": 5000,
        "random_state": 42,
        "C": 0.9
    },
    "mode": "training"
}