{
    "0": {
        "precision": 0.49069567706842254,
        "recall": 0.38972260118235563,
        "f1-score": 0.43441895830693195,
        "support": 4398.0
    },
    "1": {
        "precision": 0.6515795868772782,
        "recall": 0.7394002068252327,
        "f1-score": 0.6927175843694494,
        "support": 11604.0
    },
    "2": {
        "precision": 0.42145153881488284,
        "recall": 0.3422868867748554,
        "f1-score": 0.3777663407102419,
        "support": 5361.0
    },
    "3": {
        "precision": 0.6305540936771671,
        "recall": 0.7044347387871661,
        "f1-score": 0.6654500733923117,
        "support": 11906.0
    },
    "4": {
        "precision": 0.4574468085106383,
        "recall": 0.28258488499452356,
        "f1-score": 0.3493568043331077,
        "support": 2739.0
    },
    "accuracy": 0.5912574983337037,
    "macro avg": {
        "precision": 0.5303455409896778,
        "recall": 0.4916858637128267,
        "f1-score": 0.5039419522224085,
        "support": 36008.0
    },
    "weighted avg": {
        "precision": 0.5759479743748177,
        "recall": 0.5912574983337037,
        "f1-score": 0.5791438469529502,
        "support": 36008.0
    },
    "roc_auc": null,
    "model": "LogisticRegression",
    "params": {
        "max_iter": 5000,
        "random_state": 42,
        "C": 0.9
    },
    "mode": "training"
}