{
    "0": {
        "precision": 0.5030209879160483,
        "recall": 0.4368297510010586,
        "f1-score": 0.4675945313462249,
        "support": 21727.0
    },
    "1": {
        "precision": 0.6601547768106323,
        "recall": 0.755111901023243,
        "f1-score": 0.7044477712850726,
        "support": 57953.0
    },
    "2": {
        "precision": 0.4497770422470464,
        "recall": 0.36012956419316844,
        "f1-score": 0.3999918235522577,
        "support": 27168.0
    },
    "3": {
        "precision": 0.6477798680163636,
        "recall": 0.7309992755210352,
        "f1-score": 0.6868781217595048,
        "support": 59353.0
    },
    "4": {
        "precision": 0.47025357607282187,
        "recall": 0.2090468964520558,
        "f1-score": 0.2894302436096243,
        "support": 13839.0
    },
    "accuracy": 0.6071761830704288,
    "macro avg": {
        "precision": 0.5461972502125825,
        "recall": 0.4984234776381122,
        "f1-score": 0.509668498310537,
        "support": 180040.0
    },
    "weighted avg": {
        "precision": 0.5907695357385765,
        "recall": 0.6071761830704288,
        "f1-score": 0.5922293281282852,
        "support": 180040.0
    },
    "roc_auc": null,
    "model": "LogisticRegression",
    "params": {
        "max_iter": 5000,
        "random_state": 42,
        "C": 0.9
    },
    "mode": "training"
}