{
    "0": {
        "precision": 0.500155231294629,
        "recall": 0.44490472245236123,
        "f1-score": 0.4709149371528793,
        "support": 3621.0
    },
    "1": {
        "precision": 0.6599103139013452,
        "recall": 0.7575414393081438,
        "f1-score": 0.7053635622873029,
        "support": 9713.0
    },
    "2": {
        "precision": 0.45248107653490327,
        "recall": 0.3530956027127543,
        "f1-score": 0.39665765544359793,
        "support": 4571.0
    },
    "3": {
        "precision": 0.6437471985656656,
        "recall": 0.7255734060826513,
        "f1-score": 0.6822154664639939,
        "support": 9897.0
    },
    "4": {
        "precision": 0.46257197696737046,
        "recall": 0.20660094299185597,
        "f1-score": 0.2856296296296296,
        "support": 2333.0
    },
    "accuracy": 0.6054753608760577,
    "macro avg": {
        "precision": 0.5437731594527827,
        "recall": 0.4975432227095533,
        "f1-score": 0.5081562501954806,
        "support": 30135.0
    },
    "weighted avg": {
        "precision": 0.5886646231542038,
        "recall": 0.6054753608760577,
        "f1-score": 0.5902691822956665,
        "support": 30135.0
    },
    "roc_auc": {
        "0": 0.8560384808246765,
        "1": 0.8721952214432179,
        "2": 0.7948550531554831,
        "3": 0.8490099522262824,
        "4": 0.8273106579737993
    },
    "model": "LogisticRegression",
    "params": {
        "max_iter": 5000,
        "random_state": 42,
        "C": 0.9
    },
    "mode": "training"
}