{
    "0": {
        "precision": 0.7754800590841949,
        "recall": 0.7608695652173914,
        "f1-score": 0.7681053401609363,
        "support": 690.0
    },
    "1": {
        "precision": 0.7652916073968705,
        "recall": 0.7797101449275362,
        "f1-score": 0.7724335965541995,
        "support": 690.0
    },
    "accuracy": 0.7702898550724637,
    "macro avg": {
        "precision": 0.7703858332405327,
        "recall": 0.7702898550724637,
        "f1-score": 0.7702694683575679,
        "support": 1380.0
    },
    "weighted avg": {
        "precision": 0.7703858332405327,
        "recall": 0.7702898550724637,
        "f1-score": 0.7702694683575679,
        "support": 1380.0
    },
    "roc_auc": {
        "0": 0.8534656584751101,
        "1": 0.8534656584751102
    },
    "model": "LogisticRegression",
    "params": {
        "max_iter": 200,
        "random_state": 42,
        "C": 0.9
    },
    "mode": "training"
}