{
    "0": {
        "precision": 0.7579185520361991,
        "recall": 0.6979166666666666,
        "f1-score": 0.7266811279826464,
        "support": 480.0
    },
    "1": {
        "precision": 0.7307692307692307,
        "recall": 0.7157534246575342,
        "f1-score": 0.7231833910034602,
        "support": 584.0
    },
    "2": {
        "precision": 0.7197346600331676,
        "recall": 0.7343485617597293,
        "f1-score": 0.7269681742043551,
        "support": 591.0
    },
    "3": {
        "precision": 0.6709323583180987,
        "recall": 0.6220338983050847,
        "f1-score": 0.6455584872471416,
        "support": 590.0
    },
    "4": {
        "precision": 0.7081174438687392,
        "recall": 0.7093425605536332,
        "f1-score": 0.7087294727744166,
        "support": 578.0
    },
    "5": {
        "precision": 0.7646103896103896,
        "recall": 0.7942664418212478,
        "f1-score": 0.7791563275434243,
        "support": 593.0
    },
    "6": {
        "precision": 0.6759776536312849,
        "recall": 0.8273504273504273,
        "f1-score": 0.744043043812452,
        "support": 585.0
    },
    "7": {
        "precision": 0.8141891891891891,
        "recall": 0.8114478114478114,
        "f1-score": 0.8128161888701517,
        "support": 594.0
    },
    "8": {
        "precision": 0.853448275862069,
        "recall": 0.8277591973244147,
        "f1-score": 0.8404074702886248,
        "support": 598.0
    },
    "9": {
        "precision": 0.9024793388429752,
        "recall": 0.914572864321608,
        "f1-score": 0.908485856905158,
        "support": 597.0
    },
    "10": {
        "precision": 0.9501718213058419,
        "recall": 0.9216666666666666,
        "f1-score": 0.9357021996615905,
        "support": 600.0
    },
    "11": {
        "precision": 0.8821548821548821,
        "recall": 0.880672268907563,
        "f1-score": 0.8814129520605551,
        "support": 595.0
    },
    "12": {
        "precision": 0.7477638640429338,
        "recall": 0.7072758037225042,
        "f1-score": 0.7269565217391304,
        "support": 591.0
    },
    "13": {
        "precision": 0.9283276450511946,
        "recall": 0.9158249158249159,
        "f1-score": 0.9220338983050848,
        "support": 594.0
    },
    "14": {
        "precision": 0.8573743922204214,
        "recall": 0.8920741989881956,
        "f1-score": 0.8743801652892562,
        "support": 593.0
    },
    "15": {
        "precision": 0.7094594594594594,
        "recall": 0.8764607679465777,
        "f1-score": 0.784167289021658,
        "support": 599.0
    },
    "16": {
        "precision": 0.7913043478260869,
        "recall": 0.8333333333333334,
        "f1-score": 0.8117752007136485,
        "support": 546.0
    },
    "17": {
        "precision": 0.8908145580589255,
        "recall": 0.9113475177304965,
        "f1-score": 0.9009640666082384,
        "support": 564.0
    },
    "18": {
        "precision": 0.7708333333333334,
        "recall": 0.7956989247311828,
        "f1-score": 0.783068783068783,
        "support": 465.0
    },
    "19": {
        "precision": 0.8157894736842105,
        "recall": 0.32891246684350134,
        "f1-score": 0.46880907372400754,
        "support": 377.0
    },
    "accuracy": 0.7952978610570974,
    "macro avg": {
        "precision": 0.7971085434649317,
        "recall": 0.7859029359451546,
        "f1-score": 0.7852649845411892,
        "support": 11314.0
    },
    "weighted avg": {
        "precision": 0.7976752743814765,
        "recall": 0.7952978610570974,
        "f1-score": 0.7919394473008167,
        "support": 11314.0
    },
    "roc_auc": null,
    "model": "LogisticRegression",
    "params": {
        "max_iter": 5000,
        "random_state": 42,
        "C": 0.9
    },
    "mode": "training"
}