{
    "0": {
        "precision": 0.6505576208178439,
        "recall": 0.54858934169279,
        "f1-score": 0.5952380952380952,
        "support": 319.0
    },
    "1": {
        "precision": 0.6666666666666666,
        "recall": 0.6529562982005142,
        "f1-score": 0.6597402597402597,
        "support": 389.0
    },
    "2": {
        "precision": 0.6019184652278178,
        "recall": 0.6370558375634517,
        "f1-score": 0.6189889025893958,
        "support": 394.0
    },
    "3": {
        "precision": 0.5824742268041238,
        "recall": 0.576530612244898,
        "f1-score": 0.5794871794871795,
        "support": 392.0
    },
    "4": {
        "precision": 0.6572237960339944,
        "recall": 0.6025974025974026,
        "f1-score": 0.6287262872628726,
        "support": 385.0
    },
    "5": {
        "precision": 0.706601466992665,
        "recall": 0.7316455696202532,
        "f1-score": 0.7189054726368159,
        "support": 395.0
    },
    "6": {
        "precision": 0.6352201257861635,
        "recall": 0.7769230769230769,
        "f1-score": 0.698961937716263,
        "support": 390.0
    },
    "7": {
        "precision": 0.8080808080808081,
        "recall": 0.8080808080808081,
        "f1-score": 0.8080808080808081,
        "support": 396.0
    },
    "8": {
        "precision": 0.8010899182561307,
        "recall": 0.7386934673366834,
        "f1-score": 0.7686274509803922,
        "support": 398.0
    },
    "9": {
        "precision": 0.8810126582278481,
        "recall": 0.8765743073047859,
        "f1-score": 0.8787878787878788,
        "support": 397.0
    },
    "10": {
        "precision": 0.9326424870466321,
        "recall": 0.9022556390977443,
        "f1-score": 0.9171974522292994,
        "support": 399.0
    },
    "11": {
        "precision": 0.8184210526315789,
        "recall": 0.7853535353535354,
        "f1-score": 0.8015463917525774,
        "support": 396.0
    },
    "12": {
        "precision": 0.5949367088607594,
        "recall": 0.5979643765903307,
        "f1-score": 0.5964467005076142,
        "support": 393.0
    },
    "13": {
        "precision": 0.8617021276595744,
        "recall": 0.8181818181818182,
        "f1-score": 0.8393782383419689,
        "support": 396.0
    },
    "14": {
        "precision": 0.7819905213270142,
        "recall": 0.8375634517766497,
        "f1-score": 0.8088235294117647,
        "support": 394.0
    },
    "15": {
        "precision": 0.608540925266904,
        "recall": 0.8592964824120602,
        "f1-score": 0.7125,
        "support": 398.0
    },
    "16": {
        "precision": 0.6095890410958904,
        "recall": 0.7335164835164835,
        "f1-score": 0.6658354114713217,
        "support": 364.0
    },
    "17": {
        "precision": 0.8652291105121294,
        "recall": 0.8537234042553191,
        "f1-score": 0.8594377510040161,
        "support": 376.0
    },
    "18": {
        "precision": 0.5769230769230769,
        "recall": 0.4838709677419355,
        "f1-score": 0.5263157894736842,
        "support": 310.0
    },
    "19": {
        "precision": 0.5444444444444444,
        "recall": 0.1952191235059761,
        "f1-score": 0.2873900293255132,
        "support": 251.0
    },
    "accuracy": 0.7144184811471057,
    "macro avg": {
        "precision": 0.7092632624331033,
        "recall": 0.7008296001998259,
        "f1-score": 0.6985207783018861,
        "support": 7532.0
    },
    "weighted avg": {
        "precision": 0.7149631528460991,
        "recall": 0.7144184811471057,
        "f1-score": 0.7095331789512029,
        "support": 7532.0
    },
    "roc_auc": {
        "0": 0.9566943523688289,
        "1": 0.9542176765719185,
        "2": 0.9554553949477523,
        "3": 0.952947250328703,
        "4": 0.9563613104399449,
        "5": 0.9749357511133813,
        "6": 0.9847069340628567,
        "7": 0.9789865442542012,
        "8": 0.9841969871786744,
        "9": 0.9925947761681426,
        "10": 0.9957657356625829,
        "11": 0.9776036004665488,
        "12": 0.9356550247057075,
        "13": 0.9863018497757848,
        "14": 0.9803436387504925,
        "15": 0.9819214519471481,
        "16": 0.9644302056760203,
        "17": 0.9866519540216216,
        "18": 0.9369319552264138,
        "19": 0.9303568585156694
    },
    "model": "LogisticRegression",
    "params": {
        "max_iter": 5000,
        "random_state": 42,
        "C": 0.9
    },
    "mode": "training"
}