{
    "0": {
        "precision": 0.7173701974201304,
        "recall": 0.7141344870437705,
        "f1-score": 0.7157486853030722,
        "support": 21727.0
    },
    "1": {
        "precision": 0.9028502953008645,
        "recall": 0.9100477973530274,
        "f1-score": 0.9064347586965489,
        "support": 57953.0
    },
    "2": {
        "precision": 0.7840700973174848,
        "recall": 0.803666077738516,
        "f1-score": 0.7937471598654913,
        "support": 27168.0
    },
    "3": {
        "precision": 0.898681403917006,
        "recall": 0.9370040267551767,
        "f1-score": 0.9174426948868745,
        "support": 59353.0
    },
    "4": {
        "precision": 0.8063321967851924,
        "recall": 0.598092347712985,
        "f1-score": 0.6867739794225025,
        "support": 13839.0
    },
    "accuracy": 0.8552599422350589,
    "macro avg": {
        "precision": 0.8218608381481356,
        "recall": 0.7925889473206951,
        "f1-score": 0.8040294556348979,
        "support": 180040.0
    },
    "weighted avg": {
        "precision": 0.8537495583472337,
        "recall": 0.8552599422350589,
        "f1-score": 0.8531629052788009,
        "support": 180040.0
    },
    "roc_auc": null,
    "model": "LogisticRegression",
    "params": {
        "C": 1,
        "max_iter": 1000,
        "penalty": "l2",
        "solver": "lbfgs",
        "tol": 1e-05
    },
    "mode": "training"
}