{
    "0": {
        "precision": 0.7015384615384616,
        "recall": 0.6926263463131731,
        "f1-score": 0.6970539188438021,
        "support": 3621.0
    },
    "1": {
        "precision": 0.8999691896888159,
        "recall": 0.9021929373005251,
        "f1-score": 0.9010796915167095,
        "support": 9713.0
    },
    "2": {
        "precision": 0.7685478757133798,
        "recall": 0.795449573397506,
        "f1-score": 0.781767361857665,
        "support": 4571.0
    },
    "3": {
        "precision": 0.8908670965258396,
        "recall": 0.9353339395776498,
        "f1-score": 0.9125591482649842,
        "support": 9897.0
    },
    "4": {
        "precision": 0.7901234567901234,
        "recall": 0.5760822974710673,
        "f1-score": 0.6663361427863164,
        "support": 2333.0
    },
    "accuracy": 0.8464576074332172,
    "macro avg": {
        "precision": 0.8102092160513241,
        "recall": 0.7803370188119843,
        "f1-score": 0.7917592526538955,
        "support": 30135.0
    },
    "weighted avg": {
        "precision": 0.8446979766906153,
        "recall": 0.8464576074332172,
        "f1-score": 0.8440629834539777,
        "support": 30135.0
    },
    "roc_auc": {
        "0": 0.9609129915826934,
        "1": 0.9797697845510185,
        "2": 0.9674869145899186,
        "3": 0.9852515223433441,
        "4": 0.9616306008507347
    },
    "model": "LogisticRegression",
    "params": {
        "C": 1,
        "max_iter": 1000,
        "penalty": "l2",
        "solver": "lbfgs",
        "tol": 1e-05
    },
    "mode": "training"
}