{
    "0": {
        "precision": 0.7187297772025515,
        "recall": 0.7156533345606849,
        "f1-score": 0.7171882567283965,
        "support": 21727.0
    },
    "1": {
        "precision": 0.9032589522716764,
        "recall": 0.9101168188014426,
        "f1-score": 0.9066749179172469,
        "support": 57953.0
    },
    "2": {
        "precision": 0.784278535534817,
        "recall": 0.8042550058892816,
        "f1-score": 0.7941411644980737,
        "support": 27168.0
    },
    "3": {
        "precision": 0.8988963756523988,
        "recall": 0.9372736003234883,
        "f1-score": 0.91768393269548,
        "support": 59353.0
    },
    "4": {
        "precision": 0.8065458796025716,
        "recall": 0.598309126381964,
        "f1-score": 0.686994399502178,
        "support": 13839.0
    },
    "accuracy": 0.8556598533659187,
    "macro avg": {
        "precision": 0.822341904052803,
        "recall": 0.7931215771913722,
        "f1-score": 0.804536534268275,
        "support": 180040.0
    },
    "weighted avg": {
        "precision": 0.8541639202155467,
        "recall": 0.8556598533659187,
        "f1-score": 0.8535698615922307,
        "support": 180040.0
    },
    "roc_auc": null,
    "model": "LogisticRegression",
    "params": {
        "C": 1,
        "max_iter": 1000,
        "penalty": "l2",
        "solver": "lbfgs",
        "tol": 1e-05
    },
    "mode": "training"
}