{
    "0": {
        "precision": 0.7001117942984908,
        "recall": 0.6917978458989229,
        "f1-score": 0.6959299902764273,
        "support": 3621.0
    },
    "1": {
        "precision": 0.8993839835728953,
        "recall": 0.9018840728920005,
        "f1-score": 0.9006322932195548,
        "support": 9713.0
    },
    "2": {
        "precision": 0.7683030046550995,
        "recall": 0.7943557208488295,
        "f1-score": 0.7811121867269012,
        "support": 4571.0
    },
    "3": {
        "precision": 0.890653575897584,
        "recall": 0.9349297767000101,
        "f1-score": 0.9122547569752538,
        "support": 9897.0
    },
    "4": {
        "precision": 0.7890716803760282,
        "recall": 0.5756536648092585,
        "f1-score": 0.6656753407682776,
        "support": 2333.0
    },
    "accuracy": 0.8459266633482662,
    "macro avg": {
        "precision": 0.8095048077600195,
        "recall": 0.7797242162298043,
        "f1-score": 0.7911209135932831,
        "support": 30135.0
    },
    "weighted avg": {
        "precision": 0.8441492332786624,
        "recall": 0.8459266633482662,
        "f1-score": 0.8435332226367223,
        "support": 30135.0
    },
    "roc_auc": {
        "0": 0.9608180455727098,
        "1": 0.9797364207822784,
        "2": 0.9673313003296686,
        "3": 0.9852056675905319,
        "4": 0.9615814195619364
    },
    "model": "LogisticRegression",
    "params": {
        "C": 1,
        "max_iter": 1000,
        "penalty": "l2",
        "solver": "lbfgs",
        "tol": 1e-05
    },
    "mode": "training"
}