{
    "processing_time_seconds": 125.79145884513855,
    "memory_usage_mb": 16.3125,
    "successful_samples": 30135,
    "total_samples": 30135,
    "error_rate": 0.0,
    "samples_per_second": 239.56316491328,
    "timestamp": "2025-05-27 13:32:32"
}