{
    "processing_time_seconds": 3154.4627170562744,
    "memory_usage_mb": -0.8359375,
    "successful_samples": 180040,
    "total_samples": 180040,
    "error_rate": 0.0,
    "samples_per_second": 57.07469580366835,
    "timestamp": "2025-05-27 13:30:15"
}