{
    "0": {
        "precision": 0.9471597959465049,
        "recall": 0.9159666666666667,
        "f1-score": 0.9313021080458211,
        "support": 30000.0
    },
    "1": {
        "precision": 0.9627711549736173,
        "recall": 0.9853,
        "f1-score": 0.9739053078975981,
        "support": 30000.0
    },
    "2": {
        "precision": 0.9082337941215944,
        "recall": 0.9023,
        "f1-score": 0.9052571734332152,
        "support": 30000.0
    },
    "3": {
        "precision": 0.90056426743652,
        "recall": 0.9150333333333334,
        "f1-score": 0.9077411461261201,
        "support": 30000.0
    },
    "accuracy": 0.92965,
    "macro avg": {
        "precision": 0.9296822531195592,
        "recall": 0.9296500000000001,
        "f1-score": 0.9295514338756886,
        "support": 120000.0
    },
    "weighted avg": {
        "precision": 0.9296822531195593,
        "recall": 0.92965,
        "f1-score": 0.9295514338756886,
        "support": 120000.0
    },
    "roc_auc": null,
    "model": "XGBClassifier",
    "params": {
        "learning_rate": 0.1,
        "max_depth": 3,
        "n_estimators": 1000,
        "num_class": 4,
        "eval_metric": "mlogloss",
        "objective": "multi:softmax"
    },
    "mode": "training"
}