{
    "0": {
        "precision": 0.9042495965572889,
        "recall": 0.8847368421052632,
        "f1-score": 0.8943868050013302,
        "support": 1900.0
    },
    "1": {
        "precision": 0.9425763062596999,
        "recall": 0.9589473684210527,
        "f1-score": 0.9506913644664754,
        "support": 1900.0
    },
    "2": {
        "precision": 0.8455070940620073,
        "recall": 0.8468421052631578,
        "f1-score": 0.8461740731001841,
        "support": 1900.0
    },
    "3": {
        "precision": 0.8566929133858268,
        "recall": 0.8589473684210527,
        "f1-score": 0.8578186596583443,
        "support": 1900.0
    },
    "accuracy": 0.8873684210526316,
    "macro avg": {
        "precision": 0.8872564775662056,
        "recall": 0.8873684210526316,
        "f1-score": 0.8872677255565835,
        "support": 7600.0
    },
    "weighted avg": {
        "precision": 0.8872564775662056,
        "recall": 0.8873684210526316,
        "f1-score": 0.8872677255565834,
        "support": 7600.0
    },
    "model": "XGBClassifier"
}