{
    "0": {
        "precision": 0.8017883755588674,
        "recall": 0.7797101449275362,
        "f1-score": 0.7905951506245408,
        "support": 690.0
    },
    "1": {
        "precision": 0.7856135401974612,
        "recall": 0.8072463768115942,
        "f1-score": 0.7962830593280915,
        "support": 690.0
    },
    "accuracy": 0.7934782608695652,
    "macro avg": {
        "precision": 0.7937009578781643,
        "recall": 0.7934782608695652,
        "f1-score": 0.7934391049763161,
        "support": 1380.0
    },
    "weighted avg": {
        "precision": 0.7937009578781644,
        "recall": 0.7934782608695652,
        "f1-score": 0.7934391049763163,
        "support": 1380.0
    },
    "roc_auc": {
        "0": 0.8721655114471748,
        "1": 0.872165511447175
    },
    "model": "LogisticRegression",
    "params": {
        "max_iter": 200,
        "random_state": 42,
        "C": 0.9
    },
    "mode": "training"
}