{
    "0": {
        "precision": 0.8011191419911401,
        "recall": 0.7513667176907938,
        "f1-score": 0.7754457233130219,
        "support": 4573.0
    },
    "1": {
        "precision": 0.8042692373902565,
        "recall": 0.8456108597285068,
        "f1-score": 0.8244220928180696,
        "support": 5525.0
    },
    "accuracy": 0.8029312735195088,
    "macro avg": {
        "precision": 0.8026941896906983,
        "recall": 0.7984887887096503,
        "f1-score": 0.7999339080655457,
        "support": 10098.0
    },
    "weighted avg": {
        "precision": 0.8028426790361112,
        "recall": 0.8029312735195088,
        "f1-score": 0.802242558479925,
        "support": 10098.0
    },
    "roc_auc": null,
    "model": "LogisticRegression",
    "params": {
        "max_iter": 200,
        "random_state": 42,
        "C": 0.9
    },
    "mode": "training"
}