{
    "0": {
        "precision": 0.8486814566764337,
        "recall": 0.7465365674046118,
        "f1-score": 0.7943387448272484,
        "support": 21727.0
    },
    "1": {
        "precision": 0.9533824439071023,
        "recall": 0.8776422273221404,
        "f1-score": 0.9139458410450846,
        "support": 57953.0
    },
    "2": {
        "precision": 0.8389729993720784,
        "recall": 0.8852326266195524,
        "f1-score": 0.8614822509581975,
        "support": 27168.0
    },
    "3": {
        "precision": 0.8793674768429327,
        "recall": 0.961299344599262,
        "f1-score": 0.9185099327087156,
        "support": 59353.0
    },
    "4": {
        "precision": 0.81568068424804,
        "recall": 0.8269383625984537,
        "f1-score": 0.8212709462126377,
        "support": 13839.0
    },
    "accuracy": 0.8866474116862919,
    "macro avg": {
        "precision": 0.8672170122093175,
        "recall": 0.859529825708804,
        "f1-score": 0.8619095431503769,
        "support": 180040.0
    },
    "weighted avg": {
        "precision": 0.8884980897037602,
        "recall": 0.8866474116862919,
        "f1-score": 0.885976114694939,
        "support": 180040.0
    },
    "roc_auc": null,
    "model": "SVM",
    "params": {
        "max_iter": 4000,
        "random_state": 42,
        "C": 1,
        "grid_search": false,
        "tol": 0.001,
        "normalize": false
    },
    "mode": "training"
}