{
    "0": {
        "precision": 0.7563484410157506,
        "recall": 0.6498204915769125,
        "f1-score": 0.6990493166963755,
        "support": 3621.0
    },
    "1": {
        "precision": 0.931700158049221,
        "recall": 0.8496859878513333,
        "f1-score": 0.8888051262721447,
        "support": 9713.0
    },
    "2": {
        "precision": 0.764911559029206,
        "recall": 0.8136075257055349,
        "f1-score": 0.7885084278596417,
        "support": 4571.0
    },
    "3": {
        "precision": 0.8542369789291252,
        "recall": 0.9462463372739214,
        "f1-score": 0.8978906999041227,
        "support": 9897.0
    },
    "4": {
        "precision": 0.7219137120888509,
        "recall": 0.7243891984569224,
        "f1-score": 0.7231493367565255,
        "support": 2333.0
    },
    "accuracy": 0.8422100547536088,
    "macro avg": {
        "precision": 0.8058221698224308,
        "recall": 0.7967499081729249,
        "f1-score": 0.799480581497762,
        "support": 30135.0
    },
    "weighted avg": {
        "precision": 0.8436489181064364,
        "recall": 0.8422100547536088,
        "f1-score": 0.8409499071043445,
        "support": 30135.0
    },
    "model": "SVM"
}