{
    "0": {
        "precision": 0.7760180995475113,
        "recall": 0.7145833333333333,
        "f1-score": 0.7440347071583514,
        "support": 480.0
    },
    "1": {
        "precision": 0.7348353552859619,
        "recall": 0.726027397260274,
        "f1-score": 0.7304048234280792,
        "support": 584.0
    },
    "2": {
        "precision": 0.7179902755267423,
        "recall": 0.7495769881556683,
        "f1-score": 0.7334437086092715,
        "support": 591.0
    },
    "3": {
        "precision": 0.6799276672694394,
        "recall": 0.6372881355932203,
        "f1-score": 0.657917760279965,
        "support": 590.0
    },
    "4": {
        "precision": 0.7315789473684211,
        "recall": 0.7214532871972318,
        "f1-score": 0.7264808362369338,
        "support": 578.0
    },
    "5": {
        "precision": 0.7705977382875606,
        "recall": 0.8043844856661045,
        "f1-score": 0.7871287128712872,
        "support": 593.0
    },
    "6": {
        "precision": 0.7025862068965517,
        "recall": 0.8358974358974359,
        "f1-score": 0.7634660421545667,
        "support": 585.0
    },
    "7": {
        "precision": 0.8260869565217391,
        "recall": 0.8316498316498316,
        "f1-score": 0.8288590604026845,
        "support": 594.0
    },
    "8": {
        "precision": 0.8710801393728222,
        "recall": 0.8361204013377926,
        "f1-score": 0.8532423208191127,
        "support": 598.0
    },
    "9": {
        "precision": 0.9136212624584718,
        "recall": 0.9212730318257957,
        "f1-score": 0.9174311926605505,
        "support": 597.0
    },
    "10": {
        "precision": 0.9536878216123499,
        "recall": 0.9266666666666666,
        "f1-score": 0.9399830938292477,
        "support": 600.0
    },
    "11": {
        "precision": 0.8791946308724832,
        "recall": 0.880672268907563,
        "f1-score": 0.8799328295549959,
        "support": 595.0
    },
    "12": {
        "precision": 0.7663043478260869,
        "recall": 0.7157360406091371,
        "f1-score": 0.7401574803149606,
        "support": 591.0
    },
    "13": {
        "precision": 0.9283276450511946,
        "recall": 0.9158249158249159,
        "f1-score": 0.9220338983050848,
        "support": 594.0
    },
    "14": {
        "precision": 0.8666666666666667,
        "recall": 0.8988195615514334,
        "f1-score": 0.8824503311258278,
        "support": 593.0
    },
    "15": {
        "precision": 0.7360335195530726,
        "recall": 0.8797996661101837,
        "f1-score": 0.8015209125475286,
        "support": 599.0
    },
    "16": {
        "precision": 0.8106194690265487,
        "recall": 0.8388278388278388,
        "f1-score": 0.8244824482448245,
        "support": 546.0
    },
    "17": {
        "precision": 0.8970331588132635,
        "recall": 0.9113475177304965,
        "f1-score": 0.9041336851363236,
        "support": 564.0
    },
    "18": {
        "precision": 0.77079107505071,
        "recall": 0.8172043010752689,
        "f1-score": 0.7933194154488518,
        "support": 465.0
    },
    "19": {
        "precision": 0.786096256684492,
        "recall": 0.38992042440318303,
        "f1-score": 0.5212765957446809,
        "support": 377.0
    },
    "accuracy": 0.8059925755700902,
    "macro avg": {
        "precision": 0.8059538619846045,
        "recall": 0.7976536764811687,
        "f1-score": 0.7975849927436565,
        "support": 11314.0
    },
    "weighted avg": {
        "precision": 0.8072078905210538,
        "recall": 0.8059925755700902,
        "f1-score": 0.8034741976675288,
        "support": 11314.0
    },
    "roc_auc": null,
    "model": "LogisticRegression",
    "params": {
        "max_iter": 200,
        "random_state": 42,
        "C": 0.9
    },
    "mode": "training"
}