{
    "0": {
        "precision": 0.6744186046511628,
        "recall": 0.5454545454545454,
        "f1-score": 0.6031195840554593,
        "support": 319.0
    },
    "1": {
        "precision": 0.6538461538461539,
        "recall": 0.6555269922879178,
        "f1-score": 0.6546854942233633,
        "support": 389.0
    },
    "2": {
        "precision": 0.5985748218527316,
        "recall": 0.6395939086294417,
        "f1-score": 0.6184049079754601,
        "support": 394.0
    },
    "3": {
        "precision": 0.5769230769230769,
        "recall": 0.5739795918367347,
        "f1-score": 0.5754475703324808,
        "support": 392.0
    },
    "4": {
        "precision": 0.6508379888268156,
        "recall": 0.6051948051948052,
        "f1-score": 0.6271870794078062,
        "support": 385.0
    },
    "5": {
        "precision": 0.7121951219512195,
        "recall": 0.739240506329114,
        "f1-score": 0.7254658385093168,
        "support": 395.0
    },
    "6": {
        "precision": 0.6558441558441559,
        "recall": 0.7769230769230769,
        "f1-score": 0.7112676056338029,
        "support": 390.0
    },
    "7": {
        "precision": 0.8136020151133502,
        "recall": 0.8156565656565656,
        "f1-score": 0.8146279949558638,
        "support": 396.0
    },
    "8": {
        "precision": 0.819672131147541,
        "recall": 0.7537688442211056,
        "f1-score": 0.7853403141361257,
        "support": 398.0
    },
    "9": {
        "precision": 0.8894601542416453,
        "recall": 0.871536523929471,
        "f1-score": 0.8804071246819338,
        "support": 397.0
    },
    "10": {
        "precision": 0.9285714285714286,
        "recall": 0.9122807017543859,
        "f1-score": 0.9203539823008849,
        "support": 399.0
    },
    "11": {
        "precision": 0.8172323759791122,
        "recall": 0.7904040404040404,
        "f1-score": 0.803594351732991,
        "support": 396.0
    },
    "12": {
        "precision": 0.6,
        "recall": 0.6030534351145038,
        "f1-score": 0.6015228426395939,
        "support": 393.0
    },
    "13": {
        "precision": 0.8739946380697051,
        "recall": 0.8232323232323232,
        "f1-score": 0.8478543563068921,
        "support": 396.0
    },
    "14": {
        "precision": 0.8048780487804879,
        "recall": 0.8375634517766497,
        "f1-score": 0.8208955223880597,
        "support": 394.0
    },
    "15": {
        "precision": 0.620253164556962,
        "recall": 0.8618090452261307,
        "f1-score": 0.7213459516298633,
        "support": 398.0
    },
    "16": {
        "precision": 0.6150341685649203,
        "recall": 0.7417582417582418,
        "f1-score": 0.6724782067247821,
        "support": 364.0
    },
    "17": {
        "precision": 0.8605898123324397,
        "recall": 0.8537234042553191,
        "f1-score": 0.8571428571428571,
        "support": 376.0
    },
    "18": {
        "precision": 0.5741444866920152,
        "recall": 0.4870967741935484,
        "f1-score": 0.5270506108202443,
        "support": 310.0
    },
    "19": {
        "precision": 0.5545454545454546,
        "recall": 0.24302788844621515,
        "f1-score": 0.3379501385041551,
        "support": 251.0
    },
    "accuracy": 0.7194636218799788,
    "macro avg": {
        "precision": 0.7147308901245188,
        "recall": 0.7065412333312068,
        "f1-score": 0.7053071167050968,
        "support": 7532.0
    },
    "weighted avg": {
        "precision": 0.7203023150284242,
        "recall": 0.7194636218799788,
        "f1-score": 0.7155862756357121,
        "support": 7532.0
    },
    "roc_auc": {
        "0": 0.9594832040894468,
        "1": 0.9567149531045369,
        "2": 0.9575696245020219,
        "3": 0.9556011690390441,
        "4": 0.9593708376414406,
        "5": 0.9762883032441032,
        "6": 0.9860826888970267,
        "7": 0.9809593977895548,
        "8": 0.9863193173605623,
        "9": 0.9933615642193818,
        "10": 0.9964860279115003,
        "11": 0.9787278615753954,
        "12": 0.9376617062781332,
        "13": 0.9867661338723558,
        "14": 0.9818452182001527,
        "15": 0.9830354463655536,
        "16": 0.9657053326138149,
        "17": 0.9866367161019469,
        "18": 0.9380879213156932,
        "19": 0.931450684010285
    },
    "model": "LogisticRegression",
    "params": {
        "max_iter": 200,
        "random_state": 42,
        "C": 0.9
    },
    "mode": "training"
}