{
    "0": {
        "precision": 0.6844602609727165,
        "recall": 0.6217672413793104,
        "f1-score": 0.6516092603049125,
        "support": 928.0
    },
    "1": {
        "precision": 0.7017841971112999,
        "recall": 0.7564102564102564,
        "f1-score": 0.7280740414279419,
        "support": 1092.0
    },
    "accuracy": 0.6945544554455445,
    "macro avg": {
        "precision": 0.6931222290420083,
        "recall": 0.6890887488947834,
        "f1-score": 0.6898416508664271,
        "support": 2020.0
    },
    "weighted avg": {
        "precision": 0.6938254779347625,
        "recall": 0.6945544554455445,
        "f1-score": 0.6929456667337976,
        "support": 2020.0
    },
    "roc_auc": null,
    "model": "LogisticRegression",
    "params": {
        "max_iter": 5000,
        "C": 1,
        "grid_search": false
    },
    "mode": "training"
}