{
    "0": {
        "precision": 0.6908212560386473,
        "recall": 0.6163793103448276,
        "f1-score": 0.6514806378132119,
        "support": 928.0
    },
    "1": {
        "precision": 0.7013422818791947,
        "recall": 0.7655677655677655,
        "f1-score": 0.7320490367775832,
        "support": 1092.0
    },
    "accuracy": 0.697029702970297,
    "macro avg": {
        "precision": 0.6960817689589209,
        "recall": 0.6909735379562966,
        "f1-score": 0.6917648372953975,
        "support": 2020.0
    },
    "weighted avg": {
        "precision": 0.6965088601069035,
        "recall": 0.697029702970297,
        "f1-score": 0.6950354356691988,
        "support": 2020.0
    },
    "roc_auc": null,
    "model": "LogisticRegression",
    "params": {
        "max_iter": 1000,
        "C": 1,
        "grid_search": false
    },
    "mode": "training"
}