{
    "0": {
        "precision": 0.6842105263157895,
        "recall": 0.6594202898550725,
        "f1-score": 0.6715867158671587,
        "support": 690.0
    },
    "1": {
        "precision": 0.6713286713286714,
        "recall": 0.6956521739130435,
        "f1-score": 0.6832740213523132,
        "support": 690.0
    },
    "accuracy": 0.677536231884058,
    "macro avg": {
        "precision": 0.6777695988222304,
        "recall": 0.677536231884058,
        "f1-score": 0.6774303686097359,
        "support": 1380.0
    },
    "weighted avg": {
        "precision": 0.6777695988222304,
        "recall": 0.677536231884058,
        "f1-score": 0.6774303686097359,
        "support": 1380.0
    },
    "model": "LogisticRegression"
}