{
    "0": {
        "precision": 0.6878787878787879,
        "recall": 0.6579710144927536,
        "f1-score": 0.6725925925925926,
        "support": 690.0
    },
    "1": {
        "precision": 0.6722222222222223,
        "recall": 0.7014492753623188,
        "f1-score": 0.6865248226950355,
        "support": 690.0
    },
    "accuracy": 0.6797101449275362,
    "macro avg": {
        "precision": 0.680050505050505,
        "recall": 0.6797101449275362,
        "f1-score": 0.6795587076438141,
        "support": 1380.0
    },
    "weighted avg": {
        "precision": 0.680050505050505,
        "recall": 0.6797101449275362,
        "f1-score": 0.6795587076438141,
        "support": 1380.0
    },
    "model": "LogisticRegression"
}