{
    "0": {
        "precision": 0.6757990867579908,
        "recall": 0.6434782608695652,
        "f1-score": 0.6592427616926503,
        "support": 690.0
    },
    "1": {
        "precision": 0.6597510373443983,
        "recall": 0.691304347826087,
        "f1-score": 0.6751592356687898,
        "support": 690.0
    },
    "accuracy": 0.6673913043478261,
    "macro avg": {
        "precision": 0.6677750620511946,
        "recall": 0.6673913043478261,
        "f1-score": 0.66720099868072,
        "support": 1380.0
    },
    "weighted avg": {
        "precision": 0.6677750620511945,
        "recall": 0.6673913043478261,
        "f1-score": 0.66720099868072,
        "support": 1380.0
    },
    "model": "LogisticRegression"
}