{
    "0": {
        "precision": 0.6994134897360704,
        "recall": 0.691304347826087,
        "f1-score": 0.6953352769679301,
        "support": 690.0
    },
    "1": {
        "precision": 0.6948424068767909,
        "recall": 0.7028985507246377,
        "f1-score": 0.6988472622478387,
        "support": 690.0
    },
    "accuracy": 0.6971014492753623,
    "macro avg": {
        "precision": 0.6971279483064307,
        "recall": 0.6971014492753623,
        "f1-score": 0.6970912696078844,
        "support": 1380.0
    },
    "weighted avg": {
        "precision": 0.6971279483064307,
        "recall": 0.6971014492753623,
        "f1-score": 0.6970912696078844,
        "support": 1380.0
    },
    "model": "LogisticRegression"
}