{
    "0": {
        "precision": 0.6894502228826151,
        "recall": 0.672463768115942,
        "f1-score": 0.6808510638297872,
        "support": 690.0
    },
    "1": {
        "precision": 0.6803394625176803,
        "recall": 0.6971014492753623,
        "f1-score": 0.6886184681460272,
        "support": 690.0
    },
    "accuracy": 0.6847826086956522,
    "macro avg": {
        "precision": 0.6848948427001478,
        "recall": 0.6847826086956521,
        "f1-score": 0.6847347659879073,
        "support": 1380.0
    },
    "weighted avg": {
        "precision": 0.6848948427001478,
        "recall": 0.6847826086956522,
        "f1-score": 0.6847347659879072,
        "support": 1380.0
    },
    "model": "LogisticRegression"
}