{
    "0": {
        "precision": 0.7431906614785992,
        "recall": 0.7599469496021221,
        "f1-score": 0.7514754098360655,
        "support": 754.0
    },
    "1": {
        "precision": 0.5527065527065527,
        "recall": 0.5978428351309707,
        "f1-score": 0.5743893412287194,
        "support": 649.0
    },
    "2": {
        "precision": 0.6430155210643016,
        "recall": 0.7360406091370558,
        "f1-score": 0.6863905325443787,
        "support": 394.0
    },
    "3": {
        "precision": 0.5813953488372093,
        "recall": 0.5681818181818182,
        "f1-score": 0.5747126436781609,
        "support": 44.0
    },
    "4": {
        "precision": 0.6066666666666667,
        "recall": 0.5833333333333334,
        "f1-score": 0.5947712418300654,
        "support": 156.0
    },
    "5": {
        "precision": 0.592896174863388,
        "recall": 0.6061452513966481,
        "f1-score": 0.5994475138121547,
        "support": 358.0
    },
    "6": {
        "precision": 0.6851691240242844,
        "recall": 0.7136404697380307,
        "f1-score": 0.6991150442477876,
        "support": 1107.0
    },
    "7": {
        "precision": 0.6848214285714286,
        "recall": 0.7410628019323672,
        "f1-score": 0.7118329466357308,
        "support": 1035.0
    },
    "8": {
        "precision": 0.2459016393442623,
        "recall": 0.11928429423459244,
        "f1-score": 0.1606425702811245,
        "support": 503.0
    },
    "accuracy": 0.6402,
    "macro avg": {
        "precision": 0.5928625686174103,
        "recall": 0.6028309291874376,
        "f1-score": 0.5947530271215764,
        "support": 5000.0
    },
    "weighted avg": {
        "precision": 0.6191719152334314,
        "recall": 0.6402,
        "f1-score": 0.6267947115780171,
        "support": 5000.0
    },
    "roc_auc": {
        "0": 0.9503121052611851,
        "1": 0.8920330377622487,
        "2": 0.9660688662547856,
        "3": 0.9708388363049381,
        "4": 0.960745781193758,
        "5": 0.9412222385361733,
        "6": 0.9161197999513173,
        "7": 0.9284042131939494,
        "8": 0.6823577105302364
    },
    "model": "LogisticRegression",
    "params": {
        "max_iter": 1500,
        "random_state": 42,
        "penalty": "l2",
        "solver": "lbfgs",
        "C": 0.7
    },
    "mode": "training"
}