{
    "0": {
        "precision": 0.7708277881288262,
        "recall": 0.801328168234643,
        "f1-score": 0.7857821191154525,
        "support": 3614.0
    },
    "1": {
        "precision": 0.6243063263041065,
        "recall": 0.6702412868632708,
        "f1-score": 0.646458842120385,
        "support": 3357.0
    },
    "2": {
        "precision": 0.7167325428194994,
        "recall": 0.7775131014768938,
        "f1-score": 0.7458866544789763,
        "support": 2099.0
    },
    "3": {
        "precision": 0.9198113207547169,
        "recall": 0.9558823529411765,
        "f1-score": 0.9375,
        "support": 204.0
    },
    "4": {
        "precision": 0.6868686868686869,
        "recall": 0.675177304964539,
        "f1-score": 0.6809728183118741,
        "support": 705.0
    },
    "5": {
        "precision": 0.6379027853631896,
        "recall": 0.6751445086705202,
        "f1-score": 0.6559955068800899,
        "support": 1730.0
    },
    "6": {
        "precision": 0.7047163362952836,
        "recall": 0.7625739644970414,
        "f1-score": 0.7325044404973357,
        "support": 5408.0
    },
    "7": {
        "precision": 0.7429444544310624,
        "recall": 0.7767336966735576,
        "f1-score": 0.7594634325615582,
        "support": 5321.0
    },
    "8": {
        "precision": 0.36416184971098264,
        "recall": 0.1721311475409836,
        "f1-score": 0.23376623376623376,
        "support": 2562.0
    },
    "accuracy": 0.6926,
    "macro avg": {
        "precision": 0.685363565630706,
        "recall": 0.696302836873625,
        "f1-score": 0.6864811164146563,
        "support": 25000.0
    },
    "weighted avg": {
        "precision": 0.6743496548442164,
        "recall": 0.6926,
        "f1-score": 0.6793280437129564,
        "support": 25000.0
    },
    "roc_auc": null,
    "model": "LogisticRegression",
    "params": {
        "max_iter": 1500,
        "random_state": 42,
        "penalty": "l2",
        "solver": "lbfgs",
        "C": 0.7
    },
    "mode": "training"
}