{
    "0": {
        "precision": 0.9790136411332634,
        "recall": 0.9821052631578947,
        "f1-score": 0.9805570152390962,
        "support": 1900.0
    },
    "1": {
        "precision": 0.9952481520591341,
        "recall": 0.9921052631578947,
        "f1-score": 0.9936742224565103,
        "support": 1900.0
    },
    "2": {
        "precision": 0.9683042789223455,
        "recall": 0.9647368421052631,
        "f1-score": 0.9665172686527814,
        "support": 1900.0
    },
    "3": {
        "precision": 0.9669638175144205,
        "recall": 0.9705263157894737,
        "f1-score": 0.9687417914368269,
        "support": 1900.0
    },
    "accuracy": 0.9773684210526316,
    "macro avg": {
        "precision": 0.9773824724072908,
        "recall": 0.9773684210526316,
        "f1-score": 0.9773725744463037,
        "support": 7600.0
    },
    "weighted avg": {
        "precision": 0.9773824724072909,
        "recall": 0.9773684210526316,
        "f1-score": 0.9773725744463037,
        "support": 7600.0
    },
    "roc_auc": {
        "0": 0.9971743305632502,
        "1": 0.99988891966759,
        "2": 0.9962466297322253,
        "3": 0.9964456140350877
    },
    "model": "LogisticRegression",
    "params": {
        "max_iter": 4000,
        "random_state": 42,
        "C": 0.9,
        "grid_search": false,
        "tol": 1e-05,
        "normalize": true
    },
    "mode": "training"
}