{
    "0": {
        "precision": 0.9790136411332634,
        "recall": 0.9821052631578947,
        "f1-score": 0.9805570152390962,
        "support": 1900.0
    },
    "1": {
        "precision": 0.9952481520591341,
        "recall": 0.9921052631578947,
        "f1-score": 0.9936742224565103,
        "support": 1900.0
    },
    "2": {
        "precision": 0.9683042789223455,
        "recall": 0.9647368421052631,
        "f1-score": 0.9665172686527814,
        "support": 1900.0
    },
    "3": {
        "precision": 0.9669638175144205,
        "recall": 0.9705263157894737,
        "f1-score": 0.9687417914368269,
        "support": 1900.0
    },
    "accuracy": 0.9773684210526316,
    "macro avg": {
        "precision": 0.9773824724072908,
        "recall": 0.9773684210526316,
        "f1-score": 0.9773725744463037,
        "support": 7600.0
    },
    "weighted avg": {
        "precision": 0.9773824724072909,
        "recall": 0.9773684210526316,
        "f1-score": 0.9773725744463037,
        "support": 7600.0
    },
    "model": "LogisticRegression"
}