{
    "0": {
        "precision": 0.7291775798847564,
        "recall": 0.7326315789473684,
        "f1-score": 0.7309004988185875,
        "support": 1900.0
    },
    "1": {
        "precision": 0.7578288100208769,
        "recall": 0.7642105263157895,
        "f1-score": 0.7610062893081762,
        "support": 1900.0
    },
    "2": {
        "precision": 0.656183368869936,
        "recall": 0.6478947368421053,
        "f1-score": 0.6520127118644068,
        "support": 1900.0
    },
    "3": {
        "precision": 0.6829910479199579,
        "recall": 0.6826315789473684,
        "f1-score": 0.6828112661226639,
        "support": 1900.0
    },
    "accuracy": 0.7068421052631579,
    "macro avg": {
        "precision": 0.7065452016738818,
        "recall": 0.7068421052631578,
        "f1-score": 0.7066826915284586,
        "support": 7600.0
    },
    "weighted avg": {
        "precision": 0.7065452016738818,
        "recall": 0.7068421052631579,
        "f1-score": 0.7066826915284586,
        "support": 7600.0
    },
    "roc_auc": {
        "0": 0.9087452446906741,
        "1": 0.936004247460757,
        "2": 0.8695859649122809,
        "3": 0.8874013850415511
    },
    "model": "LogisticRegression",
    "params": {
        "max_iter": 200,
        "random_state": 42,
        "C": 0.9
    },
    "mode": "training"
}