{
    "0": {
        "precision": 0.9961089494163424,
        "recall": 0.9516728624535316,
        "f1-score": 0.973384030418251,
        "support": 4573.0
    },
    "1": {
        "precision": 0.9614243323442137,
        "recall": 0.9969230769230769,
        "f1-score": 0.9788519637462235,
        "support": 5525.0
    },
    "accuracy": 0.9764309764309764,
    "macro avg": {
        "precision": 0.978766640880278,
        "recall": 0.9742979696883043,
        "f1-score": 0.9761179970822372,
        "support": 10098.0
    },
    "weighted avg": {
        "precision": 0.977131675765767,
        "recall": 0.9764309764309764,
        "f1-score": 0.976375744781199,
        "support": 10098.0
    },
    "roc_auc": null,
    "model": "SVM",
    "params": {
        "max_iter": 1000,
        "random_state": 42,
        "C": 0.9,
        "grid_search": false,
        "tol": 0.001,
        "normalize": false
    },
    "mode": "training"
}