{
    "0": {
        "precision": 0.9843014128728415,
        "recall": 0.908695652173913,
        "f1-score": 0.9449886963074604,
        "support": 690.0
    },
    "1": {
        "precision": 0.9152086137281292,
        "recall": 0.9855072463768116,
        "f1-score": 0.9490579204466155,
        "support": 690.0
    },
    "accuracy": 0.9471014492753623,
    "macro avg": {
        "precision": 0.9497550133004853,
        "recall": 0.9471014492753623,
        "f1-score": 0.947023308377038,
        "support": 1380.0
    },
    "weighted avg": {
        "precision": 0.9497550133004853,
        "recall": 0.9471014492753623,
        "f1-score": 0.947023308377038,
        "support": 1380.0
    },
    "roc_auc": null,
    "model": "SVM",
    "params": {
        "max_iter": 1000,
        "random_state": 42,
        "C": 0.9,
        "grid_search": false,
        "tol": 0.001,
        "normalize": false
    },
    "mode": "training"
}