{
    "0": {
        "precision": 0.9003252788104089,
        "recall": 0.8473649682921496,
        "f1-score": 0.8730426946040329,
        "support": 4573.0
    },
    "1": {
        "precision": 0.8795305488436314,
        "recall": 0.9223529411764706,
        "f1-score": 0.9004329004329005,
        "support": 5525.0
    },
    "accuracy": 0.8883937413349178,
    "macro avg": {
        "precision": 0.8899279138270202,
        "recall": 0.8848589547343101,
        "f1-score": 0.8867377975184667,
        "support": 10098.0
    },
    "weighted avg": {
        "precision": 0.8889476908656231,
        "recall": 0.8883937413349178,
        "f1-score": 0.8880289183319486,
        "support": 10098.0
    },
    "roc_auc": null,
    "model": "LogisticRegression",
    "params": {
        "max_iter": 1500,
        "random_state": 42,
        "penalty": "l2",
        "solver": "lbfgs",
        "C": 0.7
    },
    "mode": "training"
}