{
    "0": {
        "precision": 0.6981132075471698,
        "recall": 0.6870026525198939,
        "f1-score": 0.6925133689839572,
        "support": 754.0
    },
    "1": {
        "precision": 0.49558823529411766,
        "recall": 0.5192604006163328,
        "f1-score": 0.5071482317531979,
        "support": 649.0
    },
    "2": {
        "precision": 0.5761589403973509,
        "recall": 0.6624365482233503,
        "f1-score": 0.6162927981109799,
        "support": 394.0
    },
    "3": {
        "precision": 0.4878048780487805,
        "recall": 0.45454545454545453,
        "f1-score": 0.47058823529411764,
        "support": 44.0
    },
    "4": {
        "precision": 0.4966887417218543,
        "recall": 0.4807692307692308,
        "f1-score": 0.48859934853420195,
        "support": 156.0
    },
    "5": {
        "precision": 0.5211640211640212,
        "recall": 0.5502793296089385,
        "f1-score": 0.5353260869565217,
        "support": 358.0
    },
    "6": {
        "precision": 0.6568627450980392,
        "recall": 0.6657633242999097,
        "f1-score": 0.661283086585913,
        "support": 1107.0
    },
    "7": {
        "precision": 0.6502636203866432,
        "recall": 0.714975845410628,
        "f1-score": 0.6810860561435803,
        "support": 1035.0
    },
    "8": {
        "precision": 0.21694915254237288,
        "recall": 0.1272365805168986,
        "f1-score": 0.16040100250626566,
        "support": 503.0
    },
    "accuracy": 0.5898,
    "macro avg": {
        "precision": 0.5332881713555945,
        "recall": 0.5402521518345152,
        "f1-score": 0.5348042460965261,
        "support": 5000.0
    },
    "weighted avg": {
        "precision": 0.5739679306569997,
        "recall": 0.5898,
        "f1-score": 0.580066782830406,
        "support": 5000.0
    },
    "roc_auc": {
        "0": 0.9289582581078026,
        "1": 0.8655863961988797,
        "2": 0.9535564955002414,
        "3": 0.9566090688972045,
        "4": 0.9406971881682864,
        "5": 0.9255173193985448,
        "6": 0.9010411989555293,
        "7": 0.91588378992513,
        "8": 0.6558620259762308
    },
    "model": "LogisticRegression",
    "params": {
        "max_iter": 1500,
        "random_state": 42,
        "penalty": "l2",
        "solver": "lbfgs",
        "C": 0.7
    },
    "mode": "training"
}