{
    "0": {
        "precision": 0.771953166577967,
        "recall": 0.8027116768123962,
        "f1-score": 0.7870320130222463,
        "support": 3614.0
    },
    "1": {
        "precision": 0.6380735252208607,
        "recall": 0.6669645516830504,
        "f1-score": 0.652199242644917,
        "support": 3357.0
    },
    "2": {
        "precision": 0.7430493273542601,
        "recall": 0.7894235350166746,
        "f1-score": 0.7655347655347655,
        "support": 2099.0
    },
    "3": {
        "precision": 0.9951219512195122,
        "recall": 1.0,
        "f1-score": 0.9975550122249389,
        "support": 204.0
    },
    "4": {
        "precision": 0.75,
        "recall": 0.7531914893617021,
        "f1-score": 0.7515923566878981,
        "support": 705.0
    },
    "5": {
        "precision": 0.6717514124293785,
        "recall": 0.6872832369942197,
        "f1-score": 0.6794285714285714,
        "support": 1730.0
    },
    "6": {
        "precision": 0.7009668508287292,
        "recall": 0.7507396449704142,
        "f1-score": 0.725,
        "support": 5408.0
    },
    "7": {
        "precision": 0.7394090423638305,
        "recall": 0.7806803232475099,
        "f1-score": 0.7594844135661395,
        "support": 5321.0
    },
    "8": {
        "precision": 0.4226950354609929,
        "recall": 0.23263075722092116,
        "f1-score": 0.3001007049345418,
        "support": 2562.0
    },
    "accuracy": 0.70124,
    "macro avg": {
        "precision": 0.7147800346061702,
        "recall": 0.7181805794785431,
        "f1-score": 0.7131030088937798,
        "support": 25000.0
    },
    "weighted avg": {
        "precision": 0.6877426340959267,
        "recall": 0.70124,
        "f1-score": 0.6912113543454746,
        "support": 25000.0
    },
    "roc_auc": null,
    "model": "LogisticRegression",
    "params": {
        "max_iter": 1500,
        "random_state": 42,
        "penalty": "l2",
        "solver": "lbfgs",
        "C": 0.7
    },
    "mode": "training"
}