{
    "0": {
        "precision": 0.6456456456456456,
        "recall": 0.6116642958748222,
        "f1-score": 0.6281957633308984,
        "support": 703.0
    },
    "1": {
        "precision": 0.513681592039801,
        "recall": 0.5858156028368794,
        "f1-score": 0.5473823724320742,
        "support": 705.0
    },
    "2": {
        "precision": 0.5661914460285132,
        "recall": 0.6603325415676959,
        "f1-score": 0.6096491228070176,
        "support": 421.0
    },
    "3": {
        "precision": 0.5384615384615384,
        "recall": 0.35,
        "f1-score": 0.42424242424242425,
        "support": 40.0
    },
    "4": {
        "precision": 0.6428571428571429,
        "recall": 0.3082191780821918,
        "f1-score": 0.4166666666666667,
        "support": 146.0
    },
    "5": {
        "precision": 0.565359477124183,
        "recall": 0.49855907780979825,
        "f1-score": 0.5298621745788668,
        "support": 347.0
    },
    "6": {
        "precision": 0.6275303643724697,
        "recall": 0.7097069597069597,
        "f1-score": 0.6660936828534594,
        "support": 1092.0
    },
    "7": {
        "precision": 0.6512396694214876,
        "recall": 0.7511916110581506,
        "f1-score": 0.6976538291279327,
        "support": 1049.0
    },
    "8": {
        "precision": 0.21875,
        "recall": 0.08450704225352113,
        "f1-score": 0.12191582002902758,
        "support": 497.0
    },
    "accuracy": 0.5916,
    "macro avg": {
        "precision": 0.5521907639945314,
        "recall": 0.5066662565766687,
        "f1-score": 0.5157402062298186,
        "support": 5000.0
    },
    "weighted avg": {
        "precision": 0.5686217348261051,
        "recall": 0.5916,
        "f1-score": 0.5731318021510983,
        "support": 5000.0
    },
    "roc_auc": {
        "0": 0.8986576694647197,
        "1": 0.8751145567582295,
        "2": 0.9434151260608821,
        "3": 0.9527721774193548,
        "4": 0.9299800757460306,
        "5": 0.9212295869356388,
        "6": 0.8861694429759936,
        "7": 0.9068288632989585,
        "8": 0.627587867868995
    },
    "model": "XGBClassifier",
    "params": {
        "learning_rate": 0.1,
        "max_depth": 3,
        "n_estimators": 500,
        "num_class": 9,
        "eval_metric": "mlogloss",
        "objective": "multi:softmax"
    },
    "mode": "training"
}