{
    "0": {
        "precision": 0.6423135464231354,
        "recall": 0.6002844950213371,
        "f1-score": 0.6205882352941177,
        "support": 703.0
    },
    "1": {
        "precision": 0.5178791615289766,
        "recall": 0.5957446808510638,
        "f1-score": 0.554089709762533,
        "support": 705.0
    },
    "2": {
        "precision": 0.5803757828810021,
        "recall": 0.6603325415676959,
        "f1-score": 0.6177777777777778,
        "support": 421.0
    },
    "3": {
        "precision": 0.6,
        "recall": 0.375,
        "f1-score": 0.46153846153846156,
        "support": 40.0
    },
    "4": {
        "precision": 0.5970149253731343,
        "recall": 0.273972602739726,
        "f1-score": 0.3755868544600939,
        "support": 146.0
    },
    "5": {
        "precision": 0.5566666666666666,
        "recall": 0.4812680115273775,
        "f1-score": 0.5162287480680062,
        "support": 347.0
    },
    "6": {
        "precision": 0.6293034427542034,
        "recall": 0.7197802197802198,
        "f1-score": 0.671507902605724,
        "support": 1092.0
    },
    "7": {
        "precision": 0.6555740432612313,
        "recall": 0.7511916110581506,
        "f1-score": 0.7001332741003998,
        "support": 1049.0
    },
    "8": {
        "precision": 0.18571428571428572,
        "recall": 0.07847082494969819,
        "f1-score": 0.11032531824611033,
        "support": 497.0
    },
    "accuracy": 0.591,
    "macro avg": {
        "precision": 0.5516490949558484,
        "recall": 0.5040049986105855,
        "f1-score": 0.5141973646503583,
        "support": 5000.0
    },
    "weighted avg": {
        "precision": 0.5665026959825454,
        "recall": 0.591,
        "f1-score": 0.5723955862752383,
        "support": 5000.0
    },
    "roc_auc": {
        "0": 0.8989198524492427,
        "1": 0.8784108191117826,
        "2": 0.9426987502068465,
        "3": 0.9507308467741935,
        "4": 0.9304965259551506,
        "5": 0.9211664130420646,
        "6": 0.8894490872484732,
        "7": 0.9105085920254288,
        "8": 0.6240217230542929
    },
    "model": "XGBClassifier",
    "params": {
        "learning_rate": 0.1,
        "max_depth": 5,
        "n_estimators": 300,
        "num_class": 9,
        "eval_metric": "mlogloss",
        "objective": "multi:softmax"
    },
    "mode": "training"
}