{
    "0": {
        "precision": 0.787825577992391,
        "recall": 0.7448810182623132,
        "f1-score": 0.7657516711705306,
        "support": 3614.0
    },
    "1": {
        "precision": 0.6568016614745587,
        "recall": 0.7536490914507,
        "f1-score": 0.7019004022749341,
        "support": 3357.0
    },
    "2": {
        "precision": 0.7269723254853366,
        "recall": 0.8384945212005717,
        "f1-score": 0.7787610619469026,
        "support": 2099.0
    },
    "3": {
        "precision": 0.9532163742690059,
        "recall": 0.7990196078431373,
        "f1-score": 0.8693333333333333,
        "support": 204.0
    },
    "4": {
        "precision": 0.8990654205607477,
        "recall": 0.6822695035460993,
        "f1-score": 0.7758064516129032,
        "support": 705.0
    },
    "5": {
        "precision": 0.7809890815671162,
        "recall": 0.7028901734104046,
        "f1-score": 0.7398843930635838,
        "support": 1730.0
    },
    "6": {
        "precision": 0.7063815896850009,
        "recall": 0.8002958579881657,
        "f1-score": 0.7504117902037278,
        "support": 5408.0
    },
    "7": {
        "precision": 0.7464377682403434,
        "recall": 0.8171396354068784,
        "f1-score": 0.7801902027633232,
        "support": 5321.0
    },
    "8": {
        "precision": 0.7570776255707763,
        "recall": 0.3235753317720531,
        "f1-score": 0.45337708504238444,
        "support": 2562.0
    },
    "accuracy": 0.73388,
    "macro avg": {
        "precision": 0.7794186027605863,
        "recall": 0.7180238600978137,
        "f1-score": 0.7350462657124025,
        "support": 25000.0
    },
    "weighted avg": {
        "precision": 0.7395579191648525,
        "recall": 0.73388,
        "f1-score": 0.7253513731865955,
        "support": 25000.0
    },
    "roc_auc": null,
    "model": "XGBClassifier",
    "params": {
        "learning_rate": 0.1,
        "max_depth": 3,
        "n_estimators": 500,
        "num_class": 9,
        "eval_metric": "mlogloss",
        "objective": "multi:softmax"
    },
    "mode": "training"
}