{
    "0": {
        "precision": 0.829155862863728,
        "recall": 0.7963475373547316,
        "f1-score": 0.8124206069160198,
        "support": 3614.0
    },
    "1": {
        "precision": 0.722296753420982,
        "recall": 0.8019064641048556,
        "f1-score": 0.7600225861095427,
        "support": 3357.0
    },
    "2": {
        "precision": 0.779467680608365,
        "recall": 0.8789899952358265,
        "f1-score": 0.8262427227944469,
        "support": 2099.0
    },
    "3": {
        "precision": 0.9726775956284153,
        "recall": 0.8725490196078431,
        "f1-score": 0.9198966408268734,
        "support": 204.0
    },
    "4": {
        "precision": 0.9483985765124555,
        "recall": 0.7560283687943262,
        "f1-score": 0.8413575374901342,
        "support": 705.0
    },
    "5": {
        "precision": 0.8606770833333334,
        "recall": 0.7641618497109827,
        "f1-score": 0.8095529699938763,
        "support": 1730.0
    },
    "6": {
        "precision": 0.7486079266295447,
        "recall": 0.8452292899408284,
        "f1-score": 0.7939899253083204,
        "support": 5408.0
    },
    "7": {
        "precision": 0.7924791086350975,
        "recall": 0.8554782935538433,
        "f1-score": 0.8227745142340714,
        "support": 5321.0
    },
    "8": {
        "precision": 0.8519938650306749,
        "recall": 0.4336455893832943,
        "f1-score": 0.5747542679772375,
        "support": 2562.0
    },
    "accuracy": 0.78728,
    "macro avg": {
        "precision": 0.8339727169625107,
        "recall": 0.7782596008540591,
        "f1-score": 0.7956679746278357,
        "support": 25000.0
    },
    "weighted avg": {
        "precision": 0.794460080712215,
        "recall": 0.78728,
        "f1-score": 0.7819004451089192,
        "support": 25000.0
    },
    "roc_auc": null,
    "model": "XGBClassifier",
    "params": {
        "learning_rate": 0.1,
        "max_depth": 5,
        "n_estimators": 300,
        "num_class": 9,
        "eval_metric": "mlogloss",
        "objective": "multi:softmax"
    },
    "mode": "training"
}