{
    "0": {
        "precision": 0.5942835581548911,
        "recall": 0.63,
        "f1-score": 0.6116207951070336,
        "support": 10000.0
    },
    "1": {
        "precision": 0.3904210951163729,
        "recall": 0.2902,
        "f1-score": 0.3329317960190443,
        "support": 10000.0
    },
    "2": {
        "precision": 0.48554344535270966,
        "recall": 0.6415,
        "f1-score": 0.5527313458555919,
        "support": 10000.0
    },
    "3": {
        "precision": 0.5301369863013699,
        "recall": 0.5805,
        "f1-score": 0.5541766109785203,
        "support": 10000.0
    },
    "4": {
        "precision": 0.7289488167308751,
        "recall": 0.6468864468864469,
        "f1-score": 0.6854703066373399,
        "support": 8190.0
    },
    "5": {
        "precision": 0.19068255687973998,
        "recall": 0.0352,
        "f1-score": 0.059429343238223874,
        "support": 10000.0
    },
    "6": {
        "precision": 0.5805111821086262,
        "recall": 0.5451,
        "f1-score": 0.5622485817431666,
        "support": 10000.0
    },
    "7": {
        "precision": 0.6023174626754809,
        "recall": 0.8109,
        "f1-score": 0.6912159570387418,
        "support": 10000.0
    },
    "8": {
        "precision": 0.5232052470235974,
        "recall": 0.7339,
        "f1-score": 0.6108960752486786,
        "support": 10000.0
    },
    "accuracy": 0.5439505612881279,
    "macro avg": {
        "precision": 0.5140055944826292,
        "recall": 0.5460207163207164,
        "f1-score": 0.517857867985149,
        "support": 88190.0
    },
    "weighted avg": {
        "precision": 0.5095941279640973,
        "recall": 0.5439505612881279,
        "f1-score": 0.514417812264994,
        "support": 88190.0
    },
    "roc_auc": null,
    "model": "LogisticRegression",
    "params": {
        "max_iter": 1500,
        "C": 0.7
    },
    "mode": "training"
}