{
    "0": {
        "precision": 0.6038679245283018,
        "recall": 0.6401,
        "f1-score": 0.6214563106796116,
        "support": 10000.0
    },
    "1": {
        "precision": 0.4027777777777778,
        "recall": 0.3248,
        "f1-score": 0.3596102745792737,
        "support": 10000.0
    },
    "2": {
        "precision": 0.4967909535452323,
        "recall": 0.6502,
        "f1-score": 0.5632363132363133,
        "support": 10000.0
    },
    "3": {
        "precision": 0.5420094278583972,
        "recall": 0.5864,
        "f1-score": 0.5633315721216197,
        "support": 10000.0
    },
    "4": {
        "precision": 0.7463355048859935,
        "recall": 0.6714285714285714,
        "f1-score": 0.7069032009255688,
        "support": 8190.0
    },
    "5": {
        "precision": 0.2051948051948052,
        "recall": 0.0395,
        "f1-score": 0.06624737945492662,
        "support": 10000.0
    },
    "6": {
        "precision": 0.5905240037652966,
        "recall": 0.5646,
        "f1-score": 0.5772711006594755,
        "support": 10000.0
    },
    "7": {
        "precision": 0.6123141930129027,
        "recall": 0.8115,
        "f1-score": 0.697974454909044,
        "support": 10000.0
    },
    "8": {
        "precision": 0.5445529899348727,
        "recall": 0.7358,
        "f1-score": 0.625893160939095,
        "support": 10000.0
    },
    "accuracy": 0.5559360471708811,
    "macro avg": {
        "precision": 0.5271519533892867,
        "recall": 0.5582587301587302,
        "f1-score": 0.5313248630561032,
        "support": 88190.0
    },
    "weighted avg": {
        "precision": 0.5226534589090843,
        "recall": 0.5559360471708811,
        "f1-score": 0.5277213162645878,
        "support": 88190.0
    },
    "roc_auc": null,
    "model": "LogisticRegression",
    "params": {
        "max_iter": 3500,
        "C": 1
    },
    "mode": "training"
}