{
    "0": {
        "precision": 0.6075367647058824,
        "recall": 0.661,
        "f1-score": 0.6331417624521073,
        "support": 2000.0
    },
    "1": {
        "precision": 0.4382183908045977,
        "recall": 0.305,
        "f1-score": 0.3596698113207547,
        "support": 2000.0
    },
    "2": {
        "precision": 0.5175958877026493,
        "recall": 0.6545,
        "f1-score": 0.5780525502318392,
        "support": 2000.0
    },
    "3": {
        "precision": 0.5592505854800937,
        "recall": 0.597,
        "f1-score": 0.577509068923821,
        "support": 2000.0
    },
    "4": {
        "precision": 0.4533898305084746,
        "recall": 0.6948051948051948,
        "f1-score": 0.5487179487179488,
        "support": 462.0
    },
    "5": {
        "precision": 0.2023121387283237,
        "recall": 0.035,
        "f1-score": 0.059676044330775786,
        "support": 2000.0
    },
    "6": {
        "precision": 0.6107162383816293,
        "recall": 0.5585,
        "f1-score": 0.5834421519979107,
        "support": 2000.0
    },
    "7": {
        "precision": 0.6443914081145584,
        "recall": 0.81,
        "f1-score": 0.717766947275144,
        "support": 2000.0
    },
    "8": {
        "precision": 0.4867659222497932,
        "recall": 0.7425867507886436,
        "f1-score": 0.5880589557831626,
        "support": 1585.0
    },
    "accuracy": 0.5446500903595688,
    "macro avg": {
        "precision": 0.5022419074084447,
        "recall": 0.5620435495104266,
        "f1-score": 0.5162261378926072,
        "support": 16047.0
    },
    "weighted avg": {
        "precision": 0.5073242921602983,
        "recall": 0.5446500903595688,
        "f1-score": 0.5112543036261425,
        "support": 16047.0
    },
    "roc_auc": {
        "0": 0.9243052787071973,
        "1": 0.8217247632946536,
        "2": 0.8952831387484872,
        "3": 0.8946009112265964,
        "4": 0.953007734432181,
        "5": 0.6337106677582403,
        "6": 0.9008137324695665,
        "7": 0.9565769915284403,
        "8": 0.9247715867582051
    },
    "model": "LogisticRegression",
    "params": {
        "max_iter": 3500,
        "C": 0.9,
        "tol": 5e-05
    },
    "mode": "training"
}