{
    "0": {
        "precision": 0.6006410860752334,
        "recall": 0.6371,
        "f1-score": 0.6183335759693308,
        "support": 10000.0
    },
    "1": {
        "precision": 0.39927872230808864,
        "recall": 0.31,
        "f1-score": 0.34902049088043235,
        "support": 10000.0
    },
    "2": {
        "precision": 0.4937809996184662,
        "recall": 0.6471,
        "f1-score": 0.5601384981605713,
        "support": 10000.0
    },
    "3": {
        "precision": 0.5385253456221198,
        "recall": 0.5843,
        "f1-score": 0.5604796163069544,
        "support": 10000.0
    },
    "4": {
        "precision": 0.7410994407311418,
        "recall": 0.6633699633699633,
        "f1-score": 0.7000837574898524,
        "support": 8190.0
    },
    "5": {
        "precision": 0.199679658302189,
        "recall": 0.0374,
        "f1-score": 0.06300008422471153,
        "support": 10000.0
    },
    "6": {
        "precision": 0.5818692171743425,
        "recall": 0.5597,
        "f1-score": 0.5705693460421021,
        "support": 10000.0
    },
    "7": {
        "precision": 0.6091454272863568,
        "recall": 0.8126,
        "f1-score": 0.6963153384747215,
        "support": 10000.0
    },
    "8": {
        "precision": 0.5369681045179184,
        "recall": 0.7357,
        "f1-score": 0.6208176870174255,
        "support": 10000.0
    },
    "accuracy": 0.5518993083116,
    "macro avg": {
        "precision": 0.5223320001817618,
        "recall": 0.554141107041107,
        "f1-score": 0.5265287105073447,
        "support": 88190.0
    },
    "weighted avg": {
        "precision": 0.5178420459080983,
        "recall": 0.5518993083116,
        "f1-score": 0.522966689472779,
        "support": 88190.0
    },
    "roc_auc": null,
    "model": "LogisticRegression",
    "params": {
        "max_iter": 3500,
        "C": 0.9,
        "tol": 0.0001
    },
    "mode": "training"
}