{
    "0": {
        "precision": 0.5827876520112254,
        "recall": 0.623,
        "f1-score": 0.6022232962783953,
        "support": 2000.0
    },
    "1": {
        "precision": 0.36124911284599004,
        "recall": 0.2545,
        "f1-score": 0.2986212965679085,
        "support": 2000.0
    },
    "2": {
        "precision": 0.4877755511022044,
        "recall": 0.6085,
        "f1-score": 0.5414905450500557,
        "support": 2000.0
    },
    "3": {
        "precision": 0.5145852324521422,
        "recall": 0.5645,
        "f1-score": 0.5383881735813066,
        "support": 2000.0
    },
    "4": {
        "precision": 0.35141800246609123,
        "recall": 0.6168831168831169,
        "f1-score": 0.44776119402985076,
        "support": 462.0
    },
    "5": {
        "precision": 0.1658653846153846,
        "recall": 0.0345,
        "f1-score": 0.057119205298013245,
        "support": 2000.0
    },
    "6": {
        "precision": 0.5642023346303502,
        "recall": 0.5075,
        "f1-score": 0.5343511450381679,
        "support": 2000.0
    },
    "7": {
        "precision": 0.6422360248447205,
        "recall": 0.7755,
        "f1-score": 0.7026047565118912,
        "support": 2000.0
    },
    "8": {
        "precision": 0.4641350210970464,
        "recall": 0.694006309148265,
        "f1-score": 0.5562579013906448,
        "support": 1585.0
    },
    "accuracy": 0.5060759020377641,
    "macro avg": {
        "precision": 0.4593615906739061,
        "recall": 0.5198766028923757,
        "f1-score": 0.475424168194026,
        "support": 16047.0
    },
    "weighted avg": {
        "precision": 0.4695838294124875,
        "recall": 0.5060759020377641,
        "f1-score": 0.4759849991897202,
        "support": 16047.0
    },
    "roc_auc": {
        "0": 0.9157824624474977,
        "1": 0.7897469032533637,
        "2": 0.8767045098597565,
        "3": 0.8803366555136327,
        "4": 0.9305145501488139,
        "5": 0.5996095785576991,
        "6": 0.865524916352246,
        "7": 0.9528365843240549,
        "8": 0.907094890689273
    },
    "model": "LogisticRegression",
    "params": {
        "max_iter": 3500,
        "C": 0.9,
        "tol": 0.0005
    },
    "mode": "training"
}