{
    "0": {
        "precision": 0.6019628196659432,
        "recall": 0.6379,
        "f1-score": 0.6194105937757926,
        "support": 10000.0
    },
    "1": {
        "precision": 0.39918792031468087,
        "recall": 0.3146,
        "f1-score": 0.35188188580057045,
        "support": 10000.0
    },
    "2": {
        "precision": 0.4944996180290298,
        "recall": 0.6473,
        "f1-score": 0.5606756171502815,
        "support": 10000.0
    },
    "3": {
        "precision": 0.5400793284752329,
        "recall": 0.5855,
        "f1-score": 0.5618732306511204,
        "support": 10000.0
    },
    "4": {
        "precision": 0.741238793806031,
        "recall": 0.6663003663003663,
        "f1-score": 0.7017746913580247,
        "support": 8190.0
    },
    "5": {
        "precision": 0.20671834625322996,
        "recall": 0.04,
        "f1-score": 0.06702974444909929,
        "support": 10000.0
    },
    "6": {
        "precision": 0.590625330652841,
        "recall": 0.5582,
        "f1-score": 0.5739550665775539,
        "support": 10000.0
    },
    "7": {
        "precision": 0.6099977482548975,
        "recall": 0.8127,
        "f1-score": 0.6969086309651417,
        "support": 10000.0
    },
    "8": {
        "precision": 0.537709700948213,
        "recall": 0.7372,
        "f1-score": 0.6218473218051455,
        "support": 10000.0
    },
    "accuracy": 0.5532486676493934,
    "macro avg": {
        "precision": 0.5246688451555666,
        "recall": 0.5555222629222629,
        "f1-score": 0.52837297583697,
        "support": 88190.0
    },
    "weighted avg": {
        "precision": 0.5202239919175878,
        "recall": 0.5532486676493934,
        "f1-score": 0.5248141017572205,
        "support": 88190.0
    },
    "roc_auc": null,
    "model": "LogisticRegression",
    "params": {
        "max_iter": 3500,
        "C": 0.9,
        "tol": 5e-05
    },
    "mode": "training"
}