{
    "0": {
        "precision": 0.6022727272727273,
        "recall": 0.636,
        "f1-score": 0.6186770428015564,
        "support": 2000.0
    },
    "1": {
        "precision": 0.40757238307349664,
        "recall": 0.2745,
        "f1-score": 0.3280549746041231,
        "support": 2000.0
    },
    "2": {
        "precision": 0.5088368269625976,
        "recall": 0.619,
        "f1-score": 0.5585382359575908,
        "support": 2000.0
    },
    "3": {
        "precision": 0.5382808830436825,
        "recall": 0.573,
        "f1-score": 0.5550980867038023,
        "support": 2000.0
    },
    "4": {
        "precision": 0.38545454545454544,
        "recall": 0.6883116883116883,
        "f1-score": 0.49417249417249415,
        "support": 462.0
    },
    "5": {
        "precision": 0.1840277777777778,
        "recall": 0.053,
        "f1-score": 0.08229813664596274,
        "support": 2000.0
    },
    "6": {
        "precision": 0.5559338521400778,
        "recall": 0.5715,
        "f1-score": 0.5636094674556213,
        "support": 2000.0
    },
    "7": {
        "precision": 0.6565440547476475,
        "recall": 0.7675,
        "f1-score": 0.7076994006454588,
        "support": 2000.0
    },
    "8": {
        "precision": 0.5073957866427611,
        "recall": 0.7141955835962145,
        "f1-score": 0.5932914046121593,
        "support": 1585.0
    },
    "accuracy": 0.5258926902224715,
    "macro avg": {
        "precision": 0.4829243152350349,
        "recall": 0.5441119191008781,
        "f1-score": 0.5001599159554188,
        "support": 16047.0
    },
    "weighted avg": {
        "precision": 0.49163328546549456,
        "recall": 0.5258926902224715,
        "f1-score": 0.49832524822373003,
        "support": 16047.0
    },
    "roc_auc": {
        "0": 0.9199622873211362,
        "1": 0.8101610130276928,
        "2": 0.8849560938278637,
        "3": 0.8878790489072399,
        "4": 0.9378724686713137,
        "5": 0.6085507759663985,
        "6": 0.8813274720580906,
        "7": 0.9560247383783015,
        "8": 0.9214901927252406
    },
    "model": "LogisticRegression",
    "params": {
        "max_iter": 3500,
        "C": 10,
        "tol": 0.001
    },
    "mode": "training"
}