{
    "0": {
        "precision": 0.0976268296148927,
        "recall": 0.3435,
        "f1-score": 0.15204160672789643,
        "support": 2000.0
    },
    "1": {
        "precision": 0.17050691244239632,
        "recall": 0.0185,
        "f1-score": 0.03337843933243121,
        "support": 2000.0
    },
    "2": {
        "precision": 0.0,
        "recall": 0.0,
        "f1-score": 0.0,
        "support": 2000.0
    },
    "3": {
        "precision": 0.29538021259198693,
        "recall": 0.7225,
        "f1-score": 0.4193267556587348,
        "support": 2000.0
    },
    "4": {
        "precision": 0.06028368794326241,
        "recall": 0.0367965367965368,
        "f1-score": 0.0456989247311828,
        "support": 462.0
    },
    "5": {
        "precision": 0.0,
        "recall": 0.0,
        "f1-score": 0.0,
        "support": 2000.0
    },
    "6": {
        "precision": 0.12367384055774477,
        "recall": 0.204,
        "f1-score": 0.1539913191168145,
        "support": 2000.0
    },
    "7": {
        "precision": 0.0,
        "recall": 0.0,
        "f1-score": 0.0,
        "support": 2000.0
    },
    "8": {
        "precision": 0.195906432748538,
        "recall": 0.04169259489732421,
        "f1-score": 0.06875320677270395,
        "support": 1607.0
    },
    "accuracy": 0.16559835708507065,
    "macro avg": {
        "precision": 0.10481976843320236,
        "recall": 0.15188768129931787,
        "f1-score": 0.09702113914886262,
        "support": 16069.0
    },
    "weighted avg": {
        "precision": 0.10685470730417133,
        "recall": 0.16559835708507065,
        "f1-score": 0.10262465294550349,
        "support": 16069.0
    },
    "roc_auc": {
        "0": 0.5722339363138816,
        "1": 0.5978626768071648,
        "2": 0.5640609318359514,
        "3": 0.7863595493638497,
        "4": 0.6549242389570447,
        "5": 0.5054773971142228,
        "6": 0.5741280119411472,
        "7": 0.6547636825645036,
        "8": 0.6455951080775859
    },
    "model": "LogisticRegression",
    "params": {
        "max_iter": 3500,
        "C": 1
    },
    "mode": "training"
}