{
    "0": {
        "precision": 0.46551724137931033,
        "recall": 0.432,
        "f1-score": 0.44813278008298757,
        "support": 2000.0
    },
    "1": {
        "precision": 0.3024054982817869,
        "recall": 0.088,
        "f1-score": 0.13632842757552285,
        "support": 2000.0
    },
    "2": {
        "precision": 0.43478260869565216,
        "recall": 0.4,
        "f1-score": 0.4166666666666667,
        "support": 2000.0
    },
    "3": {
        "precision": 0.4177886576907385,
        "recall": 0.512,
        "f1-score": 0.4601213210514491,
        "support": 2000.0
    },
    "4": {
        "precision": 0.6226415094339622,
        "recall": 0.14285714285714285,
        "f1-score": 0.2323943661971831,
        "support": 462.0
    },
    "5": {
        "precision": 0.15481832543443919,
        "recall": 0.098,
        "f1-score": 0.1200244947948561,
        "support": 2000.0
    },
    "6": {
        "precision": 0.3567567567567568,
        "recall": 0.264,
        "f1-score": 0.30344827586206896,
        "support": 2000.0
    },
    "7": {
        "precision": 0.5862953462806889,
        "recall": 0.8,
        "f1-score": 0.6766758299851977,
        "support": 2000.0
    },
    "8": {
        "precision": 0.24404602622424404,
        "recall": 0.5753943217665615,
        "f1-score": 0.342728297632469,
        "support": 1585.0
    },
    "accuracy": 0.38424627656259736,
    "macro avg": {
        "precision": 0.3983391077975088,
        "recall": 0.36802794051374493,
        "f1-score": 0.34850227331648903,
        "support": 16047.0
    },
    "weighted avg": {
        "precision": 0.38083144500297017,
        "recall": 0.38424627656259736,
        "f1-score": 0.3597797807046837,
        "support": 16047.0
    },
    "roc_auc": {
        "0": 0.8355998255855344,
        "1": 0.7058028582615505,
        "2": 0.7837565850359508,
        "3": 0.8214442229657578,
        "4": 0.785674564981591,
        "5": 0.5341989570726846,
        "6": 0.6983060795899481,
        "7": 0.9252022495906599,
        "8": 0.7875836468203193
    },
    "model": "LogisticRegression",
    "params": {
        "max_iter": 3500,
        "C": 10,
        "tol": 0.01
    },
    "mode": "training"
}