{
    "0": {
        "precision": 0.4560551287844555,
        "recall": 0.4037,
        "f1-score": 0.42828347124973476,
        "support": 10000.0
    },
    "1": {
        "precision": 0.24387161991407633,
        "recall": 0.0965,
        "f1-score": 0.13828186573045784,
        "support": 10000.0
    },
    "2": {
        "precision": 0.3887783525666534,
        "recall": 0.3908,
        "f1-score": 0.3897865549571115,
        "support": 10000.0
    },
    "3": {
        "precision": 0.4007069913589945,
        "recall": 0.5101,
        "f1-score": 0.44883413990321164,
        "support": 10000.0
    },
    "4": {
        "precision": 0.8504464285714286,
        "recall": 0.13956043956043956,
        "f1-score": 0.23977344241661422,
        "support": 8190.0
    },
    "5": {
        "precision": 0.16189111747851004,
        "recall": 0.113,
        "f1-score": 0.1330977620730271,
        "support": 10000.0
    },
    "6": {
        "precision": 0.3175361107795153,
        "recall": 0.266,
        "f1-score": 0.28949230015780597,
        "support": 10000.0
    },
    "7": {
        "precision": 0.5391944857413163,
        "recall": 0.7979,
        "f1-score": 0.6435196386805387,
        "support": 10000.0
    },
    "8": {
        "precision": 0.27919431279620854,
        "recall": 0.5891,
        "f1-score": 0.37884244372990356,
        "support": 10000.0
    },
    "accuracy": 0.3720830026080054,
    "macro avg": {
        "precision": 0.4041860608879065,
        "recall": 0.3674067155067155,
        "f1-score": 0.34332351321093396,
        "support": 88190.0
    },
    "weighted avg": {
        "precision": 0.39502707159765615,
        "recall": 0.3720830026080054,
        "f1-score": 0.3454487612905089,
        "support": 88190.0
    },
    "roc_auc": null,
    "model": "LogisticRegression",
    "params": {
        "max_iter": 3500,
        "C": 10,
        "tol": 0.01
    },
    "mode": "training"
}