{
    "0": {
        "precision": 0.5708471367723615,
        "recall": 0.6031,
        "f1-score": 0.5865305130075371,
        "support": 10000.0
    },
    "1": {
        "precision": 0.32425585813806207,
        "recall": 0.256,
        "f1-score": 0.28611343950824253,
        "support": 10000.0
    },
    "2": {
        "precision": 0.46806526806526805,
        "recall": 0.6024,
        "f1-score": 0.5268036729339747,
        "support": 10000.0
    },
    "3": {
        "precision": 0.5008092069771624,
        "recall": 0.557,
        "f1-score": 0.5274121768771897,
        "support": 10000.0
    },
    "4": {
        "precision": 0.6494013534617387,
        "recall": 0.6092796092796092,
        "f1-score": 0.6287010205367267,
        "support": 8190.0
    },
    "5": {
        "precision": 0.15327510917030568,
        "recall": 0.0351,
        "f1-score": 0.05711960943856794,
        "support": 10000.0
    },
    "6": {
        "precision": 0.5457851946940522,
        "recall": 0.5102,
        "f1-score": 0.5273930121976431,
        "support": 10000.0
    },
    "7": {
        "precision": 0.5990872524752475,
        "recall": 0.7745,
        "f1-score": 0.6755931612002791,
        "support": 10000.0
    },
    "8": {
        "precision": 0.5030397390272835,
        "recall": 0.6785,
        "f1-score": 0.5777418256130791,
        "support": 10000.0
    },
    "accuracy": 0.5120535208073478,
    "macro avg": {
        "precision": 0.47939623542016463,
        "recall": 0.5140088454755122,
        "f1-score": 0.4881564923681378,
        "support": 88190.0
    },
    "weighted avg": {
        "precision": 0.4759070726618558,
        "recall": 0.5120535208073478,
        "f1-score": 0.4852719748946698,
        "support": 88190.0
    },
    "roc_auc": null,
    "model": "LogisticRegression",
    "params": {
        "max_iter": 3500,
        "C": 0.9,
        "tol": 0.0005
    },
    "mode": "training"
}