{
    "0": {
        "precision": 0.5871446229913473,
        "recall": 0.6175,
        "f1-score": 0.6019398547545938,
        "support": 10000.0
    },
    "1": {
        "precision": 0.36595801577751036,
        "recall": 0.2737,
        "f1-score": 0.3131758109731678,
        "support": 10000.0
    },
    "2": {
        "precision": 0.48630355152094284,
        "recall": 0.6107,
        "f1-score": 0.5414487099920205,
        "support": 10000.0
    },
    "3": {
        "precision": 0.5260721707916116,
        "recall": 0.5569,
        "f1-score": 0.5410473137083455,
        "support": 10000.0
    },
    "4": {
        "precision": 0.6770820519129044,
        "recall": 0.6720390720390721,
        "f1-score": 0.6745511367118083,
        "support": 8190.0
    },
    "5": {
        "precision": 0.16843088418430885,
        "recall": 0.0541,
        "f1-score": 0.08189524674538298,
        "support": 10000.0
    },
    "6": {
        "precision": 0.5400153168677005,
        "recall": 0.5641,
        "f1-score": 0.5517949721216864,
        "support": 10000.0
    },
    "7": {
        "precision": 0.6199294532627866,
        "recall": 0.7733,
        "f1-score": 0.6881729999110082,
        "support": 10000.0
    },
    "8": {
        "precision": 0.5477363359136758,
        "recall": 0.7005,
        "f1-score": 0.6147702839089034,
        "support": 10000.0
    },
    "accuracy": 0.533076312507087,
    "macro avg": {
        "precision": 0.5020747114691988,
        "recall": 0.5358710080043413,
        "f1-score": 0.5120884809807685,
        "support": 88190.0
    },
    "weighted avg": {
        "precision": 0.4984828837540029,
        "recall": 0.533076312507087,
        "f1-score": 0.5087541187302506,
        "support": 88190.0
    },
    "roc_auc": null,
    "model": "LogisticRegression",
    "params": {
        "max_iter": 3500,
        "C": 10,
        "tol": 0.001
    },
    "mode": "training"
}