{
    "0": {
        "precision": 0.07635467980295567,
        "recall": 0.186,
        "f1-score": 0.10826542491268917,
        "support": 2000.0
    },
    "1": {
        "precision": 0.13513513513513514,
        "recall": 0.005,
        "f1-score": 0.009643201542912247,
        "support": 2000.0
    },
    "2": {
        "precision": 0.0,
        "recall": 0.0,
        "f1-score": 0.0,
        "support": 2000.0
    },
    "3": {
        "precision": 0.22846079380445306,
        "recall": 0.826,
        "f1-score": 0.35792438522370273,
        "support": 2000.0
    },
    "4": {
        "precision": 0.0664819944598338,
        "recall": 0.15584415584415584,
        "f1-score": 0.09320388349514563,
        "support": 462.0
    },
    "5": {
        "precision": 0.0,
        "recall": 0.0,
        "f1-score": 0.0,
        "support": 2000.0
    },
    "6": {
        "precision": 0.12896903175225402,
        "recall": 0.1645,
        "f1-score": 0.14458360799824213,
        "support": 2000.0
    },
    "7": {
        "precision": 0.0,
        "recall": 0.0,
        "f1-score": 0.0,
        "support": 2000.0
    },
    "8": {
        "precision": 0.2054263565891473,
        "recall": 0.03298070939639079,
        "f1-score": 0.056836461126005364,
        "support": 1607.0
    },
    "accuracy": 0.15483228576762711,
    "macro avg": {
        "precision": 0.09342533239375322,
        "recall": 0.1522583183600607,
        "f1-score": 0.08560632936652192,
        "support": 16069.0
    },
    "weighted avg": {
        "precision": 0.09326492734263482,
        "recall": 0.15483228576762711,
        "f1-score": 0.08558277593872304,
        "support": 16069.0
    },
    "roc_auc": {
        "0": 0.571980542327102,
        "1": 0.6053599047551355,
        "2": 0.5742992572322128,
        "3": 0.7850254460160636,
        "4": 0.6508548583899388,
        "5": 0.5079540834458738,
        "6": 0.5782709858554268,
        "7": 0.74989421778378,
        "8": 0.6632958532529986
    },
    "model": "LogisticRegression",
    "params": {
        "max_iter": 1500,
        "C": 0.7
    },
    "mode": "training"
}