{
    "0": {
        "precision": 0.6051541647491947,
        "recall": 0.6575,
        "f1-score": 0.630242032111191,
        "support": 2000.0
    },
    "1": {
        "precision": 0.4361393323657475,
        "recall": 0.3005,
        "f1-score": 0.3558318531675548,
        "support": 2000.0
    },
    "2": {
        "precision": 0.5149724192277384,
        "recall": 0.6535,
        "f1-score": 0.5760246804759807,
        "support": 2000.0
    },
    "3": {
        "precision": 0.556440281030445,
        "recall": 0.594,
        "f1-score": 0.5746070133010883,
        "support": 2000.0
    },
    "4": {
        "precision": 0.4592274678111588,
        "recall": 0.6948051948051948,
        "f1-score": 0.5529715762273901,
        "support": 462.0
    },
    "5": {
        "precision": 0.20180722891566266,
        "recall": 0.0335,
        "f1-score": 0.057461406518010294,
        "support": 2000.0
    },
    "6": {
        "precision": 0.6033279656468062,
        "recall": 0.562,
        "f1-score": 0.5819311415997929,
        "support": 2000.0
    },
    "7": {
        "precision": 0.6432260627731426,
        "recall": 0.8095,
        "f1-score": 0.7168474651317246,
        "support": 2000.0
    },
    "8": {
        "precision": 0.4859038142620232,
        "recall": 0.7394321766561515,
        "f1-score": 0.5864398298724043,
        "support": 1585.0
    },
    "accuracy": 0.543029849816165,
    "macro avg": {
        "precision": 0.5006887485313244,
        "recall": 0.5605263746068163,
        "f1-score": 0.5147063331561263,
        "support": 16047.0
    },
    "weighted avg": {
        "precision": 0.5050449021718412,
        "recall": 0.543029849816165,
        "f1-score": 0.5091837217657817,
        "support": 16047.0
    },
    "roc_auc": {
        "0": 0.9240003381504948,
        "1": 0.8216095429629103,
        "2": 0.894635527158824,
        "3": 0.8943813981633089,
        "4": 0.9523490091343796,
        "5": 0.6321190823663415,
        "6": 0.8985509361429487,
        "7": 0.9566562255285826,
        "8": 0.9238960190242937
    },
    "model": "LogisticRegression",
    "params": {
        "max_iter": 3500,
        "C": 0.9,
        "tol": 0.0001
    },
    "mode": "training"
}