{
    "processing_time_seconds": 190.66999530792236,
    "memory_usage_mb": 974.1015625,
    "successful_samples": 16047,
    "total_samples": 16047,
    "error_rate": 0.0,
    "samples_per_second": 84.16111813547228,
    "timestamp": "2025-06-03 11:34:08"
}