{
    "processing_time_seconds": 198.84456396102905,
    "memory_usage_mb": 428.91796875,
    "successful_samples": 16069,
    "total_samples": 16069,
    "error_rate": 0.0,
    "samples_per_second": 80.81186470427885,
    "timestamp": "2025-06-03 12:18:50"
}