{
    "processing_time_seconds": 1112.8305888175964,
    "memory_usage_mb": 4793.8046875,
    "successful_samples": 88190,
    "total_samples": 88190,
    "error_rate": 0.0,
    "samples_per_second": 79.24836078931254,
    "timestamp": "2025-06-03 11:28:58"
}