{
    "0": {
        "precision": 0.6097337006427915,
        "recall": 0.664,
        "f1-score": 0.6357108664432743,
        "support": 2000.0
    },
    "1": {
        "precision": 0.4414035087719298,
        "recall": 0.3145,
        "f1-score": 0.3672992700729927,
        "support": 2000.0
    },
    "2": {
        "precision": 0.5169291338582677,
        "recall": 0.6565,
        "f1-score": 0.5784140969162995,
        "support": 2000.0
    },
    "3": {
        "precision": 0.5609184629803187,
        "recall": 0.5985,
        "f1-score": 0.579100145137881,
        "support": 2000.0
    },
    "4": {
        "precision": 0.4602272727272727,
        "recall": 0.7012987012987013,
        "f1-score": 0.5557461406518011,
        "support": 462.0
    },
    "5": {
        "precision": 0.20588235294117646,
        "recall": 0.035,
        "f1-score": 0.05982905982905983,
        "support": 2000.0
    },
    "6": {
        "precision": 0.6124661246612466,
        "recall": 0.565,
        "f1-score": 0.58777633289987,
        "support": 2000.0
    },
    "7": {
        "precision": 0.6448784376245517,
        "recall": 0.809,
        "f1-score": 0.7176757595919273,
        "support": 2000.0
    },
    "8": {
        "precision": 0.49536256323777406,
        "recall": 0.7413249211356467,
        "f1-score": 0.593884255749305,
        "support": 1585.0
    },
    "accuracy": 0.5473920358945598,
    "macro avg": {
        "precision": 0.5053112841605921,
        "recall": 0.5650137358260386,
        "f1-score": 0.5194928808102679,
        "support": 16047.0
    },
    "weighted avg": {
        "precision": 0.5098895809617022,
        "recall": 0.5473920358945598,
        "f1-score": 0.5140943680517474,
        "support": 16047.0
    },
    "model": "LogisticRegression"
}