{
    "0": {
        "precision": 0.6012921089063221,
        "recall": 0.6515,
        "f1-score": 0.6253899688024958,
        "support": 2000.0
    },
    "1": {
        "precision": 0.42165026495079483,
        "recall": 0.2785,
        "f1-score": 0.33544113218909966,
        "support": 2000.0
    },
    "2": {
        "precision": 0.5074334898278561,
        "recall": 0.6485,
        "f1-score": 0.5693590869183495,
        "support": 2000.0
    },
    "3": {
        "precision": 0.5474418604651162,
        "recall": 0.5885,
        "f1-score": 0.5672289156626507,
        "support": 2000.0
    },
    "4": {
        "precision": 0.44130127298444133,
        "recall": 0.6753246753246753,
        "f1-score": 0.5337895637296834,
        "support": 462.0
    },
    "5": {
        "precision": 0.2,
        "recall": 0.0335,
        "f1-score": 0.05738758029978587,
        "support": 2000.0
    },
    "6": {
        "precision": 0.6007646095030038,
        "recall": 0.55,
        "f1-score": 0.5742625946228139,
        "support": 2000.0
    },
    "7": {
        "precision": 0.6398891966759003,
        "recall": 0.8085,
        "f1-score": 0.7143803843605037,
        "support": 2000.0
    },
    "8": {
        "precision": 0.47615165103954343,
        "recall": 0.7369085173501577,
        "f1-score": 0.578504210004953,
        "support": 1585.0
    },
    "accuracy": 0.5358010843148252,
    "macro avg": {
        "precision": 0.4928804949281087,
        "recall": 0.552359243630537,
        "f1-score": 0.5061937151767039,
        "support": 16047.0
    },
    "weighted avg": {
        "precision": 0.4982566595422493,
        "recall": 0.5358010843148252,
        "f1-score": 0.5016787734163621,
        "support": 16047.0
    },
    "model": "LogisticRegression"
}