{
    "0": {
        "precision": 0.8598382749326146,
        "recall": 0.8394736842105263,
        "f1-score": 0.8495339547270306,
        "support": 1900.0
    },
    "1": {
        "precision": 0.8940568475452196,
        "recall": 0.9105263157894737,
        "f1-score": 0.9022164276401564,
        "support": 1900.0
    },
    "2": {
        "precision": 0.7965023847376789,
        "recall": 0.7910526315789473,
        "f1-score": 0.7937681542117772,
        "support": 1900.0
    },
    "3": {
        "precision": 0.7904316172646906,
        "recall": 0.8,
        "f1-score": 0.7951870258958933,
        "support": 1900.0
    },
    "accuracy": 0.8352631578947368,
    "macro avg": {
        "precision": 0.8352072811200508,
        "recall": 0.8352631578947369,
        "f1-score": 0.8351763906187144,
        "support": 7600.0
    },
    "weighted avg": {
        "precision": 0.8352072811200509,
        "recall": 0.8352631578947368,
        "f1-score": 0.8351763906187144,
        "support": 7600.0
    },
    "roc_auc": {
        "0": 0.9508550323176362,
        "1": 0.9839937211449676,
        "2": 0.943671191135734,
        "3": 0.9483190212373037
    },
    "model": "LogisticRegression",
    "params": {
        "max_iter": 200,
        "random_state": 42,
        "C": 0.9
    },
    "mode": "training"
}