{
    "0": {
        "precision": 0.857643615573101,
        "recall": 0.8400333333333333,
        "f1-score": 0.8487471372760339,
        "support": 30000.0
    },
    "1": {
        "precision": 0.8981762422106946,
        "recall": 0.9176666666666666,
        "f1-score": 0.9078168538029051,
        "support": 30000.0
    },
    "2": {
        "precision": 0.8058723205029595,
        "recall": 0.8032666666666667,
        "f1-score": 0.8045673839373654,
        "support": 30000.0
    },
    "3": {
        "precision": 0.8046370833610538,
        "recall": 0.8063,
        "f1-score": 0.8054676833938264,
        "support": 30000.0
    },
    "accuracy": 0.8418166666666667,
    "macro avg": {
        "precision": 0.8415823154119522,
        "recall": 0.8418166666666667,
        "f1-score": 0.8416497646025327,
        "support": 120000.0
    },
    "weighted avg": {
        "precision": 0.8415823154119523,
        "recall": 0.8418166666666667,
        "f1-score": 0.8416497646025327,
        "support": 120000.0
    },
    "roc_auc": null,
    "model": "LogisticRegression",
    "params": {
        "max_iter": 200,
        "random_state": 42,
        "C": 0.9
    },
    "mode": "training"
}