{
    "0": {
        "precision": 0.698595146871009,
        "recall": 0.7254641909814323,
        "f1-score": 0.7117761873780091,
        "support": 754.0
    },
    "1": {
        "precision": 0.49872773536895676,
        "recall": 0.6040061633281972,
        "f1-score": 0.5463414634146342,
        "support": 649.0
    },
    "2": {
        "precision": 0.6341991341991342,
        "recall": 0.7436548223350253,
        "f1-score": 0.6845794392523364,
        "support": 394.0
    },
    "3": {
        "precision": 1.0,
        "recall": 0.1590909090909091,
        "f1-score": 0.27450980392156865,
        "support": 44.0
    },
    "4": {
        "precision": 0.6788990825688074,
        "recall": 0.47435897435897434,
        "f1-score": 0.5584905660377358,
        "support": 156.0
    },
    "5": {
        "precision": 0.5616438356164384,
        "recall": 0.5726256983240223,
        "f1-score": 0.5670816044260027,
        "support": 358.0
    },
    "6": {
        "precision": 0.6441102756892231,
        "recall": 0.6964769647696477,
        "f1-score": 0.6692708333333334,
        "support": 1107.0
    },
    "7": {
        "precision": 0.6638078902229846,
        "recall": 0.7478260869565218,
        "f1-score": 0.7033166742389823,
        "support": 1035.0
    },
    "8": {
        "precision": 0.24,
        "recall": 0.05964214711729622,
        "f1-score": 0.09554140127388536,
        "support": 503.0
    },
    "accuracy": 0.6186,
    "macro avg": {
        "precision": 0.6244425667262836,
        "recall": 0.5314606619180029,
        "f1-score": 0.5345453303640543,
        "support": 5000.0
    },
    "weighted avg": {
        "precision": 0.5944114982939661,
        "recall": 0.6186,
        "f1-score": 0.5960140446683186,
        "support": 5000.0
    },
    "roc_auc": {
        "0": 0.9402620784611135,
        "1": 0.8826874717357714,
        "2": 0.9688598627700351,
        "3": 0.9585855528652139,
        "4": 0.9657810878909144,
        "5": 0.9310112429866726,
        "6": 0.9077613885994156,
        "7": 0.9246077087559627,
        "8": 0.6873528674517273
    },
    "model": "LogisticRegression",
    "params": {
        "max_iter": 200,
        "random_state": 42,
        "C": 0.9
    },
    "mode": "training"
}