{
    "0": {
        "precision": 0.7028389493234279,
        "recall": 0.7329828444936358,
        "f1-score": 0.7175944737911418,
        "support": 3614.0
    },
    "1": {
        "precision": 0.5289010171173406,
        "recall": 0.6350908549299971,
        "f1-score": 0.5771521386031402,
        "support": 3357.0
    },
    "2": {
        "precision": 0.643687707641196,
        "recall": 0.7384468794664126,
        "f1-score": 0.6878189483026403,
        "support": 2099.0
    },
    "3": {
        "precision": 0.7272727272727273,
        "recall": 0.23529411764705882,
        "f1-score": 0.35555555555555557,
        "support": 204.0
    },
    "4": {
        "precision": 0.6385281385281385,
        "recall": 0.41843971631205673,
        "f1-score": 0.5055698371893744,
        "support": 705.0
    },
    "5": {
        "precision": 0.5679775280898877,
        "recall": 0.584393063583815,
        "f1-score": 0.576068376068376,
        "support": 1730.0
    },
    "6": {
        "precision": 0.6478367346938776,
        "recall": 0.7337278106508875,
        "f1-score": 0.6881123731899765,
        "support": 5408.0
    },
    "7": {
        "precision": 0.6960698689956332,
        "recall": 0.7489193760571321,
        "f1-score": 0.7215281549882311,
        "support": 5321.0
    },
    "8": {
        "precision": 0.30126182965299686,
        "recall": 0.07455113192818111,
        "f1-score": 0.1195244055068836,
        "support": 2562.0
    },
    "accuracy": 0.63316,
    "macro avg": {
        "precision": 0.6060416112572473,
        "recall": 0.5446495327854641,
        "f1-score": 0.5498804736883689,
        "support": 25000.0
    },
    "weighted avg": {
        "precision": 0.6090771965999745,
        "recall": 0.63316,
        "f1-score": 0.6106784417208684,
        "support": 25000.0
    },
    "roc_auc": null,
    "model": "LogisticRegression",
    "params": {
        "max_iter": 200,
        "random_state": 42,
        "C": 0.9
    },
    "mode": "training"
}