{
    "0": {
        "precision": 0.6779494726514594,
        "recall": 0.6044172315766455,
        "f1-score": 0.6390751445086705,
        "support": 4573.0
    },
    "1": {
        "precision": 0.6995515695067265,
        "recall": 0.7623529411764706,
        "f1-score": 0.7296033258271263,
        "support": 5525.0
    },
    "accuracy": 0.6908298673004556,
    "macro avg": {
        "precision": 0.688750521079093,
        "recall": 0.683385086376558,
        "f1-score": 0.6843392351678984,
        "support": 10098.0
    },
    "weighted avg": {
        "precision": 0.6897688017389372,
        "recall": 0.6908298673004556,
        "f1-score": 0.6886065568462094,
        "support": 10098.0
    },
    "roc_auc": null,
    "model": "LogisticRegression",
    "params": {
        "C": 1,
        "max_iter": 100,
        "penalty": "l2",
        "solver": "lbfgs",
        "tol": 0.0001
    },
    "mode": "training"
}