{
    "0": {
        "precision": 0.66838814895352,
        "recall": 0.5377214082659086,
        "f1-score": 0.5959767329132332,
        "support": 4573.0
    },
    "1": {
        "precision": 0.6706652126499455,
        "recall": 0.779185520361991,
        "f1-score": 0.7208640321500335,
        "support": 5525.0
    },
    "accuracy": 0.6698356110120816,
    "macro avg": {
        "precision": 0.6695266808017327,
        "recall": 0.6584534643139498,
        "f1-score": 0.6584203825316333,
        "support": 10098.0
    },
    "weighted avg": {
        "precision": 0.6696340171375911,
        "recall": 0.6698356110120816,
        "f1-score": 0.664307325930001,
        "support": 10098.0
    },
    "roc_auc": null,
    "model": "LogisticRegression",
    "params": {
        "max_iter": 1000,
        "random_state": 42,
        "C": 0.9,
        "grid_search": false
    },
    "mode": "training"
}