{
    "0": {
        "precision": 0.6843800322061192,
        "recall": 0.6159420289855072,
        "f1-score": 0.6483600305110603,
        "support": 690.0
    },
    "1": {
        "precision": 0.6508563899868248,
        "recall": 0.7159420289855073,
        "f1-score": 0.6818495514147688,
        "support": 690.0
    },
    "accuracy": 0.6659420289855073,
    "macro avg": {
        "precision": 0.667618211096472,
        "recall": 0.6659420289855073,
        "f1-score": 0.6651047909629145,
        "support": 1380.0
    },
    "weighted avg": {
        "precision": 0.667618211096472,
        "recall": 0.6659420289855073,
        "f1-score": 0.6651047909629145,
        "support": 1380.0
    },
    "roc_auc": {
        "0": 0.7224301617307287,
        "1": 0.7224301617307287
    },
    "model": "LogisticRegression",
    "params": {
        "C": 1,
        "max_iter": 100,
        "penalty": "l2",
        "solver": "lbfgs",
        "tol": 0.0001
    },
    "mode": "training"
}