{
    "0": {
        "precision": 0.681592039800995,
        "recall": 0.5956521739130435,
        "f1-score": 0.6357308584686775,
        "support": 690.0
    },
    "1": {
        "precision": 0.640926640926641,
        "recall": 0.7217391304347827,
        "f1-score": 0.6789366053169734,
        "support": 690.0
    },
    "accuracy": 0.658695652173913,
    "macro avg": {
        "precision": 0.6612593403638181,
        "recall": 0.6586956521739131,
        "f1-score": 0.6573337318928254,
        "support": 1380.0
    },
    "weighted avg": {
        "precision": 0.6612593403638181,
        "recall": 0.658695652173913,
        "f1-score": 0.6573337318928254,
        "support": 1380.0
    },
    "roc_auc": {
        "0": 0.7133438353287125,
        "1": 0.7133438353287125
    },
    "model": "LogisticRegression",
    "params": {
        "max_iter": 1000,
        "random_state": 42,
        "C": 0.9,
        "grid_search": false
    },
    "mode": "training"
}