{
    "processing_time_seconds": 160.21811079978943,
    "memory_usage_mb": 950.20703125,
    "successful_samples": 10098,
    "total_samples": 10098,
    "error_rate": 0.0,
    "samples_per_second": 63.02658263533383,
    "timestamp": "2025-06-01 14:52:21"
}