{
    "processing_time_seconds": 23.38176393508911,
    "memory_usage_mb": 179.71484375,
    "successful_samples": 1380,
    "total_samples": 1380,
    "error_rate": 0.0,
    "samples_per_second": 59.020354658915544,
    "timestamp": "2025-06-01 14:52:57"
}