{
    "0": {
        "precision": 0.6537162162162162,
        "recall": 0.5608695652173913,
        "f1-score": 0.6037441497659907,
        "support": 690.0
    },
    "1": {
        "precision": 0.6154822335025381,
        "recall": 0.7028985507246377,
        "f1-score": 0.6562922868741543,
        "support": 690.0
    },
    "accuracy": 0.6318840579710145,
    "macro avg": {
        "precision": 0.6345992248593771,
        "recall": 0.6318840579710145,
        "f1-score": 0.6300182183200724,
        "support": 1380.0
    },
    "weighted avg": {
        "precision": 0.6345992248593771,
        "recall": 0.6318840579710145,
        "f1-score": 0.6300182183200724,
        "support": 1380.0
    },
    "model": "LogisticRegression"
}