{
    "0": {
        "precision": 0.6506849315068494,
        "recall": 0.5507246376811594,
        "f1-score": 0.5965463108320251,
        "support": 690.0
    },
    "1": {
        "precision": 0.6105527638190955,
        "recall": 0.7043478260869566,
        "f1-score": 0.6541049798115747,
        "support": 690.0
    },
    "accuracy": 0.6275362318840579,
    "macro avg": {
        "precision": 0.6306188476629724,
        "recall": 0.627536231884058,
        "f1-score": 0.6253256453217999,
        "support": 1380.0
    },
    "weighted avg": {
        "precision": 0.6306188476629725,
        "recall": 0.6275362318840579,
        "f1-score": 0.6253256453217999,
        "support": 1380.0
    },
    "model": "LogisticRegression"
}