{
    "0": {
        "precision": 0.684016973125884,
        "recall": 0.11131059245960502,
        "f1-score": 0.19146409058516115,
        "support": 21723.0
    },
    "1": {
        "precision": 0.6903529411764706,
        "recall": 0.025319295823265447,
        "f1-score": 0.048847082327478565,
        "support": 57940.0
    },
    "2": {
        "precision": 0.20614035087719298,
        "recall": 0.04153166421207658,
        "f1-score": 0.06913459181171856,
        "support": 27160.0
    },
    "3": {
        "precision": 0.34827337356242416,
        "recall": 0.38232815291777633,
        "f1-score": 0.3645070829951869,
        "support": 59326.0
    },
    "4": {
        "precision": 0.13167256355625825,
        "recall": 0.9870636698706367,
        "f1-score": 0.23235003912762411,
        "support": 13837.0
    },
    "accuracy": 0.22975675885902236,
    "macro avg": {
        "precision": 0.412091240459646,
        "recall": 0.309510675056672,
        "f1-score": 0.18126057736943385,
        "support": 179986.0
    },
    "weighted avg": {
        "precision": 0.46081551604399884,
        "recall": 0.22975675885902236,
        "f1-score": 0.18727481360007575,
        "support": 179986.0
    },
    "roc_auc": null,
    "model": "SVM",
    "params": {
        "max_iter": 3000,
        "random_state": 42,
        "C": 0.9,
        "grid_search": false,
        "tol": 0.001,
        "normalize": false
    },
    "mode": "training"
}