{
    "0": {
        "precision": 0.6850921273031826,
        "recall": 0.11301464492953854,
        "f1-score": 0.19402277039848198,
        "support": 3619.0
    },
    "1": {
        "precision": 0.6903553299492385,
        "recall": 0.028003706372902296,
        "f1-score": 0.05382408231918472,
        "support": 9713.0
    },
    "2": {
        "precision": 0.19827586206896552,
        "recall": 0.03522975929978118,
        "f1-score": 0.05982905982905983,
        "support": 4570.0
    },
    "3": {
        "precision": 0.3451772013153087,
        "recall": 0.38202587949858474,
        "f1-score": 0.36266794625719767,
        "support": 9892.0
    },
    "4": {
        "precision": 0.13181373395498763,
        "recall": 0.9828326180257511,
        "f1-score": 0.23245191087651626,
        "support": 2330.0
    },
    "accuracy": 0.22941840393042093,
    "macro avg": {
        "precision": 0.4101428509183366,
        "recall": 0.3082213216253115,
        "f1-score": 0.1805591539360881,
        "support": 30124.0
    },
    "weighted avg": {
        "precision": 0.45852175320968325,
        "recall": 0.22941840393042093,
        "f1-score": 0.18681133972167155,
        "support": 30124.0
    },
    "roc_auc": null,
    "model": "SVM",
    "params": {
        "max_iter": 3000,
        "random_state": 42,
        "C": 0.9,
        "grid_search": false,
        "tol": 0.001,
        "normalize": false
    },
    "mode": "training"
}