{
    "0": {
        "precision": 0.7220149253731343,
        "recall": 0.10693561757391544,
        "f1-score": 0.18628158844765344,
        "support": 3619.0
    },
    "1": {
        "precision": 0.7076271186440678,
        "recall": 0.01719345207453928,
        "f1-score": 0.033571213187255,
        "support": 9713.0
    },
    "2": {
        "precision": 0.31751227495908346,
        "recall": 0.04245076586433261,
        "f1-score": 0.0748890175641768,
        "support": 4570.0
    },
    "3": {
        "precision": 0.4156034302447187,
        "recall": 0.8034775576223211,
        "f1-score": 0.5478356768679349,
        "support": 9892.0
    },
    "4": {
        "precision": 0.21950712280336904,
        "recall": 0.9060085836909871,
        "f1-score": 0.3533941575290868,
        "support": 2330.0
    },
    "accuracy": 0.3587504979418404,
    "macro avg": {
        "precision": 0.47645297440487466,
        "recall": 0.37521319536521913,
        "f1-score": 0.2391943307192214,
        "support": 30124.0
    },
    "weighted avg": {
        "precision": 0.5165245665579213,
        "recall": 0.3587504979418404,
        "f1-score": 0.2517949799219406,
        "support": 30124.0
    },
    "roc_auc": null,
    "model": "SVM",
    "params": {
        "max_iter": 4000,
        "random_state": 42,
        "C": 1,
        "grid_search": false,
        "tol": 0.0001,
        "normalize": false
    },
    "mode": "training"
}