{
    "0": {
        "precision": 0.716323296354992,
        "recall": 0.10403719559913456,
        "f1-score": 0.18168663075809952,
        "support": 21723.0
    },
    "1": {
        "precision": 0.6498316498316499,
        "recall": 0.016655160510873318,
        "f1-score": 0.03247791333613799,
        "support": 57940.0
    },
    "2": {
        "precision": 0.34211971444261396,
        "recall": 0.04587628865979381,
        "f1-score": 0.08090383741315499,
        "support": 27160.0
    },
    "3": {
        "precision": 0.4142210325978326,
        "recall": 0.8034251424333344,
        "f1-score": 0.5466211760658276,
        "support": 59326.0
    },
    "4": {
        "precision": 0.22607927959742208,
        "recall": 0.9253450892534509,
        "f1-score": 0.36337836303780224,
        "support": 13837.0
    },
    "accuracy": 0.36080028446656964,
    "macro avg": {
        "precision": 0.46971499456490207,
        "recall": 0.3790677752913174,
        "f1-score": 0.24101358412220447,
        "support": 179986.0
    },
    "weighted avg": {
        "precision": 0.5011847820047961,
        "recall": 0.36080028446656964,
        "f1-score": 0.25270194072556024,
        "support": 179986.0
    },
    "roc_auc": null,
    "model": "SVM",
    "params": {
        "max_iter": 4000,
        "random_state": 42,
        "C": 1,
        "grid_search": false,
        "tol": 0.0001,
        "normalize": false
    },
    "mode": "training"
}