{
    "0": {
        "precision": 0.6785714285714286,
        "recall": 0.5145833333333333,
        "f1-score": 0.5853080568720379,
        "support": 480.0
    },
    "1": {
        "precision": 0.5823008849557522,
        "recall": 0.5633561643835616,
        "f1-score": 0.5726718885987816,
        "support": 584.0
    },
    "2": {
        "precision": 0.5364963503649635,
        "recall": 0.49746192893401014,
        "f1-score": 0.5162423178226514,
        "support": 591.0
    },
    "3": {
        "precision": 0.5207207207207207,
        "recall": 0.48983050847457626,
        "f1-score": 0.5048034934497817,
        "support": 590.0
    },
    "4": {
        "precision": 0.5866666666666667,
        "recall": 0.45674740484429066,
        "f1-score": 0.5136186770428015,
        "support": 578.0
    },
    "5": {
        "precision": 0.5855457227138643,
        "recall": 0.6694772344013491,
        "f1-score": 0.6247049567269867,
        "support": 593.0
    },
    "6": {
        "precision": 0.4823815309842041,
        "recall": 0.6786324786324787,
        "f1-score": 0.5639204545454546,
        "support": 585.0
    },
    "7": {
        "precision": 0.616260162601626,
        "recall": 0.6380471380471381,
        "f1-score": 0.6269644334160464,
        "support": 594.0
    },
    "8": {
        "precision": 0.6987522281639929,
        "recall": 0.6555183946488294,
        "f1-score": 0.6764452113891286,
        "support": 598.0
    },
    "9": {
        "precision": 0.7665615141955836,
        "recall": 0.8140703517587939,
        "f1-score": 0.7896019496344435,
        "support": 597.0
    },
    "10": {
        "precision": 0.7981366459627329,
        "recall": 0.8566666666666667,
        "f1-score": 0.8263665594855305,
        "support": 600.0
    },
    "11": {
        "precision": 0.735202492211838,
        "recall": 0.7932773109243697,
        "f1-score": 0.7631366208569119,
        "support": 595.0
    },
    "12": {
        "precision": 0.6285714285714286,
        "recall": 0.5211505922165821,
        "f1-score": 0.5698427382053654,
        "support": 591.0
    },
    "13": {
        "precision": 0.7782874617737003,
        "recall": 0.8569023569023569,
        "f1-score": 0.8157051282051282,
        "support": 594.0
    },
    "14": {
        "precision": 0.7297709923664122,
        "recall": 0.806070826306914,
        "f1-score": 0.7660256410256411,
        "support": 593.0
    },
    "15": {
        "precision": 0.5445086705202312,
        "recall": 0.7863105175292153,
        "f1-score": 0.6434426229508197,
        "support": 599.0
    },
    "16": {
        "precision": 0.6836555360281195,
        "recall": 0.7124542124542125,
        "f1-score": 0.6977578475336322,
        "support": 546.0
    },
    "17": {
        "precision": 0.7456556082148499,
        "recall": 0.8368794326241135,
        "f1-score": 0.7886382623224728,
        "support": 564.0
    },
    "18": {
        "precision": 0.6732954545454546,
        "recall": 0.5096774193548387,
        "f1-score": 0.5801713586291309,
        "support": 465.0
    },
    "19": {
        "precision": 0.8235294117647058,
        "recall": 0.03713527851458886,
        "f1-score": 0.07106598984771574,
        "support": 377.0
    },
    "accuracy": 0.6485769842672795,
    "macro avg": {
        "precision": 0.6597435455949138,
        "recall": 0.634712477547611,
        "f1-score": 0.6248217104280231,
        "support": 11314.0
    },
    "weighted avg": {
        "precision": 0.6564032875898276,
        "recall": 0.6485769842672795,
        "f1-score": 0.6361204601403454,
        "support": 11314.0
    },
    "roc_auc": null,
    "model": "LogisticRegression",
    "params": {
        "max_iter": 200,
        "random_state": 42,
        "C": 0.9
    },
    "mode": "training"
}