{
    "0": {
        "precision": 0.5758928571428571,
        "recall": 0.4043887147335423,
        "f1-score": 0.47513812154696133,
        "support": 319.0
    },
    "1": {
        "precision": 0.556930693069307,
        "recall": 0.5784061696658098,
        "f1-score": 0.5674653215636822,
        "support": 389.0
    },
    "2": {
        "precision": 0.5041095890410959,
        "recall": 0.467005076142132,
        "f1-score": 0.48484848484848486,
        "support": 394.0
    },
    "3": {
        "precision": 0.5028735632183908,
        "recall": 0.44642857142857145,
        "f1-score": 0.47297297297297297,
        "support": 392.0
    },
    "4": {
        "precision": 0.5667752442996743,
        "recall": 0.45194805194805193,
        "f1-score": 0.5028901734104047,
        "support": 385.0
    },
    "5": {
        "precision": 0.5327510917030568,
        "recall": 0.6177215189873417,
        "f1-score": 0.5720984759671747,
        "support": 395.0
    },
    "6": {
        "precision": 0.4740608228980322,
        "recall": 0.6794871794871795,
        "f1-score": 0.5584826132771338,
        "support": 390.0
    },
    "7": {
        "precision": 0.6540404040404041,
        "recall": 0.6540404040404041,
        "f1-score": 0.6540404040404041,
        "support": 396.0
    },
    "8": {
        "precision": 0.6666666666666666,
        "recall": 0.5829145728643216,
        "f1-score": 0.6219839142091153,
        "support": 398.0
    },
    "9": {
        "precision": 0.7385321100917431,
        "recall": 0.8110831234256927,
        "f1-score": 0.773109243697479,
        "support": 397.0
    },
    "10": {
        "precision": 0.794044665012407,
        "recall": 0.8020050125313283,
        "f1-score": 0.7980049875311721,
        "support": 399.0
    },
    "11": {
        "precision": 0.6912928759894459,
        "recall": 0.6616161616161617,
        "f1-score": 0.6761290322580645,
        "support": 396.0
    },
    "12": {
        "precision": 0.5078534031413613,
        "recall": 0.49363867684478374,
        "f1-score": 0.5006451612903225,
        "support": 393.0
    },
    "13": {
        "precision": 0.7107061503416856,
        "recall": 0.7878787878787878,
        "f1-score": 0.7473053892215569,
        "support": 396.0
    },
    "14": {
        "precision": 0.7043269230769231,
        "recall": 0.7436548223350253,
        "f1-score": 0.7234567901234568,
        "support": 394.0
    },
    "15": {
        "precision": 0.530448717948718,
        "recall": 0.8316582914572864,
        "f1-score": 0.6477495107632094,
        "support": 398.0
    },
    "16": {
        "precision": 0.536697247706422,
        "recall": 0.6428571428571429,
        "f1-score": 0.585,
        "support": 364.0
    },
    "17": {
        "precision": 0.7694174757281553,
        "recall": 0.8430851063829787,
        "f1-score": 0.8045685279187818,
        "support": 376.0
    },
    "18": {
        "precision": 0.5208333333333334,
        "recall": 0.3225806451612903,
        "f1-score": 0.398406374501992,
        "support": 310.0
    },
    "19": {
        "precision": 0.75,
        "recall": 0.01195219123505976,
        "f1-score": 0.023529411764705882,
        "support": 251.0
    },
    "accuracy": 0.6074083908656399,
    "macro avg": {
        "precision": 0.6144126917224841,
        "recall": 0.5917175110511447,
        "f1-score": 0.5793912455453537,
        "support": 7532.0
    },
    "weighted avg": {
        "precision": 0.6136156732812256,
        "recall": 0.6074083908656399,
        "f1-score": 0.5929601773373732,
        "support": 7532.0
    },
    "roc_auc": {
        "0": 0.9371028537380478,
        "1": 0.9202922882416387,
        "2": 0.924370246894792,
        "3": 0.9189425770308124,
        "4": 0.914348586910501,
        "5": 0.9426866232842577,
        "6": 0.9587068909807638,
        "7": 0.9402726112017032,
        "8": 0.9550978892218311,
        "9": 0.9804663215179014,
        "10": 0.9864708033928927,
        "11": 0.9419372395479458,
        "12": 0.882696808948588,
        "13": 0.9653213044118313,
        "14": 0.9506370423258375,
        "15": 0.9652978235725869,
        "16": 0.9381093933967819,
        "17": 0.9731946410094787,
        "18": 0.9177066490383327,
        "19": 0.9126247379661412
    },
    "model": "LogisticRegression",
    "params": {
        "max_iter": 200,
        "random_state": 42,
        "C": 0.9
    },
    "mode": "training"
}