{
    "0": {
        "precision": 0.4928548745633534,
        "recall": 0.4288477479966842,
        "f1-score": 0.458628841607565,
        "support": 3619.0
    },
    "1": {
        "precision": 0.7946009389671361,
        "recall": 0.766704416761042,
        "f1-score": 0.7804034582132565,
        "support": 9713.0
    },
    "2": {
        "precision": 0.5386879730866274,
        "recall": 0.5606126914660832,
        "f1-score": 0.549431696332833,
        "support": 4570.0
    },
    "3": {
        "precision": 0.7292351425779515,
        "recall": 0.8301982200647249,
        "f1-score": 0.7764483329392291,
        "support": 9888.0
    },
    "4": {
        "precision": 0.5182849936948297,
        "recall": 0.35278969957081546,
        "f1-score": 0.4198161389172625,
        "support": 2330.0
    },
    "accuracy": 0.6836653386454183,
    "macro avg": {
        "precision": 0.6147327845779798,
        "recall": 0.5878305551718699,
        "f1-score": 0.5969456936020292,
        "support": 30120.0
    },
    "weighted avg": {
        "precision": 0.6766827979202588,
        "recall": 0.6836653386454183,
        "f1-score": 0.6775043870990871,
        "support": 30120.0
    },
    "model": "LogisticRegression"
}