{
    "0": {
        "precision": 0.4682141915061989,
        "recall": 0.41116516099142925,
        "f1-score": 0.43783917118894916,
        "support": 4317.0
    },
    "1": {
        "precision": 0.7767416838518785,
        "recall": 0.7464885825075398,
        "f1-score": 0.76131470252219,
        "support": 11605.0
    },
    "2": {
        "precision": 0.512190749372535,
        "recall": 0.5224945135332846,
        "f1-score": 0.5172913271772588,
        "support": 5468.0
    },
    "3": {
        "precision": 0.7141083686285965,
        "recall": 0.8257895625738896,
        "f1-score": 0.7658991228070176,
        "support": 11842.0
    },
    "4": {
        "precision": 0.49690140845070424,
        "recall": 0.3196810438564697,
        "f1-score": 0.3890604322893692,
        "support": 2759.0
    },
    "accuracy": 0.6656108471562335,
    "macro avg": {
        "precision": 0.5936312803619825,
        "recall": 0.5651237726925226,
        "f1-score": 0.574280951196957,
        "support": 35991.0
    },
    "weighted avg": {
        "precision": 0.6574824042293258,
        "recall": 0.6656108471562335,
        "f1-score": 0.6584132962897676,
        "support": 35991.0
    },
    "roc_auc": null,
    "model": "LogisticRegression",
    "params": {
        "max_iter": 500,
        "C": 100,
        "grid_search": false
    },
    "mode": "training"
}