{
    "0": {
        "precision": 0.49661077417053157,
        "recall": 0.4293645897594078,
        "f1-score": 0.46054590570719606,
        "support": 3242.0
    },
    "1": {
        "precision": 0.7871737333175859,
        "recall": 0.7598039215686274,
        "f1-score": 0.7732467080457103,
        "support": 8772.0
    },
    "2": {
        "precision": 0.5216003927344134,
        "recall": 0.5436172934254285,
        "f1-score": 0.5323813102843542,
        "support": 3909.0
    },
    "3": {
        "precision": 0.7344009374084562,
        "recall": 0.8327981397408925,
        "f1-score": 0.7805105853051059,
        "support": 9031.0
    },
    "4": {
        "precision": 0.5014204545454546,
        "recall": 0.34624816086316823,
        "f1-score": 0.4096315636785611,
        "support": 2039.0
    },
    "accuracy": 0.6819916274589708,
    "macro avg": {
        "precision": 0.6082412584352883,
        "recall": 0.5823664210715049,
        "f1-score": 0.5912632146041855,
        "support": 26993.0
    },
    "weighted avg": {
        "precision": 0.6745751574954802,
        "recall": 0.6819916274589708,
        "f1-score": 0.6757721759497737,
        "support": 26993.0
    },
    "roc_auc": null,
    "model": "LogisticRegression",
    "params": {
        "max_iter": 500,
        "C": 100,
        "grid_search": false
    },
    "mode": "training"
}