{
    "0": {
        "precision": 0.472470843504204,
        "recall": 0.40352096363215195,
        "f1-score": 0.4352823588205897,
        "support": 4317.0
    },
    "1": {
        "precision": 0.7726425973565155,
        "recall": 0.7505385609651013,
        "f1-score": 0.7614301949471107,
        "support": 11605.0
    },
    "2": {
        "precision": 0.5224656516895655,
        "recall": 0.5146305779078274,
        "f1-score": 0.5185185185185185,
        "support": 5468.0
    },
    "3": {
        "precision": 0.7082788671023965,
        "recall": 0.8235939875021111,
        "f1-score": 0.7615961268155552,
        "support": 11842.0
    },
    "4": {
        "precision": 0.5045333333333333,
        "recall": 0.3428778542950344,
        "f1-score": 0.4082865774708675,
        "support": 2759.0
    },
    "accuracy": 0.6658609096718624,
    "macro avg": {
        "precision": 0.5960782585972029,
        "recall": 0.5670323888604452,
        "f1-score": 0.5770227553145284,
        "support": 35991.0
    },
    "weighted avg": {
        "precision": 0.6568992794882554,
        "recall": 0.6658609096718624,
        "f1-score": 0.65838833640746,
        "support": 35991.0
    },
    "roc_auc": null,
    "model": "LogisticRegression",
    "params": {
        "max_iter": 500,
        "C": 100,
        "grid_search": false
    },
    "mode": "training"
}