{
    "0": {
        "precision": 0.8972162740899358,
        "recall": 0.8821052631578947,
        "f1-score": 0.8895966029723992,
        "support": 1900.0
    },
    "1": {
        "precision": 0.9546875,
        "recall": 0.9647368421052631,
        "f1-score": 0.9596858638743455,
        "support": 1900.0
    },
    "2": {
        "precision": 0.839544513457557,
        "recall": 0.8536842105263158,
        "f1-score": 0.8465553235908142,
        "support": 1900.0
    },
    "3": {
        "precision": 0.8617021276595744,
        "recall": 0.8526315789473684,
        "f1-score": 0.8571428571428571,
        "support": 1900.0
    },
    "accuracy": 0.8882894736842105,
    "macro avg": {
        "precision": 0.8882876038017669,
        "recall": 0.8882894736842105,
        "f1-score": 0.888245161895104,
        "support": 7600.0
    },
    "weighted avg": {
        "precision": 0.8882876038017667,
        "recall": 0.8882894736842105,
        "f1-score": 0.888245161895104,
        "support": 7600.0
    },
    "roc_auc": {
        "0": 0.9686820867959373,
        "1": 0.9930924284395198,
        "2": 0.9614347183748846,
        "3": 0.9707231763619576
    },
    "model": "LogisticRegression",
    "params": {
        "max_iter": 200,
        "random_state": 42,
        "C": 0.9
    },
    "mode": "training"
}