{
    "0": {
        "precision": 0.793097631738749,
        "recall": 0.7836333333333333,
        "f1-score": 0.7883370778981255,
        "support": 30000.0
    },
    "1": {
        "precision": 0.8271436017722179,
        "recall": 0.8463333333333334,
        "f1-score": 0.8366284433900092,
        "support": 30000.0
    },
    "2": {
        "precision": 0.7438929883082314,
        "recall": 0.7359333333333333,
        "f1-score": 0.7398917542184018,
        "support": 30000.0
    },
    "3": {
        "precision": 0.743588033218824,
        "recall": 0.7431666666666666,
        "f1-score": 0.7433772902322324,
        "support": 30000.0
    },
    "accuracy": 0.7772666666666667,
    "macro avg": {
        "precision": 0.7769305637595056,
        "recall": 0.7772666666666667,
        "f1-score": 0.7770586414346923,
        "support": 120000.0
    },
    "weighted avg": {
        "precision": 0.7769305637595055,
        "recall": 0.7772666666666667,
        "f1-score": 0.7770586414346923,
        "support": 120000.0
    },
    "roc_auc": null,
    "model": "LogisticRegression",
    "params": {
        "max_iter": 200,
        "random_state": 42,
        "C": 0.9
    },
    "mode": "training"
}