{
    "0": {
        "precision": 0.7849631966351209,
        "recall": 0.7857894736842105,
        "f1-score": 0.7853761178327197,
        "support": 1900.0
    },
    "1": {
        "precision": 0.8349817803227486,
        "recall": 0.8442105263157895,
        "f1-score": 0.8395707929861292,
        "support": 1900.0
    },
    "2": {
        "precision": 0.7400761283306144,
        "recall": 0.7163157894736842,
        "f1-score": 0.7280021396095213,
        "support": 1900.0
    },
    "3": {
        "precision": 0.7296181630546955,
        "recall": 0.7442105263157894,
        "f1-score": 0.7368421052631579,
        "support": 1900.0
    },
    "accuracy": 0.7726315789473684,
    "macro avg": {
        "precision": 0.7724098170857948,
        "recall": 0.7726315789473684,
        "f1-score": 0.772447788922882,
        "support": 7600.0
    },
    "weighted avg": {
        "precision": 0.7724098170857949,
        "recall": 0.7726315789473684,
        "f1-score": 0.7724477889228819,
        "support": 7600.0
    },
    "roc_auc": {
        "0": 0.9304649122807017,
        "1": 0.9659903047091413,
        "2": 0.9142674976915974,
        "3": 0.9198265927977839
    },
    "model": "LogisticRegression",
    "params": {
        "max_iter": 200,
        "random_state": 42,
        "C": 0.9
    },
    "mode": "training"
}