{
    "0": {
        "precision": 0.7328052019415697,
        "recall": 0.736548994338841,
        "f1-score": 0.734672328704235,
        "support": 21727.0
    },
    "1": {
        "precision": 0.9079971813072547,
        "recall": 0.9116007799423671,
        "f1-score": 0.9097954122752635,
        "support": 57953.0
    },
    "2": {
        "precision": 0.8169617683545731,
        "recall": 0.7999116607773852,
        "f1-score": 0.8083468169391285,
        "support": 27168.0
    },
    "3": {
        "precision": 0.8958057042422306,
        "recall": 0.9445857833639412,
        "f1-score": 0.919549279141859,
        "support": 59353.0
    },
    "4": {
        "precision": 0.7875011538816579,
        "recall": 0.6164462750198714,
        "f1-score": 0.69155317769131,
        "support": 13839.0
    },
    "accuracy": 0.8618084870028883,
    "macro avg": {
        "precision": 0.8282142019454571,
        "recall": 0.8018186986884812,
        "f1-score": 0.8127834029503592,
        "support": 180040.0
    },
    "weighted avg": {
        "precision": 0.8598368197400481,
        "recall": 0.8618084870028883,
        "f1-score": 0.8597932588698308,
        "support": 180040.0
    },
    "roc_auc": null,
    "model": "LogisticRegression",
    "params": {
        "C": 1,
        "max_iter": 1000,
        "penalty": "l2",
        "solver": "lbfgs",
        "tol": 1e-05
    },
    "mode": "training"
}