{
    "processing_time_seconds": 1.1826138496398926,
    "memory_usage_mb": 20.21875,
    "successful_samples": 30135,
    "total_samples": 30135,
    "error_rate": 0.0,
    "samples_per_second": 25481.690417523983,
    "timestamp": "2025-05-26 14:25:02"
}