{
    "training_time_seconds": 33.79926085472107,
    "memory_usage_mb": 543.53515625,
    "documents_per_second": 5326.743705250349,
    "model_parameters": {
        "max_features": 20000,
        "ngram_range": [
            1,
            5
        ]
    },
    "dataset_stats": {
        "num_documents": 180040
    },
    "timestamp": "2025-05-26 14:24:57"
}