{
    "0": {
        "precision": 0.6414887794198139,
        "recall": 0.6473349903341619,
        "f1-score": 0.6443986254295533,
        "support": 3621.0
    },
    "1": {
        "precision": 0.8836465001032417,
        "recall": 0.8811901575208484,
        "f1-score": 0.8824166194133718,
        "support": 9713.0
    },
    "2": {
        "precision": 0.7548344076461436,
        "recall": 0.742944651061037,
        "f1-score": 0.7488423373759647,
        "support": 4571.0
    },
    "3": {
        "precision": 0.8678384798099762,
        "recall": 0.9229059310902293,
        "f1-score": 0.8945255117030653,
        "support": 9897.0
    },
    "4": {
        "precision": 0.6939582156973462,
        "recall": 0.5267895413630519,
        "f1-score": 0.5989278752436648,
        "support": 2333.0
    },
    "accuracy": 0.8183839389414302,
    "macro avg": {
        "precision": 0.7683532765353043,
        "recall": 0.7442330542738658,
        "f1-score": 0.753822193833124,
        "support": 30135.0
    },
    "weighted avg": {
        "precision": 0.8151332123787521,
        "recall": 0.8183839389414302,
        "f1-score": 0.8155850702988794,
        "support": 30135.0
    },
    "model": "LogisticRegression"
}