{
    "0": {
        "precision": 0.7237635705669482,
        "recall": 0.7957559681697612,
        "f1-score": 0.7580543272267846,
        "support": 754.0
    },
    "1": {
        "precision": 0.5677233429394812,
        "recall": 0.6070878274268104,
        "f1-score": 0.5867460908413998,
        "support": 649.0
    },
    "2": {
        "precision": 0.6598173515981736,
        "recall": 0.733502538071066,
        "f1-score": 0.6947115384615384,
        "support": 394.0
    },
    "3": {
        "precision": 0.65,
        "recall": 0.5909090909090909,
        "f1-score": 0.6190476190476191,
        "support": 44.0
    },
    "4": {
        "precision": 0.6906474820143885,
        "recall": 0.6153846153846154,
        "f1-score": 0.6508474576271186,
        "support": 156.0
    },
    "5": {
        "precision": 0.5732984293193717,
        "recall": 0.611731843575419,
        "f1-score": 0.5918918918918918,
        "support": 358.0
    },
    "6": {
        "precision": 0.6585144927536232,
        "recall": 0.6567299006323396,
        "f1-score": 0.6576209859791949,
        "support": 1107.0
    },
    "7": {
        "precision": 0.6676413255360624,
        "recall": 0.6618357487922706,
        "f1-score": 0.6647258612324114,
        "support": 1035.0
    },
    "8": {
        "precision": 0.23563218390804597,
        "recall": 0.16302186878727634,
        "f1-score": 0.1927144535840188,
        "support": 503.0
    },
    "accuracy": 0.6236,
    "macro avg": {
        "precision": 0.6030042420706772,
        "recall": 0.6039954890831833,
        "f1-score": 0.6018178028768864,
        "support": 5000.0
    },
    "weighted avg": {
        "precision": 0.6108454734218589,
        "recall": 0.6236,
        "f1-score": 0.6159336371542818,
        "support": 5000.0
    },
    "roc_auc": null,
    "model": "SVM",
    "params": {
        "max_iter": 1000,
        "random_state": 42,
        "C": 20,
        "tol": 0.001,
        "normalize": true
    },
    "mode": "training"
}