{
    "0": {
        "precision": 0.9198973042362003,
        "recall": 0.9914222468179302,
        "f1-score": 0.9543214808895991,
        "support": 3614.0
    },
    "1": {
        "precision": 0.8730022831050228,
        "recall": 0.9112302651176646,
        "f1-score": 0.8917067482874217,
        "support": 3357.0
    },
    "2": {
        "precision": 0.9249116607773852,
        "recall": 0.9976179132920439,
        "f1-score": 0.9598899839559936,
        "support": 2099.0
    },
    "3": {
        "precision": 0.9315068493150684,
        "recall": 1.0,
        "f1-score": 0.9645390070921985,
        "support": 204.0
    },
    "4": {
        "precision": 0.9424364123159303,
        "recall": 0.9985815602836879,
        "f1-score": 0.9696969696969697,
        "support": 705.0
    },
    "5": {
        "precision": 0.9086050240513095,
        "recall": 0.9826589595375722,
        "f1-score": 0.9441821716189948,
        "support": 1730.0
    },
    "6": {
        "precision": 0.8247063142437592,
        "recall": 0.8308062130177515,
        "f1-score": 0.8277450257921887,
        "support": 5408.0
    },
    "7": {
        "precision": 0.859504132231405,
        "recall": 0.8013531291110694,
        "f1-score": 0.8294106205018479,
        "support": 5321.0
    },
    "8": {
        "precision": 0.757532281205165,
        "recall": 0.6182669789227166,
        "f1-score": 0.6808510638297872,
        "support": 2562.0
    },
    "accuracy": 0.8674,
    "macro avg": {
        "precision": 0.8824558068312496,
        "recall": 0.9035485851222708,
        "f1-score": 0.8913714524072223,
        "support": 25000.0
    },
    "weighted avg": {
        "precision": 0.8638851918759152,
        "recall": 0.8674,
        "f1-score": 0.8642041350779982,
        "support": 25000.0
    },
    "roc_auc": null,
    "model": "SVM",
    "params": {
        "max_iter": 1000,
        "random_state": 42,
        "C": 20,
        "tol": 0.001,
        "normalize": true
    },
    "mode": "training"
}