{
    "0": {
        "precision": 0.6713221601489758,
        "recall": 0.7589473684210526,
        "f1-score": 0.7124505928853755,
        "support": 1900.0
    },
    "1": {
        "precision": 0.9556313993174061,
        "recall": 0.8842105263157894,
        "f1-score": 0.918534718425369,
        "support": 1900.0
    },
    "2": {
        "precision": 0.75591985428051,
        "recall": 0.6552631578947369,
        "f1-score": 0.7020016915703411,
        "support": 1900.0
    },
    "3": {
        "precision": 0.6790425012212995,
        "recall": 0.7315789473684211,
        "f1-score": 0.70433240435774,
        "support": 1900.0
    },
    "accuracy": 0.7575,
    "macro avg": {
        "precision": 0.7654789787420478,
        "recall": 0.7575000000000001,
        "f1-score": 0.7593298518097065,
        "support": 7600.0
    },
    "weighted avg": {
        "precision": 0.7654789787420478,
        "recall": 0.7575,
        "f1-score": 0.7593298518097065,
        "support": 7600.0
    },
    "roc_auc": null,
    "model": "SVM",
    "params": {
        "max_iter": 200,
        "random_state'": 42,
        "C": 0.7,
        "tol": 0.0005,
        "normalize": true
    },
    "mode": "training"
}