{
    "0": {
        "precision": 0.6148986413960192,
        "recall": 0.6683333333333333,
        "f1-score": 0.6405034580797674,
        "support": 30000.0
    },
    "1": {
        "precision": 0.9411660212456034,
        "recall": 0.8830333333333333,
        "f1-score": 0.911173405334755,
        "support": 30000.0
    },
    "2": {
        "precision": 0.6396131035306293,
        "recall": 0.5356333333333333,
        "f1-score": 0.5830234203508518,
        "support": 30000.0
    },
    "3": {
        "precision": 0.6240072678252205,
        "recall": 0.7097666666666667,
        "f1-score": 0.6641298753957239,
        "support": 30000.0
    },
    "accuracy": 0.6991916666666667,
    "macro avg": {
        "precision": 0.704921258499368,
        "recall": 0.6991916666666667,
        "f1-score": 0.6997075397902746,
        "support": 120000.0
    },
    "weighted avg": {
        "precision": 0.704921258499368,
        "recall": 0.6991916666666667,
        "f1-score": 0.6997075397902746,
        "support": 120000.0
    },
    "roc_auc": null,
    "model": "SVM",
    "params": {
        "max_iter": 200,
        "random_state'": 42,
        "C": 0.9,
        "tol": 0.001,
        "normalize": true
    },
    "mode": "training"
}