{
    "0": {
        "precision": 0.6127912741695587,
        "recall": 0.6505263157894737,
        "f1-score": 0.631095225938218,
        "support": 1900.0
    },
    "1": {
        "precision": 0.9393599101628298,
        "recall": 0.8805263157894737,
        "f1-score": 0.9089921217060581,
        "support": 1900.0
    },
    "2": {
        "precision": 0.6268370607028754,
        "recall": 0.5163157894736842,
        "f1-score": 0.5662337662337662,
        "support": 1900.0
    },
    "3": {
        "precision": 0.6021457308895842,
        "recall": 0.7089473684210527,
        "f1-score": 0.6511965192168238,
        "support": 1900.0
    },
    "accuracy": 0.689078947368421,
    "macro avg": {
        "precision": 0.695283493981212,
        "recall": 0.689078947368421,
        "f1-score": 0.6893794082737166,
        "support": 7600.0
    },
    "weighted avg": {
        "precision": 0.695283493981212,
        "recall": 0.689078947368421,
        "f1-score": 0.6893794082737166,
        "support": 7600.0
    },
    "roc_auc": null,
    "model": "SVM",
    "params": {
        "max_iter": 200,
        "random_state'": 42,
        "C": 0.9,
        "tol": 0.001,
        "normalize": true
    },
    "mode": "training"
}