{
    "0": {
        "precision": 0.6763953795961556,
        "recall": 0.7671,
        "f1-score": 0.7188978960686003,
        "support": 30000.0
    },
    "1": {
        "precision": 0.9616455192856884,
        "recall": 0.8867333333333334,
        "f1-score": 0.9226713837296013,
        "support": 30000.0
    },
    "2": {
        "precision": 0.7506575486586007,
        "recall": 0.6659333333333334,
        "f1-score": 0.7057618256968241,
        "support": 30000.0
    },
    "3": {
        "precision": 0.6943217665615142,
        "recall": 0.7336666666666667,
        "f1-score": 0.713452188006483,
        "support": 30000.0
    },
    "accuracy": 0.7633583333333334,
    "macro avg": {
        "precision": 0.7707550535254897,
        "recall": 0.7633583333333334,
        "f1-score": 0.7651958233753772,
        "support": 120000.0
    },
    "weighted avg": {
        "precision": 0.7707550535254897,
        "recall": 0.7633583333333334,
        "f1-score": 0.7651958233753772,
        "support": 120000.0
    },
    "roc_auc": null,
    "model": "SVM",
    "params": {
        "max_iter": 200,
        "random_state'": 42,
        "C": 0.7,
        "tol": 0.0005,
        "normalize": true
    },
    "mode": "training"
}