{
    "0": {
        "precision": 0.5836363636363636,
        "recall": 0.6356435643564357,
        "f1-score": 0.6085308056872037,
        "support": 505.0
    },
    "1": {
        "precision": 0.4158004158004158,
        "recall": 0.4175365344467641,
        "f1-score": 0.4166666666666667,
        "support": 479.0
    },
    "2": {
        "precision": 0.5555555555555556,
        "recall": 0.6431535269709544,
        "f1-score": 0.5961538461538461,
        "support": 482.0
    },
    "3": {
        "precision": 0.5674255691768827,
        "recall": 0.6159695817490495,
        "f1-score": 0.5907019143117593,
        "support": 526.0
    },
    "4": {
        "precision": 0.735632183908046,
        "recall": 0.7757575757575758,
        "f1-score": 0.7551622418879056,
        "support": 495.0
    },
    "5": {
        "precision": 0.20833333333333334,
        "recall": 0.08840864440078586,
        "f1-score": 0.12413793103448276,
        "support": 509.0
    },
    "6": {
        "precision": 0.605427974947808,
        "recall": 0.5708661417322834,
        "f1-score": 0.5876393110435664,
        "support": 508.0
    },
    "7": {
        "precision": 0.6717428087986463,
        "recall": 0.7649325626204239,
        "f1-score": 0.7153153153153153,
        "support": 519.0
    },
    "8": {
        "precision": 0.6278195488721805,
        "recall": 0.70020964360587,
        "f1-score": 0.6620416253716551,
        "support": 477.0
    },
    "accuracy": 0.5788888888888889,
    "macro avg": {
        "precision": 0.5523748615588036,
        "recall": 0.5791641972933491,
        "f1-score": 0.5618166286080446,
        "support": 4500.0
    },
    "weighted avg": {
        "precision": 0.5524421870050543,
        "recall": 0.5788888888888889,
        "f1-score": 0.5616670092381412,
        "support": 4500.0
    },
    "roc_auc": null,
    "model": "LogisticRegression",
    "params": {
        "max_iter": 1000,
        "C": 100,
        "grid_search": false
    },
    "mode": "training"
}