{
    "0": {
        "precision": 0.5928030303030303,
        "recall": 0.626,
        "f1-score": 0.6089494163424124,
        "support": 500.0
    },
    "1": {
        "precision": 0.41683778234086244,
        "recall": 0.406,
        "f1-score": 0.41134751773049644,
        "support": 500.0
    },
    "2": {
        "precision": 0.5436720142602496,
        "recall": 0.61,
        "f1-score": 0.5749293119698398,
        "support": 500.0
    },
    "3": {
        "precision": 0.5885509838998211,
        "recall": 0.658,
        "f1-score": 0.6213408876298395,
        "support": 500.0
    },
    "4": {
        "precision": 0.7680311890838206,
        "recall": 0.788,
        "f1-score": 0.7778874629812438,
        "support": 500.0
    },
    "5": {
        "precision": 0.1981981981981982,
        "recall": 0.088,
        "f1-score": 0.12188365650969529,
        "support": 500.0
    },
    "6": {
        "precision": 0.5836820083682008,
        "recall": 0.558,
        "f1-score": 0.5705521472392638,
        "support": 500.0
    },
    "7": {
        "precision": 0.6510416666666666,
        "recall": 0.75,
        "f1-score": 0.6970260223048327,
        "support": 500.0
    },
    "8": {
        "precision": 0.6059027777777778,
        "recall": 0.698,
        "f1-score": 0.6486988847583643,
        "support": 500.0
    },
    "accuracy": 0.5757777777777778,
    "macro avg": {
        "precision": 0.5498577389887364,
        "recall": 0.5757777777777778,
        "f1-score": 0.5591794786073321,
        "support": 4500.0
    },
    "weighted avg": {
        "precision": 0.5498577389887364,
        "recall": 0.5757777777777778,
        "f1-score": 0.559179478607332,
        "support": 4500.0
    },
    "model": "LogisticRegression"
}