{
    "0": {
        "precision": 0.6052126539961618,
        "recall": 0.5641410352588146,
        "f1-score": 0.5839555582103817,
        "support": 17329.0
    },
    "1": {
        "precision": 0.8205052569478097,
        "recall": 0.8401907268765237,
        "f1-score": 0.8302313186227481,
        "support": 46349.0
    },
    "2": {
        "precision": 0.621073390618397,
        "recall": 0.6065483560324666,
        "f1-score": 0.6137249443207127,
        "support": 21807.0
    },
    "3": {
        "precision": 0.804773429352852,
        "recall": 0.8620355343857357,
        "f1-score": 0.832420881245548,
        "support": 47447.0
    },
    "4": {
        "precision": 0.5986984815618221,
        "recall": 0.44756756756756755,
        "f1-score": 0.5122177544076709,
        "support": 11100.0
    },
    "accuracy": 0.7485419906687403,
    "macro avg": {
        "precision": 0.6900526424954085,
        "recall": 0.6640966440242216,
        "f1-score": 0.6745100913614122,
        "support": 144032.0
    },
    "weighted avg": {
        "precision": 0.7421317048463528,
        "recall": 0.7485419906687403,
        "f1-score": 0.7440342961443145,
        "support": 144032.0
    },
    "roc_auc": null,
    "model": "LogisticRegression",
    "params": {
        "max_iter": 5000,
        "random_state": 42,
        "C": 0.9
    },
    "mode": "training"
}