{
    "0": {
        "precision": 0.619094247246022,
        "recall": 0.5750341064120055,
        "f1-score": 0.5962513261817753,
        "support": 4398.0
    },
    "1": {
        "precision": 0.8180216461112509,
        "recall": 0.8402275077559462,
        "f1-score": 0.8289758959316413,
        "support": 11604.0
    },
    "2": {
        "precision": 0.6126007875492219,
        "recall": 0.6094012311135982,
        "f1-score": 0.6109968206470918,
        "support": 5361.0
    },
    "3": {
        "precision": 0.8081122001753128,
        "recall": 0.8517554174365866,
        "f1-score": 0.8293600490697199,
        "support": 11906.0
    },
    "4": {
        "precision": 0.5871819038642789,
        "recall": 0.4549105512960935,
        "f1-score": 0.5126517177535487,
        "support": 2739.0
    },
    "accuracy": 0.7479726727393913,
    "macro avg": {
        "precision": 0.6890021569892173,
        "recall": 0.666265762802846,
        "f1-score": 0.6756471619167553,
        "support": 36008.0
    },
    "weighted avg": {
        "precision": 0.7423052541903431,
        "recall": 0.7479726727393913,
        "f1-score": 0.7441628911235928,
        "support": 36008.0
    },
    "roc_auc": null,
    "model": "LogisticRegression",
    "params": {
        "max_iter": 5000,
        "random_state": 42,
        "C": 0.9
    },
    "mode": "training"
}