{
    "0": {
        "precision": 0.5794419970631425,
        "recall": 0.5448771057718862,
        "f1-score": 0.5616282379732422,
        "support": 3621.0
    },
    "1": {
        "precision": 0.828314512756169,
        "recall": 0.8156079481107794,
        "f1-score": 0.8219121232556933,
        "support": 9713.0
    },
    "2": {
        "precision": 0.641236222174195,
        "recall": 0.6490921023845986,
        "f1-score": 0.6451402478799739,
        "support": 4571.0
    },
    "3": {
        "precision": 0.7803106903208016,
        "recall": 0.8577346670708296,
        "f1-score": 0.8171929149018098,
        "support": 9897.0
    },
    "4": {
        "precision": 0.6512048192771084,
        "recall": 0.46335190741534504,
        "f1-score": 0.5414475331830704,
        "support": 2333.0
    },
    "accuracy": 0.7443836071013772,
    "macro avg": {
        "precision": 0.6961016483182833,
        "recall": 0.6661327461506877,
        "f1-score": 0.6774642114387579,
        "support": 30135.0
    },
    "weighted avg": {
        "precision": 0.7405563248980593,
        "recall": 0.7443836071013772,
        "f1-score": 0.7405601377017532,
        "support": 30135.0
    },
    "model": "XGBClassifier"
}