{
    "0": {
        "precision": 0.662905888827738,
        "recall": 0.6665744327614831,
        "f1-score": 0.6647350993377483,
        "support": 3614.0
    },
    "1": {
        "precision": 0.5287817938420348,
        "recall": 0.5883229073577599,
        "f1-score": 0.556965595036661,
        "support": 3357.0
    },
    "2": {
        "precision": 0.6601497504159733,
        "recall": 0.7560743211052883,
        "f1-score": 0.7048634243837442,
        "support": 2099.0
    },
    "3": {
        "precision": 0.7823529411764706,
        "recall": 0.6519607843137255,
        "f1-score": 0.7112299465240641,
        "support": 204.0
    },
    "4": {
        "precision": 0.5698412698412698,
        "recall": 0.5092198581560283,
        "f1-score": 0.5378277153558052,
        "support": 705.0
    },
    "5": {
        "precision": 0.5610027855153203,
        "recall": 0.5820809248554913,
        "f1-score": 0.5713475177304964,
        "support": 1730.0
    },
    "6": {
        "precision": 0.6519031141868512,
        "recall": 0.6967455621301775,
        "f1-score": 0.6735788344654987,
        "support": 5408.0
    },
    "7": {
        "precision": 0.6931997891407485,
        "recall": 0.7414019921067468,
        "f1-score": 0.7164911006175082,
        "support": 5321.0
    },
    "8": {
        "precision": 0.34366925064599485,
        "recall": 0.1557377049180328,
        "f1-score": 0.21434327155519742,
        "support": 2562.0
    },
    "accuracy": 0.62328,
    "macro avg": {
        "precision": 0.6059785092880445,
        "recall": 0.5942353875227482,
        "f1-score": 0.5945980561118582,
        "support": 25000.0
    },
    "weighted avg": {
        "precision": 0.6073151337659735,
        "recall": 0.62328,
        "f1-score": 0.6107438431326511,
        "support": 25000.0
    },
    "roc_auc": null,
    "model": "LogisticRegression",
    "params": {
        "max_iter": 3000,
        "C": 1,
        "grid_search": false,
        "normalize": true
    },
    "mode": "training"
}