{
    "0": {
        "precision": 0.1111111111111111,
        "recall": 0.011379800853485065,
        "f1-score": 0.02064516129032258,
        "support": 703.0
    },
    "1": {
        "precision": 0.5,
        "recall": 0.019858156028368795,
        "f1-score": 0.03819918144611187,
        "support": 705.0
    },
    "2": {
        "precision": 0.14423076923076922,
        "recall": 0.035629453681710214,
        "f1-score": 0.05714285714285714,
        "support": 421.0
    },
    "3": {
        "precision": 0.0020242914979757085,
        "recall": 0.025,
        "f1-score": 0.003745318352059925,
        "support": 40.0
    },
    "4": {
        "precision": 0.06095791001451379,
        "recall": 0.2876712328767123,
        "f1-score": 0.10059880239520957,
        "support": 146.0
    },
    "5": {
        "precision": 0.052873563218390804,
        "recall": 0.06628242074927954,
        "f1-score": 0.058823529411764705,
        "support": 347.0
    },
    "6": {
        "precision": 0.3093385214007782,
        "recall": 0.14560439560439561,
        "f1-score": 0.1980074719800747,
        "support": 1092.0
    },
    "7": {
        "precision": 0.23942992874109265,
        "recall": 0.4804575786463298,
        "f1-score": 0.31959416613823716,
        "support": 1049.0
    },
    "8": {
        "precision": 0.12880143112701253,
        "recall": 0.1448692152917505,
        "f1-score": 0.13636363636363635,
        "support": 497.0
    },
    "accuracy": 0.1676,
    "macro avg": {
        "precision": 0.1720852807046271,
        "recall": 0.13519469485911464,
        "f1-score": 0.103680013835586,
        "support": 5000.0
    },
    "weighted avg": {
        "precision": 0.23432683796105316,
        "recall": 0.1676,
        "f1-score": 0.1440002567414787,
        "support": 5000.0
    },
    "roc_auc": {
        "0": 0.4813858356966768,
        "1": 0.6062999199134735,
        "2": 0.6272168875881269,
        "3": 0.43780745967741935,
        "4": 0.6594476522681477,
        "5": 0.4817139448937842,
        "6": 0.5863662310054327,
        "7": 0.5462197911064496,
        "8": 0.5576027785634526
    },
    "model": "LogisticRegression",
    "params": {
        "max_iter": 3000,
        "C": 1,
        "grid_search": false,
        "normalize": true
    },
    "mode": "training"
}