{
    "processing_time_seconds": 3.5172111988067627,
    "memory_usage_mb": 18.359375,
    "successful_samples": 5000,
    "total_samples": 5000,
    "error_rate": 0.0,
    "samples_per_second": 1421.5808256542239,
    "timestamp": "2025-06-03 14:03:30"
}