{
    "processing_time_seconds": 3.1453189849853516,
    "memory_usage_mb": 27.8671875,
    "successful_samples": 5000,
    "total_samples": 5000,
    "error_rate": 0.0,
    "samples_per_second": 1589.6638858787437,
    "timestamp": "2025-06-03 14:02:13"
}