{
    "processing_time_seconds": 15.68897819519043,
    "memory_usage_mb": 105.5625,
    "successful_samples": 25000,
    "total_samples": 25000,
    "error_rate": 0.0,
    "samples_per_second": 1593.4753486791085,
    "timestamp": "2025-06-03 14:01:53"
}