{
    "0": {
        "precision": 0.6159217877094972,
        "recall": 0.5848806366047745,
        "f1-score": 0.6,
        "support": 754.0
    },
    "1": {
        "precision": 0.45609065155807366,
        "recall": 0.49614791987673346,
        "f1-score": 0.4752767527675277,
        "support": 649.0
    },
    "2": {
        "precision": 0.5780590717299579,
        "recall": 0.6954314720812182,
        "f1-score": 0.631336405529954,
        "support": 394.0
    },
    "3": {
        "precision": 0.43243243243243246,
        "recall": 0.36363636363636365,
        "f1-score": 0.3950617283950617,
        "support": 44.0
    },
    "4": {
        "precision": 0.4649122807017544,
        "recall": 0.33974358974358976,
        "f1-score": 0.3925925925925926,
        "support": 156.0
    },
    "5": {
        "precision": 0.4555256064690027,
        "recall": 0.4720670391061452,
        "f1-score": 0.46364883401920437,
        "support": 358.0
    },
    "6": {
        "precision": 0.6259607173356105,
        "recall": 0.6621499548328816,
        "f1-score": 0.6435469710272168,
        "support": 1107.0
    },
    "7": {
        "precision": 0.6404199475065617,
        "recall": 0.7072463768115942,
        "f1-score": 0.6721763085399449,
        "support": 1035.0
    },
    "8": {
        "precision": 0.1828358208955224,
        "recall": 0.09741550695825049,
        "f1-score": 0.12710765239948119,
        "support": 503.0
    },
    "accuracy": 0.5578,
    "macro avg": {
        "precision": 0.4946842573709348,
        "recall": 0.49096876218350566,
        "f1-score": 0.4889719161412203,
        "support": 5000.0
    },
    "weighted avg": {
        "precision": 0.5381068445316836,
        "recall": 0.5578,
        "f1-score": 0.5452517449641081,
        "support": 5000.0
    },
    "model": "LogisticRegression"
}