{
    "0": {
        "precision": 0.4648318042813456,
        "recall": 0.47648902821316613,
        "f1-score": 0.47058823529411764,
        "support": 319.0
    },
    "1": {
        "precision": 0.5125,
        "recall": 0.5269922879177378,
        "f1-score": 0.5196451204055766,
        "support": 389.0
    },
    "2": {
        "precision": 0.48984771573604063,
        "recall": 0.48984771573604063,
        "f1-score": 0.48984771573604063,
        "support": 394.0
    },
    "3": {
        "precision": 0.5,
        "recall": 0.4897959183673469,
        "f1-score": 0.4948453608247423,
        "support": 392.0
    },
    "4": {
        "precision": 0.48429319371727747,
        "recall": 0.4805194805194805,
        "f1-score": 0.48239895697522817,
        "support": 385.0
    },
    "5": {
        "precision": 0.6095717884130982,
        "recall": 0.6126582278481013,
        "f1-score": 0.6111111111111112,
        "support": 395.0
    },
    "6": {
        "precision": 0.6290322580645161,
        "recall": 0.6,
        "f1-score": 0.6141732283464567,
        "support": 390.0
    },
    "7": {
        "precision": 0.655940594059406,
        "recall": 0.6691919191919192,
        "f1-score": 0.6625,
        "support": 396.0
    },
    "8": {
        "precision": 0.6699751861042184,
        "recall": 0.678391959798995,
        "f1-score": 0.6741573033707865,
        "support": 398.0
    },
    "9": {
        "precision": 0.753731343283582,
        "recall": 0.7632241813602015,
        "f1-score": 0.7584480600750939,
        "support": 397.0
    },
    "10": {
        "precision": 0.837696335078534,
        "recall": 0.8020050125313283,
        "f1-score": 0.8194622279129321,
        "support": 399.0
    },
    "11": {
        "precision": 0.7116402116402116,
        "recall": 0.6792929292929293,
        "f1-score": 0.6950904392764858,
        "support": 396.0
    },
    "12": {
        "precision": 0.46272493573264784,
        "recall": 0.4580152671755725,
        "f1-score": 0.46035805626598464,
        "support": 393.0
    },
    "13": {
        "precision": 0.7960339943342776,
        "recall": 0.7095959595959596,
        "f1-score": 0.7503337783711616,
        "support": 396.0
    },
    "14": {
        "precision": 0.6690821256038647,
        "recall": 0.7030456852791879,
        "f1-score": 0.6856435643564357,
        "support": 394.0
    },
    "15": {
        "precision": 0.6142857142857143,
        "recall": 0.6482412060301508,
        "f1-score": 0.6308068459657702,
        "support": 398.0
    },
    "16": {
        "precision": 0.556390977443609,
        "recall": 0.6098901098901099,
        "f1-score": 0.581913499344692,
        "support": 364.0
    },
    "17": {
        "precision": 0.7863013698630137,
        "recall": 0.7632978723404256,
        "f1-score": 0.7746288798920378,
        "support": 376.0
    },
    "18": {
        "precision": 0.4409722222222222,
        "recall": 0.4096774193548387,
        "f1-score": 0.42474916387959866,
        "support": 310.0
    },
    "19": {
        "precision": 0.32974910394265233,
        "recall": 0.3665338645418327,
        "f1-score": 0.3471698113207547,
        "support": 251.0
    },
    "accuracy": 0.6046202867764207,
    "macro avg": {
        "precision": 0.5987300436903116,
        "recall": 0.5968353022492662,
        "f1-score": 0.5973935679362504,
        "support": 7532.0
    },
    "weighted avg": {
        "precision": 0.6072375125373185,
        "recall": 0.6046202867764207,
        "f1-score": 0.6055516693633667,
        "support": 7532.0
    },
    "roc_auc": {
        "0": 0.9259026826780452,
        "1": 0.9275696234147297,
        "2": 0.9092762266158245,
        "3": 0.9290080317841423,
        "4": 0.9236272053118283,
        "5": 0.9543072914726785,
        "6": 0.9609837795920126,
        "7": 0.9589756165919283,
        "8": 0.9646025896231931,
        "9": 0.9855973056508255,
        "10": 0.9867641907235494,
        "11": 0.9649589363364588,
        "12": 0.9148215354357511,
        "13": 0.9650590829822893,
        "14": 0.9610044474912991,
        "15": 0.9686158575326874,
        "16": 0.9435766869848902,
        "17": 0.9777849713973098,
        "18": 0.896159137402739,
        "19": 0.8992958258984389
    },
    "model": "LogisticRegression",
    "params": {
        "max_iter": 200,
        "random_state": 42,
        "C": 0.9
    },
    "mode": "training"
}