{
    "0": {
        "precision": 0.48580441640378547,
        "recall": 0.4827586206896552,
        "f1-score": 0.48427672955974843,
        "support": 319.0
    },
    "1": {
        "precision": 0.5074626865671642,
        "recall": 0.5244215938303342,
        "f1-score": 0.515802781289507,
        "support": 389.0
    },
    "2": {
        "precision": 0.4849246231155779,
        "recall": 0.48984771573604063,
        "f1-score": 0.48737373737373735,
        "support": 394.0
    },
    "3": {
        "precision": 0.504,
        "recall": 0.48214285714285715,
        "f1-score": 0.49282920469361147,
        "support": 392.0
    },
    "4": {
        "precision": 0.49476439790575916,
        "recall": 0.4909090909090909,
        "f1-score": 0.49282920469361147,
        "support": 385.0
    },
    "5": {
        "precision": 0.617948717948718,
        "recall": 0.610126582278481,
        "f1-score": 0.6140127388535032,
        "support": 395.0
    },
    "6": {
        "precision": 0.6253369272237197,
        "recall": 0.5948717948717949,
        "f1-score": 0.6097240473061761,
        "support": 390.0
    },
    "7": {
        "precision": 0.6608478802992519,
        "recall": 0.6691919191919192,
        "f1-score": 0.6649937264742786,
        "support": 396.0
    },
    "8": {
        "precision": 0.6519607843137255,
        "recall": 0.6683417085427136,
        "f1-score": 0.6600496277915633,
        "support": 398.0
    },
    "9": {
        "precision": 0.7673267326732673,
        "recall": 0.7808564231738035,
        "f1-score": 0.7740324594257179,
        "support": 397.0
    },
    "10": {
        "precision": 0.8364116094986808,
        "recall": 0.7944862155388471,
        "f1-score": 0.8149100257069408,
        "support": 399.0
    },
    "11": {
        "precision": 0.7161803713527851,
        "recall": 0.6818181818181818,
        "f1-score": 0.6985769728331177,
        "support": 396.0
    },
    "12": {
        "precision": 0.44556962025316454,
        "recall": 0.44783715012722647,
        "f1-score": 0.4467005076142132,
        "support": 393.0
    },
    "13": {
        "precision": 0.792022792022792,
        "recall": 0.702020202020202,
        "f1-score": 0.7443105756358769,
        "support": 396.0
    },
    "14": {
        "precision": 0.6878048780487804,
        "recall": 0.7157360406091371,
        "f1-score": 0.7014925373134329,
        "support": 394.0
    },
    "15": {
        "precision": 0.6102088167053364,
        "recall": 0.6608040201005025,
        "f1-score": 0.6344993968636912,
        "support": 398.0
    },
    "16": {
        "precision": 0.5517241379310345,
        "recall": 0.6153846153846154,
        "f1-score": 0.5818181818181818,
        "support": 364.0
    },
    "17": {
        "precision": 0.7901907356948229,
        "recall": 0.7712765957446809,
        "f1-score": 0.7806191117092867,
        "support": 376.0
    },
    "18": {
        "precision": 0.4529616724738676,
        "recall": 0.41935483870967744,
        "f1-score": 0.4355108877721943,
        "support": 310.0
    },
    "19": {
        "precision": 0.31316725978647686,
        "recall": 0.350597609561753,
        "f1-score": 0.3308270676691729,
        "support": 251.0
    },
    "accuracy": 0.6055496548061604,
    "macro avg": {
        "precision": 0.5998309530109355,
        "recall": 0.5976391887990757,
        "f1-score": 0.5982594761198781,
        "support": 7532.0
    },
    "weighted avg": {
        "precision": 0.6083602468919187,
        "recall": 0.6055496548061604,
        "f1-score": 0.6064904314168942,
        "support": 7532.0
    },
    "roc_auc": {
        "0": 0.9255910718499818,
        "1": 0.928450274182177,
        "2": 0.9102145804324606,
        "3": 0.9298115674841365,
        "4": 0.9244656281175099,
        "5": 0.9550763271452211,
        "6": 0.9619147118167,
        "7": 0.9590796558635685,
        "8": 0.9637048432518635,
        "9": 0.9854532681163384,
        "10": 0.9866074832391507,
        "11": 0.9644716503601033,
        "12": 0.914960185370329,
        "13": 0.9636658768175024,
        "14": 0.9600433370834298,
        "15": 0.9690694853578236,
        "16": 0.9441964285714286,
        "17": 0.9774192613251192,
        "18": 0.8970917715582316,
        "19": 0.9006599614452505
    },
    "model": "LogisticRegression",
    "params": {
        "max_iter": 5000,
        "random_state": 42,
        "C": 0.9
    },
    "mode": "training"
}