{
    "0": {
        "precision": 0.9069767441860465,
        "recall": 0.89375,
        "f1-score": 0.9003147953830011,
        "support": 480.0
    },
    "1": {
        "precision": 0.8458844133099825,
        "recall": 0.827054794520548,
        "f1-score": 0.8363636363636363,
        "support": 584.0
    },
    "2": {
        "precision": 0.8263069139966274,
        "recall": 0.8291032148900169,
        "f1-score": 0.8277027027027027,
        "support": 591.0
    },
    "3": {
        "precision": 0.7725694444444444,
        "recall": 0.7542372881355932,
        "f1-score": 0.7632933104631218,
        "support": 590.0
    },
    "4": {
        "precision": 0.8228070175438597,
        "recall": 0.8114186851211073,
        "f1-score": 0.8170731707317073,
        "support": 578.0
    },
    "5": {
        "precision": 0.8576158940397351,
        "recall": 0.8735244519392917,
        "f1-score": 0.8654970760233918,
        "support": 593.0
    },
    "6": {
        "precision": 0.8850574712643678,
        "recall": 0.9213675213675213,
        "f1-score": 0.9028475711892797,
        "support": 585.0
    },
    "7": {
        "precision": 0.9216354344122658,
        "recall": 0.9107744107744108,
        "f1-score": 0.9161727349703641,
        "support": 594.0
    },
    "8": {
        "precision": 0.9215358931552587,
        "recall": 0.9230769230769231,
        "f1-score": 0.9223057644110275,
        "support": 598.0
    },
    "9": {
        "precision": 0.9916107382550335,
        "recall": 0.9899497487437185,
        "f1-score": 0.9907795473595976,
        "support": 597.0
    },
    "10": {
        "precision": 0.9933110367892977,
        "recall": 0.99,
        "f1-score": 0.991652754590985,
        "support": 600.0
    },
    "11": {
        "precision": 0.976271186440678,
        "recall": 0.9680672268907563,
        "f1-score": 0.9721518987341772,
        "support": 595.0
    },
    "12": {
        "precision": 0.8481228668941979,
        "recall": 0.8409475465313029,
        "f1-score": 0.8445199660152931,
        "support": 591.0
    },
    "13": {
        "precision": 0.9749163879598662,
        "recall": 0.9814814814814815,
        "f1-score": 0.9781879194630873,
        "support": 594.0
    },
    "14": {
        "precision": 0.9306930693069307,
        "recall": 0.9510961214165261,
        "f1-score": 0.9407839866555463,
        "support": 593.0
    },
    "15": {
        "precision": 0.9080459770114943,
        "recall": 0.9232053422370617,
        "f1-score": 0.9155629139072847,
        "support": 599.0
    },
    "16": {
        "precision": 0.9458483754512635,
        "recall": 0.9597069597069597,
        "f1-score": 0.9527272727272728,
        "support": 546.0
    },
    "17": {
        "precision": 0.9842381786339754,
        "recall": 0.9964539007092199,
        "f1-score": 0.9903083700440528,
        "support": 564.0
    },
    "18": {
        "precision": 0.9465811965811965,
        "recall": 0.9526881720430107,
        "f1-score": 0.9496248660235799,
        "support": 465.0
    },
    "19": {
        "precision": 0.8707865168539326,
        "recall": 0.8222811671087533,
        "f1-score": 0.8458390177353342,
        "support": 377.0
    },
    "accuracy": 0.907106240056567,
    "macro avg": {
        "precision": 0.9065407378265228,
        "recall": 0.9060092478347102,
        "f1-score": 0.9061854637747221,
        "support": 11314.0
    },
    "weighted avg": {
        "precision": 0.9067489211583494,
        "recall": 0.907106240056567,
        "f1-score": 0.906848283132491,
        "support": 11314.0
    },
    "roc_auc": null,
    "model": "LogisticRegression",
    "params": {
        "max_iter": 5000,
        "random_state": 42,
        "C": 0.9
    },
    "mode": "training"
}