{
    "0": {
        "precision": 0.4952681388012618,
        "recall": 0.49216300940438873,
        "f1-score": 0.4937106918238994,
        "support": 319.0
    },
    "1": {
        "precision": 0.6015831134564644,
        "recall": 0.5861182519280206,
        "f1-score": 0.59375,
        "support": 389.0
    },
    "2": {
        "precision": 0.5572139303482587,
        "recall": 0.5685279187817259,
        "f1-score": 0.5628140703517588,
        "support": 394.0
    },
    "3": {
        "precision": 0.4963144963144963,
        "recall": 0.5153061224489796,
        "f1-score": 0.5056320400500626,
        "support": 392.0
    },
    "4": {
        "precision": 0.5756756756756757,
        "recall": 0.5532467532467532,
        "f1-score": 0.5642384105960265,
        "support": 385.0
    },
    "5": {
        "precision": 0.6587301587301587,
        "recall": 0.6303797468354431,
        "f1-score": 0.6442432082794308,
        "support": 395.0
    },
    "6": {
        "precision": 0.6736292428198434,
        "recall": 0.6615384615384615,
        "f1-score": 0.6675291073738681,
        "support": 390.0
    },
    "7": {
        "precision": 0.7121212121212122,
        "recall": 0.7121212121212122,
        "f1-score": 0.7121212121212122,
        "support": 396.0
    },
    "8": {
        "precision": 0.7150395778364116,
        "recall": 0.6809045226130653,
        "f1-score": 0.6975546975546976,
        "support": 398.0
    },
    "9": {
        "precision": 0.7889688249400479,
        "recall": 0.8287153652392947,
        "f1-score": 0.8083538083538083,
        "support": 397.0
    },
    "10": {
        "precision": 0.8779840848806366,
        "recall": 0.8295739348370927,
        "f1-score": 0.8530927835051546,
        "support": 399.0
    },
    "11": {
        "precision": 0.7692307692307693,
        "recall": 0.7070707070707071,
        "f1-score": 0.7368421052631579,
        "support": 396.0
    },
    "12": {
        "precision": 0.4760820045558087,
        "recall": 0.5318066157760815,
        "f1-score": 0.5024038461538461,
        "support": 393.0
    },
    "13": {
        "precision": 0.8446866485013624,
        "recall": 0.7828282828282829,
        "f1-score": 0.8125819134993447,
        "support": 396.0
    },
    "14": {
        "precision": 0.7166666666666667,
        "recall": 0.7639593908629442,
        "f1-score": 0.7395577395577395,
        "support": 394.0
    },
    "15": {
        "precision": 0.6414686825053996,
        "recall": 0.7462311557788944,
        "f1-score": 0.6898954703832753,
        "support": 398.0
    },
    "16": {
        "precision": 0.5523809523809524,
        "recall": 0.6373626373626373,
        "f1-score": 0.5918367346938775,
        "support": 364.0
    },
    "17": {
        "precision": 0.8201634877384196,
        "recall": 0.800531914893617,
        "f1-score": 0.8102288021534321,
        "support": 376.0
    },
    "18": {
        "precision": 0.5055350553505535,
        "recall": 0.44193548387096776,
        "f1-score": 0.47160068846815834,
        "support": 310.0
    },
    "19": {
        "precision": 0.4027777777777778,
        "recall": 0.3466135458167331,
        "f1-score": 0.37259100642398285,
        "support": 251.0
    },
    "accuracy": 0.650292087095061,
    "macro avg": {
        "precision": 0.6440760250316089,
        "recall": 0.6408467516627651,
        "f1-score": 0.6415289168303366,
        "support": 7532.0
    },
    "weighted avg": {
        "precision": 0.6521400519594787,
        "recall": 0.650292087095061,
        "f1-score": 0.6503136418135953,
        "support": 7532.0
    },
    "roc_auc": {
        "0": 0.939390607432505,
        "1": 0.9470828578287046,
        "2": 0.9369133955252009,
        "3": 0.9422204596124163,
        "4": 0.9393969679404128,
        "5": 0.9647815005773088,
        "6": 0.9708933790003519,
        "7": 0.9691686342120758,
        "8": 0.9724283739978277,
        "9": 0.9908539695932528,
        "10": 0.9923613885407476,
        "11": 0.970360485459981,
        "12": 0.9310949032070193,
        "13": 0.9792469963083752,
        "14": 0.9708747633670083,
        "15": 0.9772640184381397,
        "16": 0.9577575396144036,
        "17": 0.9857142644767669,
        "18": 0.9151329718333765,
        "19": 0.921674652851306
    },
    "model": "LogisticRegression",
    "params": {
        "max_iter": 2000,
        "random_state": 42,
        "C": 0.5,
        "tol": 0.0035
    },
    "mode": "training"
}