{
    "0": {
        "precision": 0.7679324894514767,
        "recall": 0.7583333333333333,
        "f1-score": 0.7631027253668763,
        "support": 480.0
    },
    "1": {
        "precision": 0.7168141592920354,
        "recall": 0.6934931506849316,
        "f1-score": 0.7049608355091384,
        "support": 584.0
    },
    "2": {
        "precision": 0.6972176759410802,
        "recall": 0.7208121827411168,
        "f1-score": 0.7088186356073212,
        "support": 591.0
    },
    "3": {
        "precision": 0.6279863481228669,
        "recall": 0.6237288135593221,
        "f1-score": 0.6258503401360545,
        "support": 590.0
    },
    "4": {
        "precision": 0.7064846416382252,
        "recall": 0.7162629757785467,
        "f1-score": 0.711340206185567,
        "support": 578.0
    },
    "5": {
        "precision": 0.7563025210084033,
        "recall": 0.7588532883642496,
        "f1-score": 0.7575757575757576,
        "support": 593.0
    },
    "6": {
        "precision": 0.7733333333333333,
        "recall": 0.7931623931623931,
        "f1-score": 0.7831223628691983,
        "support": 585.0
    },
    "7": {
        "precision": 0.7895622895622896,
        "recall": 0.7895622895622896,
        "f1-score": 0.7895622895622896,
        "support": 594.0
    },
    "8": {
        "precision": 0.7864238410596026,
        "recall": 0.794314381270903,
        "f1-score": 0.7903494176372712,
        "support": 598.0
    },
    "9": {
        "precision": 0.8870431893687708,
        "recall": 0.8944723618090452,
        "f1-score": 0.890742285237698,
        "support": 597.0
    },
    "10": {
        "precision": 0.9256756756756757,
        "recall": 0.9133333333333333,
        "f1-score": 0.9194630872483222,
        "support": 600.0
    },
    "11": {
        "precision": 0.8618968386023295,
        "recall": 0.8705882352941177,
        "f1-score": 0.8662207357859532,
        "support": 595.0
    },
    "12": {
        "precision": 0.7145328719723183,
        "recall": 0.6988155668358714,
        "f1-score": 0.7065868263473054,
        "support": 591.0
    },
    "13": {
        "precision": 0.8931552587646077,
        "recall": 0.9006734006734006,
        "f1-score": 0.8968985750209556,
        "support": 594.0
    },
    "14": {
        "precision": 0.8240131578947368,
        "recall": 0.8448566610455311,
        "f1-score": 0.8343047460449625,
        "support": 593.0
    },
    "15": {
        "precision": 0.7797716150081566,
        "recall": 0.7979966611018364,
        "f1-score": 0.7887788778877888,
        "support": 599.0
    },
    "16": {
        "precision": 0.8060263653483992,
        "recall": 0.7838827838827839,
        "f1-score": 0.7948003714020427,
        "support": 546.0
    },
    "17": {
        "precision": 0.8910034602076125,
        "recall": 0.9131205673758865,
        "f1-score": 0.9019264448336253,
        "support": 564.0
    },
    "18": {
        "precision": 0.776595744680851,
        "recall": 0.7849462365591398,
        "f1-score": 0.7807486631016043,
        "support": 465.0
    },
    "19": {
        "precision": 0.672782874617737,
        "recall": 0.583554376657825,
        "f1-score": 0.625,
        "support": 377.0
    },
    "accuracy": 0.7857521654587237,
    "macro avg": {
        "precision": 0.7827277175775254,
        "recall": 0.7817381496512927,
        "f1-score": 0.7820076591679866,
        "support": 11314.0
    },
    "weighted avg": {
        "precision": 0.7850476491206009,
        "recall": 0.7857521654587237,
        "f1-score": 0.785226034869764,
        "support": 11314.0
    },
    "roc_auc": null,
    "model": "LogisticRegression",
    "params": {
        "max_iter": 2000,
        "random_state": 42,
        "C": 0.5,
        "tol": 0.0035
    },
    "mode": "training"
}