{
    "0": {
        "precision": 0.9054621848739496,
        "recall": 0.8979166666666667,
        "f1-score": 0.9016736401673641,
        "support": 480.0
    },
    "1": {
        "precision": 0.8336221837088388,
        "recall": 0.8236301369863014,
        "f1-score": 0.8285960378983634,
        "support": 584.0
    },
    "2": {
        "precision": 0.8231292517006803,
        "recall": 0.8189509306260575,
        "f1-score": 0.8210347752332485,
        "support": 591.0
    },
    "3": {
        "precision": 0.7646048109965635,
        "recall": 0.7542372881355932,
        "f1-score": 0.7593856655290102,
        "support": 590.0
    },
    "4": {
        "precision": 0.8006932409012132,
        "recall": 0.7993079584775087,
        "f1-score": 0.8,
        "support": 578.0
    },
    "5": {
        "precision": 0.8561872909698997,
        "recall": 0.863406408094435,
        "f1-score": 0.8597816960537363,
        "support": 593.0
    },
    "6": {
        "precision": 0.8795379537953796,
        "recall": 0.9111111111111111,
        "f1-score": 0.8950461796809404,
        "support": 585.0
    },
    "7": {
        "precision": 0.9189655172413793,
        "recall": 0.8973063973063973,
        "f1-score": 0.9080068143100511,
        "support": 594.0
    },
    "8": {
        "precision": 0.9181969949916527,
        "recall": 0.919732441471572,
        "f1-score": 0.9189640768588136,
        "support": 598.0
    },
    "9": {
        "precision": 0.9882943143812709,
        "recall": 0.9899497487437185,
        "f1-score": 0.9891213389121339,
        "support": 597.0
    },
    "10": {
        "precision": 0.9916387959866221,
        "recall": 0.9883333333333333,
        "f1-score": 0.989983305509182,
        "support": 600.0
    },
    "11": {
        "precision": 0.9728353140916808,
        "recall": 0.9630252100840336,
        "f1-score": 0.9679054054054054,
        "support": 595.0
    },
    "12": {
        "precision": 0.8439108061749572,
        "recall": 0.8324873096446701,
        "f1-score": 0.838160136286201,
        "support": 591.0
    },
    "13": {
        "precision": 0.9731543624161074,
        "recall": 0.9764309764309764,
        "f1-score": 0.9747899159663865,
        "support": 594.0
    },
    "14": {
        "precision": 0.9209225700164745,
        "recall": 0.9426644182124789,
        "f1-score": 0.9316666666666666,
        "support": 593.0
    },
    "15": {
        "precision": 0.9042904290429042,
        "recall": 0.9148580968280468,
        "f1-score": 0.9095435684647303,
        "support": 599.0
    },
    "16": {
        "precision": 0.9389587073608617,
        "recall": 0.9578754578754579,
        "f1-score": 0.9483227561196736,
        "support": 546.0
    },
    "17": {
        "precision": 0.9825174825174825,
        "recall": 0.9964539007092199,
        "f1-score": 0.9894366197183099,
        "support": 564.0
    },
    "18": {
        "precision": 0.9483870967741935,
        "recall": 0.9483870967741935,
        "f1-score": 0.9483870967741935,
        "support": 465.0
    },
    "19": {
        "precision": 0.8583333333333333,
        "recall": 0.8196286472148541,
        "f1-score": 0.8385345997286295,
        "support": 377.0
    },
    "accuracy": 0.9017146897648931,
    "macro avg": {
        "precision": 0.9011821320637724,
        "recall": 0.9007846767363313,
        "f1-score": 0.900917014764152,
        "support": 11314.0
    },
    "weighted avg": {
        "precision": 0.901436911366449,
        "recall": 0.9017146897648931,
        "f1-score": 0.9015156087642054,
        "support": 11314.0
    },
    "roc_auc": null,
    "model": "LogisticRegression",
    "params": {
        "max_iter": 200,
        "random_state": 42,
        "C": 0.9
    },
    "mode": "training"
}