{
    "0": {
        "precision": 1.0,
        "recall": 0.11678832116788321,
        "f1-score": 0.20915032679738563,
        "support": 137.0
    },
    "1": {
        "precision": 0.75,
        "recall": 0.5903890160183066,
        "f1-score": 0.6606914212548015,
        "support": 437.0
    },
    "2": {
        "precision": 0.8213998390989542,
        "recall": 0.894829097283085,
        "f1-score": 0.8565436241610739,
        "support": 1141.0
    },
    "3": {
        "precision": 0.8368421052631579,
        "recall": 0.4818181818181818,
        "f1-score": 0.6115384615384616,
        "support": 330.0
    },
    "4": {
        "precision": 0.9069767441860465,
        "recall": 0.30708661417322836,
        "f1-score": 0.4588235294117647,
        "support": 254.0
    },
    "5": {
        "precision": 0.7936507936507936,
        "recall": 0.6352087114337568,
        "f1-score": 0.7056451612903226,
        "support": 551.0
    },
    "6": {
        "precision": 0.3724911452184179,
        "recall": 0.797724399494311,
        "f1-score": 0.5078470824949698,
        "support": 791.0
    },
    "7": {
        "precision": 0.717391304347826,
        "recall": 0.4794188861985472,
        "f1-score": 0.5747460087082729,
        "support": 413.0
    },
    "8": {
        "precision": 0.8394160583941606,
        "recall": 0.49145299145299143,
        "f1-score": 0.6199460916442049,
        "support": 234.0
    },
    "9": {
        "precision": 0.96,
        "recall": 0.3609022556390977,
        "f1-score": 0.5245901639344263,
        "support": 133.0
    },
    "10": {
        "precision": 0.844311377245509,
        "recall": 0.6238938053097345,
        "f1-score": 0.7175572519083969,
        "support": 226.0
    },
    "11": {
        "precision": 0.7798525798525798,
        "recall": 0.9357311320754716,
        "f1-score": 0.8507102653444116,
        "support": 1696.0
    },
    "12": {
        "precision": 0.6872852233676976,
        "recall": 0.4424778761061947,
        "f1-score": 0.5383580080753702,
        "support": 452.0
    },
    "13": {
        "precision": 0.6389244558258643,
        "recall": 0.7048022598870056,
        "f1-score": 0.6702484889187375,
        "support": 708.0
    },
    "14": {
        "precision": 0.662807525325615,
        "recall": 0.7122861586314152,
        "f1-score": 0.6866566716641679,
        "support": 643.0
    },
    "15": {
        "precision": 0.6330749354005168,
        "recall": 0.4861111111111111,
        "f1-score": 0.5499438832772167,
        "support": 504.0
    },
    "16": {
        "precision": 0.689119170984456,
        "recall": 0.434640522875817,
        "f1-score": 0.533066132264529,
        "support": 306.0
    },
    "17": {
        "precision": 0.8303030303030303,
        "recall": 0.545816733067729,
        "f1-score": 0.6586538461538461,
        "support": 251.0
    },
    "18": {
        "precision": 0.5736994219653179,
        "recall": 0.7462406015037594,
        "f1-score": 0.6486928104575164,
        "support": 532.0
    },
    "19": {
        "precision": 0.8925619834710744,
        "recall": 0.41379310344827586,
        "f1-score": 0.5654450261780105,
        "support": 261.0
    },
    "accuracy": 0.6779,
    "macro avg": {
        "precision": 0.7615053846950508,
        "recall": 0.5600705889347952,
        "f1-score": 0.6074427127738944,
        "support": 10000.0
    },
    "weighted avg": {
        "precision": 0.7239979339400652,
        "recall": 0.6779,
        "f1-score": 0.6718430729439835,
        "support": 10000.0
    },
    "roc_auc": null,
    "model": "LogisticRegression",
    "params": {
        "max_iter": 5000,
        "random_state": 42,
        "C": 0.9,
        "grid_search": false
    },
    "mode": "training"
}