{
    "0": {
        "precision": 0.8181818181818182,
        "recall": 0.07086614173228346,
        "f1-score": 0.13043478260869565,
        "support": 127.0
    },
    "1": {
        "precision": 0.6228571428571429,
        "recall": 0.5093457943925234,
        "f1-score": 0.5604113110539846,
        "support": 428.0
    },
    "2": {
        "precision": 0.7516556291390728,
        "recall": 0.859035004730369,
        "f1-score": 0.801766004415011,
        "support": 1057.0
    },
    "3": {
        "precision": 0.7005649717514124,
        "recall": 0.36470588235294116,
        "f1-score": 0.4796905222437137,
        "support": 340.0
    },
    "4": {
        "precision": 0.8227848101265823,
        "recall": 0.22413793103448276,
        "f1-score": 0.3523035230352303,
        "support": 290.0
    },
    "5": {
        "precision": 0.7446351931330472,
        "recall": 0.6024305555555556,
        "f1-score": 0.6660268714011516,
        "support": 576.0
    },
    "6": {
        "precision": 0.3423319931074095,
        "recall": 0.720677146311971,
        "f1-score": 0.46417445482866043,
        "support": 827.0
    },
    "7": {
        "precision": 0.6434426229508197,
        "recall": 0.3369098712446352,
        "f1-score": 0.4422535211267606,
        "support": 466.0
    },
    "8": {
        "precision": 0.72,
        "recall": 0.3287671232876712,
        "f1-score": 0.45141065830721006,
        "support": 219.0
    },
    "9": {
        "precision": 0.84,
        "recall": 0.14482758620689656,
        "f1-score": 0.24705882352941178,
        "support": 145.0
    },
    "10": {
        "precision": 0.7769784172661871,
        "recall": 0.5538461538461539,
        "f1-score": 0.6467065868263473,
        "support": 195.0
    },
    "11": {
        "precision": 0.729089219330855,
        "recall": 0.9367164179104478,
        "f1-score": 0.8199634178207473,
        "support": 1675.0
    },
    "12": {
        "precision": 0.49074074074074076,
        "recall": 0.3434125269978402,
        "f1-score": 0.4040660736975858,
        "support": 463.0
    },
    "13": {
        "precision": 0.5437262357414449,
        "recall": 0.6529680365296804,
        "f1-score": 0.5933609958506224,
        "support": 657.0
    },
    "14": {
        "precision": 0.5580357142857143,
        "recall": 0.583203732503888,
        "f1-score": 0.5703422053231939,
        "support": 643.0
    },
    "15": {
        "precision": 0.5211267605633803,
        "recall": 0.38702928870292885,
        "f1-score": 0.44417767106842737,
        "support": 478.0
    },
    "16": {
        "precision": 0.4854368932038835,
        "recall": 0.2808988764044944,
        "f1-score": 0.35587188612099646,
        "support": 356.0
    },
    "17": {
        "precision": 0.7062937062937062,
        "recall": 0.4190871369294606,
        "f1-score": 0.5260416666666666,
        "support": 241.0
    },
    "18": {
        "precision": 0.5034013605442177,
        "recall": 0.6702898550724637,
        "f1-score": 0.574980574980575,
        "support": 552.0
    },
    "19": {
        "precision": 0.6785714285714286,
        "recall": 0.21509433962264152,
        "f1-score": 0.32664756446991405,
        "support": 265.0
    },
    "accuracy": 0.597,
    "macro avg": {
        "precision": 0.6499927328894431,
        "recall": 0.4602124700684664,
        "f1-score": 0.49288445576874523,
        "support": 10000.0
    },
    "weighted avg": {
        "precision": 0.6298957511439075,
        "recall": 0.597,
        "f1-score": 0.5790358636498435,
        "support": 10000.0
    },
    "roc_auc": {
        "0": 0.9005120941468461,
        "1": 0.9157841113684384,
        "2": 0.9700819898884463,
        "3": 0.9103397880891486,
        "4": 0.9063088177847225,
        "5": 0.9368058503112621,
        "6": 0.8978502837634923,
        "7": 0.9025511586722379,
        "8": 0.9068635071536979,
        "9": 0.9153134239577319,
        "10": 0.9347881117692438,
        "11": 0.9809295863027206,
        "12": 0.9039636690656443,
        "13": 0.9239220761406444,
        "14": 0.914667390004672,
        "15": 0.8861269519869863,
        "16": 0.8836433784293896,
        "17": 0.9352367152100052,
        "18": 0.929236423014149,
        "19": 0.8870358849124439
    },
    "model": "LogisticRegression",
    "params": {
        "max_iter": 5000,
        "random_state": 42,
        "C": 0.9,
        "grid_search": false
    },
    "mode": "training"
}