{
    "0": {
        "precision": 0.4429530201342282,
        "recall": 0.4125,
        "f1-score": 0.42718446601941745,
        "support": 480.0
    },
    "1": {
        "precision": 0.4077669902912621,
        "recall": 0.4315068493150685,
        "f1-score": 0.4193011647254576,
        "support": 584.0
    },
    "2": {
        "precision": 0.3471615720524017,
        "recall": 0.26903553299492383,
        "f1-score": 0.3031458531935176,
        "support": 591.0
    },
    "3": {
        "precision": 0.3684210526315789,
        "recall": 0.32033898305084746,
        "f1-score": 0.34270172257479603,
        "support": 590.0
    },
    "4": {
        "precision": 0.3509933774834437,
        "recall": 0.2750865051903114,
        "f1-score": 0.3084384093113482,
        "support": 578.0
    },
    "5": {
        "precision": 0.3852080123266564,
        "recall": 0.42158516020236086,
        "f1-score": 0.4025764895330113,
        "support": 593.0
    },
    "6": {
        "precision": 0.35974643423137875,
        "recall": 0.38803418803418804,
        "f1-score": 0.37335526315789475,
        "support": 585.0
    },
    "7": {
        "precision": 0.413854351687389,
        "recall": 0.39225589225589225,
        "f1-score": 0.40276577355229043,
        "support": 594.0
    },
    "8": {
        "precision": 0.43089430894308944,
        "recall": 0.4431438127090301,
        "f1-score": 0.43693322341302554,
        "support": 598.0
    },
    "9": {
        "precision": 0.6062091503267973,
        "recall": 0.6214405360134003,
        "f1-score": 0.6137303556658396,
        "support": 597.0
    },
    "10": {
        "precision": 0.581294964028777,
        "recall": 0.6733333333333333,
        "f1-score": 0.623938223938224,
        "support": 600.0
    },
    "11": {
        "precision": 0.5716440422322775,
        "recall": 0.6369747899159663,
        "f1-score": 0.6025437201907791,
        "support": 595.0
    },
    "12": {
        "precision": 0.34555984555984554,
        "recall": 0.30287648054145516,
        "f1-score": 0.32281334535617673,
        "support": 591.0
    },
    "13": {
        "precision": 0.5547445255474452,
        "recall": 0.6397306397306397,
        "f1-score": 0.5942142298670836,
        "support": 594.0
    },
    "14": {
        "precision": 0.4543046357615894,
        "recall": 0.5784148397976391,
        "f1-score": 0.5089020771513353,
        "support": 593.0
    },
    "15": {
        "precision": 0.4425531914893617,
        "recall": 0.5208681135225376,
        "f1-score": 0.4785276073619632,
        "support": 599.0
    },
    "16": {
        "precision": 0.5133689839572193,
        "recall": 0.5274725274725275,
        "f1-score": 0.5203252032520326,
        "support": 546.0
    },
    "17": {
        "precision": 0.5906040268456376,
        "recall": 0.624113475177305,
        "f1-score": 0.6068965517241379,
        "support": 564.0
    },
    "18": {
        "precision": 0.45145631067961167,
        "recall": 0.4,
        "f1-score": 0.4241733181299886,
        "support": 465.0
    },
    "19": {
        "precision": 0.3393939393939394,
        "recall": 0.14854111405835543,
        "f1-score": 0.2066420664206642,
        "support": 377.0
    },
    "accuracy": 0.4580166165812268,
    "macro avg": {
        "precision": 0.44790663678019654,
        "recall": 0.4513626386657891,
        "f1-score": 0.44595545322694924,
        "support": 11314.0
    },
    "weighted avg": {
        "precision": 0.4497860846031806,
        "recall": 0.4580166165812268,
        "f1-score": 0.45078565590366426,
        "support": 11314.0
    },
    "roc_auc": null,
    "model": "LogisticRegression",
    "params": {
        "max_iter": 5000,
        "random_state": 42,
        "C": 0.9,
        "tol": 0.0005
    },
    "mode": "training"
}