{
    "0": {
        "precision": 0.2847457627118644,
        "recall": 0.26332288401253917,
        "f1-score": 0.2736156351791531,
        "support": 319.0
    },
    "1": {
        "precision": 0.38823529411764707,
        "recall": 0.4241645244215938,
        "f1-score": 0.40540540540540543,
        "support": 389.0
    },
    "2": {
        "precision": 0.29829545454545453,
        "recall": 0.26649746192893403,
        "f1-score": 0.28150134048257375,
        "support": 394.0
    },
    "3": {
        "precision": 0.3033033033033033,
        "recall": 0.2576530612244898,
        "f1-score": 0.2786206896551724,
        "support": 392.0
    },
    "4": {
        "precision": 0.3023255813953488,
        "recall": 0.23636363636363636,
        "f1-score": 0.2653061224489796,
        "support": 385.0
    },
    "5": {
        "precision": 0.33429394812680113,
        "recall": 0.2936708860759494,
        "f1-score": 0.31266846361185985,
        "support": 395.0
    },
    "6": {
        "precision": 0.3241206030150754,
        "recall": 0.33076923076923076,
        "f1-score": 0.32741116751269034,
        "support": 390.0
    },
    "7": {
        "precision": 0.37017994858611825,
        "recall": 0.36363636363636365,
        "f1-score": 0.3668789808917197,
        "support": 396.0
    },
    "8": {
        "precision": 0.37170263788968827,
        "recall": 0.38944723618090454,
        "f1-score": 0.3803680981595092,
        "support": 398.0
    },
    "9": {
        "precision": 0.5535714285714286,
        "recall": 0.6246851385390428,
        "f1-score": 0.58698224852071,
        "support": 397.0
    },
    "10": {
        "precision": 0.6,
        "recall": 0.5789473684210527,
        "f1-score": 0.5892857142857143,
        "support": 399.0
    },
    "11": {
        "precision": 0.49038461538461536,
        "recall": 0.5151515151515151,
        "f1-score": 0.5024630541871922,
        "support": 396.0
    },
    "12": {
        "precision": 0.29906542056074764,
        "recall": 0.24427480916030533,
        "f1-score": 0.2689075630252101,
        "support": 393.0
    },
    "13": {
        "precision": 0.44608879492600423,
        "recall": 0.5328282828282829,
        "f1-score": 0.4856156501726122,
        "support": 396.0
    },
    "14": {
        "precision": 0.42570281124497994,
        "recall": 0.5380710659898477,
        "f1-score": 0.47533632286995514,
        "support": 394.0
    },
    "15": {
        "precision": 0.3567362428842505,
        "recall": 0.4723618090452261,
        "f1-score": 0.4064864864864865,
        "support": 398.0
    },
    "16": {
        "precision": 0.3983050847457627,
        "recall": 0.3873626373626374,
        "f1-score": 0.39275766016713093,
        "support": 364.0
    },
    "17": {
        "precision": 0.5147392290249433,
        "recall": 0.6037234042553191,
        "f1-score": 0.5556915544675642,
        "support": 376.0
    },
    "18": {
        "precision": 0.26501766784452296,
        "recall": 0.24193548387096775,
        "f1-score": 0.25295109612141653,
        "support": 310.0
    },
    "19": {
        "precision": 0.3023255813953488,
        "recall": 0.1553784860557769,
        "f1-score": 0.20526315789473684,
        "support": 251.0
    },
    "accuracy": 0.393255443441317,
    "macro avg": {
        "precision": 0.38145697051369526,
        "recall": 0.3860122642646808,
        "f1-score": 0.38067582057728966,
        "support": 7532.0
    },
    "weighted avg": {
        "precision": 0.3852196367330839,
        "recall": 0.393255443441317,
        "f1-score": 0.3865036369915381,
        "support": 7532.0
    },
    "roc_auc": {
        "0": 0.8569780181812097,
        "1": 0.8681969548269701,
        "2": 0.8257662926526079,
        "3": 0.830543288744069,
        "4": 0.8317742981797829,
        "5": 0.8547991124874296,
        "6": 0.8654553418205057,
        "7": 0.8730165302124383,
        "8": 0.8630575783318049,
        "9": 0.9363493545671019,
        "10": 0.9418005619684989,
        "11": 0.8839893115572768,
        "12": 0.7905486010791883,
        "13": 0.8987099838066765,
        "14": 0.8819772064293059,
        "15": 0.9083136456039661,
        "16": 0.859221310218799,
        "17": 0.9332084815004221,
        "18": 0.807831357590159,
        "19": 0.846328461733344
    },
    "model": "LogisticRegression",
    "params": {
        "max_iter": 5000,
        "random_state": 42,
        "C": 0.9,
        "tol": 0.0035
    },
    "mode": "training"
}