{
    "0": {
        "precision": 0.4484304932735426,
        "recall": 0.4166666666666667,
        "f1-score": 0.4319654427645788,
        "support": 480.0
    },
    "1": {
        "precision": 0.4057971014492754,
        "recall": 0.4315068493150685,
        "f1-score": 0.4182572614107884,
        "support": 584.0
    },
    "2": {
        "precision": 0.355119825708061,
        "recall": 0.27580372250423013,
        "f1-score": 0.31047619047619046,
        "support": 591.0
    },
    "3": {
        "precision": 0.36416184971098264,
        "recall": 0.32033898305084746,
        "f1-score": 0.3408476104598738,
        "support": 590.0
    },
    "4": {
        "precision": 0.35384615384615387,
        "recall": 0.27854671280276816,
        "f1-score": 0.3117134559535334,
        "support": 578.0
    },
    "5": {
        "precision": 0.39274924471299094,
        "recall": 0.43844856661045534,
        "f1-score": 0.41434262948207173,
        "support": 593.0
    },
    "6": {
        "precision": 0.36075949367088606,
        "recall": 0.38974358974358975,
        "f1-score": 0.37469186524239934,
        "support": 585.0
    },
    "7": {
        "precision": 0.4063047285464098,
        "recall": 0.39057239057239057,
        "f1-score": 0.3982832618025751,
        "support": 594.0
    },
    "8": {
        "precision": 0.4405940594059406,
        "recall": 0.44648829431438125,
        "f1-score": 0.4435215946843854,
        "support": 598.0
    },
    "9": {
        "precision": 0.6051779935275081,
        "recall": 0.626465661641541,
        "f1-score": 0.6156378600823045,
        "support": 597.0
    },
    "10": {
        "precision": 0.5886627906976745,
        "recall": 0.675,
        "f1-score": 0.6288819875776398,
        "support": 600.0
    },
    "11": {
        "precision": 0.5650224215246636,
        "recall": 0.6352941176470588,
        "f1-score": 0.5981012658227848,
        "support": 595.0
    },
    "12": {
        "precision": 0.36381709741550694,
        "recall": 0.3096446700507614,
        "f1-score": 0.33455210237659966,
        "support": 591.0
    },
    "13": {
        "precision": 0.5644444444444444,
        "recall": 0.6414141414141414,
        "f1-score": 0.6004728132387707,
        "support": 594.0
    },
    "14": {
        "precision": 0.45625841184387617,
        "recall": 0.5716694772344013,
        "f1-score": 0.5074850299401198,
        "support": 593.0
    },
    "15": {
        "precision": 0.43820224719101125,
        "recall": 0.5208681135225376,
        "f1-score": 0.4759725400457666,
        "support": 599.0
    },
    "16": {
        "precision": 0.5161290322580645,
        "recall": 0.5274725274725275,
        "f1-score": 0.5217391304347826,
        "support": 546.0
    },
    "17": {
        "precision": 0.5862646566164154,
        "recall": 0.6205673758865248,
        "f1-score": 0.602928509905254,
        "support": 564.0
    },
    "18": {
        "precision": 0.4681372549019608,
        "recall": 0.410752688172043,
        "f1-score": 0.43757159221076747,
        "support": 465.0
    },
    "19": {
        "precision": 0.3430232558139535,
        "recall": 0.15649867374005305,
        "f1-score": 0.21493624772313297,
        "support": 377.0
    },
    "accuracy": 0.46066819869188613,
    "macro avg": {
        "precision": 0.4511451278279662,
        "recall": 0.4541881611180994,
        "f1-score": 0.4491189195817159,
        "support": 11314.0
    },
    "weighted avg": {
        "precision": 0.45286656059733293,
        "recall": 0.46066819869188613,
        "f1-score": 0.45374573162635884,
        "support": 11314.0
    },
    "roc_auc": null,
    "model": "LogisticRegression",
    "params": {
        "max_iter": 200,
        "random_state": 42,
        "C": 0.9
    },
    "mode": "training"
}