{
    "0": {
        "precision": 0.28719723183391005,
        "recall": 0.2601880877742947,
        "f1-score": 0.2730263157894737,
        "support": 319.0
    },
    "1": {
        "precision": 0.4067796610169492,
        "recall": 0.4318766066838046,
        "f1-score": 0.41895261845386533,
        "support": 389.0
    },
    "2": {
        "precision": 0.292817679558011,
        "recall": 0.26903553299492383,
        "f1-score": 0.2804232804232804,
        "support": 394.0
    },
    "3": {
        "precision": 0.2874617737003058,
        "recall": 0.23979591836734693,
        "f1-score": 0.2614742698191933,
        "support": 392.0
    },
    "4": {
        "precision": 0.3148148148148148,
        "recall": 0.2649350649350649,
        "f1-score": 0.28772919605077574,
        "support": 385.0
    },
    "5": {
        "precision": 0.3191489361702128,
        "recall": 0.34177215189873417,
        "f1-score": 0.33007334963325186,
        "support": 395.0
    },
    "6": {
        "precision": 0.34554973821989526,
        "recall": 0.3384615384615385,
        "f1-score": 0.34196891191709844,
        "support": 390.0
    },
    "7": {
        "precision": 0.4092071611253197,
        "recall": 0.40404040404040403,
        "f1-score": 0.40660736975857686,
        "support": 396.0
    },
    "8": {
        "precision": 0.38369304556354916,
        "recall": 0.4020100502512563,
        "f1-score": 0.39263803680981596,
        "support": 398.0
    },
    "9": {
        "precision": 0.5595505617977528,
        "recall": 0.6272040302267002,
        "f1-score": 0.5914489311163895,
        "support": 397.0
    },
    "10": {
        "precision": 0.5963541666666666,
        "recall": 0.5739348370927319,
        "f1-score": 0.5849297573435505,
        "support": 399.0
    },
    "11": {
        "precision": 0.49014778325123154,
        "recall": 0.5025252525252525,
        "f1-score": 0.49625935162094764,
        "support": 396.0
    },
    "12": {
        "precision": 0.3081967213114754,
        "recall": 0.23918575063613232,
        "f1-score": 0.2693409742120344,
        "support": 393.0
    },
    "13": {
        "precision": 0.4737991266375546,
        "recall": 0.547979797979798,
        "f1-score": 0.5081967213114754,
        "support": 396.0
    },
    "14": {
        "precision": 0.44285714285714284,
        "recall": 0.550761421319797,
        "f1-score": 0.49095022624434387,
        "support": 394.0
    },
    "15": {
        "precision": 0.3763837638376384,
        "recall": 0.5125628140703518,
        "f1-score": 0.4340425531914894,
        "support": 398.0
    },
    "16": {
        "precision": 0.4264705882352941,
        "recall": 0.3983516483516483,
        "f1-score": 0.4119318181818182,
        "support": 364.0
    },
    "17": {
        "precision": 0.5310344827586206,
        "recall": 0.6143617021276596,
        "f1-score": 0.5696670776818742,
        "support": 376.0
    },
    "18": {
        "precision": 0.2777777777777778,
        "recall": 0.24193548387096775,
        "f1-score": 0.25862068965517243,
        "support": 310.0
    },
    "19": {
        "precision": 0.2558139534883721,
        "recall": 0.13147410358565736,
        "f1-score": 0.1736842105263158,
        "support": 251.0
    },
    "accuracy": 0.40268189060010623,
    "macro avg": {
        "precision": 0.38925280553112473,
        "recall": 0.39461960985970324,
        "f1-score": 0.3890982829870372,
        "support": 7532.0
    },
    "weighted avg": {
        "precision": 0.39393766385466744,
        "recall": 0.40268189060010623,
        "f1-score": 0.39574588176187714,
        "support": 7532.0
    },
    "roc_auc": {
        "0": 0.8606508537571704,
        "1": 0.8707327395868536,
        "2": 0.8318657702466105,
        "3": 0.8323472246041274,
        "4": 0.8349113877587362,
        "5": 0.8666060093327161,
        "6": 0.8735325162096373,
        "7": 0.8749897376228654,
        "8": 0.8684951249096619,
        "9": 0.9400258420282461,
        "10": 0.9439603846290336,
        "11": 0.8834910554536395,
        "12": 0.8003571037775157,
        "13": 0.901823730579336,
        "14": 0.886448876606651,
        "15": 0.9144488914998318,
        "16": 0.8697132248332025,
        "17": 0.9390360566345158,
        "18": 0.8172742784145218,
        "19": 0.8487278738363397
    },
    "model": "LogisticRegression",
    "params": {
        "max_iter": 5000,
        "random_state": 42,
        "C": 0.9
    },
    "mode": "training"
}