{
    "0": {
        "precision": 0.28321678321678323,
        "recall": 0.25391849529780564,
        "f1-score": 0.26776859504132233,
        "support": 319.0
    },
    "1": {
        "precision": 0.4182692307692308,
        "recall": 0.4473007712082262,
        "f1-score": 0.4322981366459627,
        "support": 389.0
    },
    "2": {
        "precision": 0.29526462395543174,
        "recall": 0.26903553299492383,
        "f1-score": 0.2815405046480744,
        "support": 394.0
    },
    "3": {
        "precision": 0.2912912912912913,
        "recall": 0.24744897959183673,
        "f1-score": 0.2675862068965517,
        "support": 392.0
    },
    "4": {
        "precision": 0.3098159509202454,
        "recall": 0.2623376623376623,
        "f1-score": 0.2841068917018284,
        "support": 385.0
    },
    "5": {
        "precision": 0.31742243436754175,
        "recall": 0.3367088607594937,
        "f1-score": 0.32678132678132676,
        "support": 395.0
    },
    "6": {
        "precision": 0.34545454545454546,
        "recall": 0.34102564102564104,
        "f1-score": 0.3432258064516129,
        "support": 390.0
    },
    "7": {
        "precision": 0.4030612244897959,
        "recall": 0.398989898989899,
        "f1-score": 0.4010152284263959,
        "support": 396.0
    },
    "8": {
        "precision": 0.38609112709832133,
        "recall": 0.4045226130653266,
        "f1-score": 0.3950920245398773,
        "support": 398.0
    },
    "9": {
        "precision": 0.56,
        "recall": 0.6347607052896725,
        "f1-score": 0.5950413223140496,
        "support": 397.0
    },
    "10": {
        "precision": 0.6141732283464567,
        "recall": 0.5864661654135338,
        "f1-score": 0.6,
        "support": 399.0
    },
    "11": {
        "precision": 0.4987714987714988,
        "recall": 0.5126262626262627,
        "f1-score": 0.5056039850560399,
        "support": 396.0
    },
    "12": {
        "precision": 0.31290322580645163,
        "recall": 0.24681933842239187,
        "f1-score": 0.2759601706970128,
        "support": 393.0
    },
    "13": {
        "precision": 0.4737991266375546,
        "recall": 0.547979797979798,
        "f1-score": 0.5081967213114754,
        "support": 396.0
    },
    "14": {
        "precision": 0.44672131147540983,
        "recall": 0.5532994923857868,
        "f1-score": 0.4943310657596372,
        "support": 394.0
    },
    "15": {
        "precision": 0.3814814814814815,
        "recall": 0.5175879396984925,
        "f1-score": 0.43923240938166314,
        "support": 398.0
    },
    "16": {
        "precision": 0.41935483870967744,
        "recall": 0.39285714285714285,
        "f1-score": 0.4056737588652482,
        "support": 364.0
    },
    "17": {
        "precision": 0.5333333333333333,
        "recall": 0.6170212765957447,
        "f1-score": 0.5721331689272503,
        "support": 376.0
    },
    "18": {
        "precision": 0.2835249042145594,
        "recall": 0.23870967741935484,
        "f1-score": 0.2591943957968476,
        "support": 310.0
    },
    "19": {
        "precision": 0.2421875,
        "recall": 0.12350597609561753,
        "f1-score": 0.16358839050131926,
        "support": 251.0
    },
    "accuracy": 0.40507169410515137,
    "macro avg": {
        "precision": 0.39080688301698047,
        "recall": 0.39664611150273066,
        "f1-score": 0.39091850548717477,
        "support": 7532.0
    },
    "weighted avg": {
        "precision": 0.39583381290827335,
        "recall": 0.40507169410515137,
        "f1-score": 0.3979152212022996,
        "support": 7532.0
    },
    "roc_auc": {
        "0": 0.8602627526840037,
        "1": 0.8704315116782497,
        "2": 0.8324087282905674,
        "3": 0.8316365832047105,
        "4": 0.8358962710718693,
        "5": 0.8637058083831273,
        "6": 0.874078940754942,
        "7": 0.8731361399873171,
        "8": 0.8688311194323173,
        "9": 0.93914184696365,
        "10": 0.9437239179541452,
        "11": 0.8839733871789645,
        "12": 0.8016477243767615,
        "13": 0.9008201408705895,
        "14": 0.8835388775026917,
        "15": 0.9140452754380257,
        "16": 0.8699290037529432,
        "17": 0.9388970570745572,
        "18": 0.8169647403542938,
        "19": 0.8473752292026784
    },
    "model": "LogisticRegression",
    "params": {
        "max_iter": 5000,
        "random_state": 42,
        "C": 0.9,
        "tol": 0.0005
    },
    "mode": "training"
}