{
    "0": {
        "precision": 0.28125,
        "recall": 0.25391849529780564,
        "f1-score": 0.26688632619439867,
        "support": 319.0
    },
    "1": {
        "precision": 0.407673860911271,
        "recall": 0.4370179948586118,
        "f1-score": 0.4218362282878412,
        "support": 389.0
    },
    "2": {
        "precision": 0.29362880886426596,
        "recall": 0.26903553299492383,
        "f1-score": 0.280794701986755,
        "support": 394.0
    },
    "3": {
        "precision": 0.283987915407855,
        "recall": 0.23979591836734693,
        "f1-score": 0.2600276625172891,
        "support": 392.0
    },
    "4": {
        "precision": 0.3117283950617284,
        "recall": 0.2623376623376623,
        "f1-score": 0.2849083215796897,
        "support": 385.0
    },
    "5": {
        "precision": 0.31529411764705884,
        "recall": 0.3392405063291139,
        "f1-score": 0.32682926829268294,
        "support": 395.0
    },
    "6": {
        "precision": 0.3393782383419689,
        "recall": 0.33589743589743587,
        "f1-score": 0.33762886597938147,
        "support": 390.0
    },
    "7": {
        "precision": 0.40609137055837563,
        "recall": 0.40404040404040403,
        "f1-score": 0.4050632911392405,
        "support": 396.0
    },
    "8": {
        "precision": 0.38461538461538464,
        "recall": 0.4020100502512563,
        "f1-score": 0.3931203931203931,
        "support": 398.0
    },
    "9": {
        "precision": 0.5630630630630631,
        "recall": 0.6297229219143576,
        "f1-score": 0.5945303210463734,
        "support": 397.0
    },
    "10": {
        "precision": 0.604221635883905,
        "recall": 0.5739348370927319,
        "f1-score": 0.5886889460154242,
        "support": 399.0
    },
    "11": {
        "precision": 0.49261083743842365,
        "recall": 0.5050505050505051,
        "f1-score": 0.49875311720698257,
        "support": 396.0
    },
    "12": {
        "precision": 0.3125,
        "recall": 0.24173027989821882,
        "f1-score": 0.27259684361549497,
        "support": 393.0
    },
    "13": {
        "precision": 0.48131868131868133,
        "recall": 0.553030303030303,
        "f1-score": 0.5146886016451234,
        "support": 396.0
    },
    "14": {
        "precision": 0.4460285132382892,
        "recall": 0.5558375634517766,
        "f1-score": 0.49491525423728816,
        "support": 394.0
    },
    "15": {
        "precision": 0.3743016759776536,
        "recall": 0.5050251256281407,
        "f1-score": 0.4299465240641711,
        "support": 398.0
    },
    "16": {
        "precision": 0.4176470588235294,
        "recall": 0.3901098901098901,
        "f1-score": 0.4034090909090909,
        "support": 364.0
    },
    "17": {
        "precision": 0.532258064516129,
        "recall": 0.6143617021276596,
        "f1-score": 0.5703703703703704,
        "support": 376.0
    },
    "18": {
        "precision": 0.275092936802974,
        "recall": 0.23870967741935484,
        "f1-score": 0.2556131260794473,
        "support": 310.0
    },
    "19": {
        "precision": 0.2595419847328244,
        "recall": 0.13545816733067728,
        "f1-score": 0.17801047120418848,
        "support": 251.0
    },
    "accuracy": 0.4024163568773234,
    "macro avg": {
        "precision": 0.38911162716016906,
        "recall": 0.3943132486714088,
        "f1-score": 0.38893088627458133,
        "support": 7532.0
    },
    "weighted avg": {
        "precision": 0.39385460600781397,
        "recall": 0.4024163568773234,
        "f1-score": 0.39562262201199083,
        "support": 7532.0
    },
    "roc_auc": {
        "0": 0.8610619888246013,
        "1": 0.8707795252835303,
        "2": 0.8317285195557345,
        "3": 0.8321382124278284,
        "4": 0.8351919523040272,
        "5": 0.8658171092701078,
        "6": 0.8739432321622185,
        "7": 0.8753552905739004,
        "8": 0.8686190977314383,
        "9": 0.9392759995692995,
        "10": 0.9435953194355579,
        "11": 0.8838863339108576,
        "12": 0.8005420891658085,
        "13": 0.9018853048421434,
        "14": 0.8865772380040764,
        "15": 0.914221725391747,
        "16": 0.868930211808281,
        "17": 0.9389620969756074,
        "18": 0.8178531547868967,
        "19": 0.8481423844520284
    },
    "model": "LogisticRegression",
    "params": {
        "max_iter": 200,
        "random_state": 42,
        "C": 0.9
    },
    "mode": "training"
}