{
    "0": {
        "precision": 0.2857142857142857,
        "recall": 0.25705329153605017,
        "f1-score": 0.2706270627062706,
        "support": 319.0
    },
    "1": {
        "precision": 0.4097560975609756,
        "recall": 0.4318766066838046,
        "f1-score": 0.42052565707133915,
        "support": 389.0
    },
    "2": {
        "precision": 0.292817679558011,
        "recall": 0.26903553299492383,
        "f1-score": 0.2804232804232804,
        "support": 394.0
    },
    "3": {
        "precision": 0.2883435582822086,
        "recall": 0.23979591836734693,
        "f1-score": 0.2618384401114206,
        "support": 392.0
    },
    "4": {
        "precision": 0.31076923076923074,
        "recall": 0.2623376623376623,
        "f1-score": 0.28450704225352114,
        "support": 385.0
    },
    "5": {
        "precision": 0.3176470588235294,
        "recall": 0.34177215189873417,
        "f1-score": 0.32926829268292684,
        "support": 395.0
    },
    "6": {
        "precision": 0.34545454545454546,
        "recall": 0.34102564102564104,
        "f1-score": 0.3432258064516129,
        "support": 390.0
    },
    "7": {
        "precision": 0.4050632911392405,
        "recall": 0.40404040404040403,
        "f1-score": 0.404551201011378,
        "support": 396.0
    },
    "8": {
        "precision": 0.3870192307692308,
        "recall": 0.4045226130653266,
        "f1-score": 0.3955773955773956,
        "support": 398.0
    },
    "9": {
        "precision": 0.5602678571428571,
        "recall": 0.6322418136020151,
        "f1-score": 0.5940828402366863,
        "support": 397.0
    },
    "10": {
        "precision": 0.6031746031746031,
        "recall": 0.5714285714285714,
        "f1-score": 0.5868725868725869,
        "support": 399.0
    },
    "11": {
        "precision": 0.4913151364764268,
        "recall": 0.5,
        "f1-score": 0.4956195244055069,
        "support": 396.0
    },
    "12": {
        "precision": 0.3081967213114754,
        "recall": 0.23918575063613232,
        "f1-score": 0.2693409742120344,
        "support": 393.0
    },
    "13": {
        "precision": 0.4749455337690632,
        "recall": 0.5505050505050505,
        "f1-score": 0.5099415204678363,
        "support": 396.0
    },
    "14": {
        "precision": 0.44421906693711966,
        "recall": 0.5558375634517766,
        "f1-score": 0.49379932356257045,
        "support": 394.0
    },
    "15": {
        "precision": 0.37316176470588236,
        "recall": 0.5100502512562815,
        "f1-score": 0.4309978768577495,
        "support": 398.0
    },
    "16": {
        "precision": 0.4247787610619469,
        "recall": 0.3956043956043956,
        "f1-score": 0.4096728307254623,
        "support": 364.0
    },
    "17": {
        "precision": 0.5311778290993071,
        "recall": 0.6117021276595744,
        "f1-score": 0.5686032138442522,
        "support": 376.0
    },
    "18": {
        "precision": 0.2777777777777778,
        "recall": 0.24193548387096775,
        "f1-score": 0.25862068965517243,
        "support": 310.0
    },
    "19": {
        "precision": 0.24806201550387597,
        "recall": 0.12749003984063745,
        "f1-score": 0.16842105263157894,
        "support": 251.0
    },
    "accuracy": 0.4025491237387148,
    "macro avg": {
        "precision": 0.3889831022515796,
        "recall": 0.39437204349026483,
        "f1-score": 0.38882583058802905,
        "support": 7532.0
    },
    "weighted avg": {
        "precision": 0.3938306955621636,
        "recall": 0.4025491237387148,
        "f1-score": 0.3956001615355516,
        "support": 7532.0
    },
    "roc_auc": {
        "0": 0.8604279020768406,
        "1": 0.8707366983765722,
        "2": 0.8319084388551727,
        "3": 0.8321750128622878,
        "4": 0.8350276839433128,
        "5": 0.86673725619565,
        "6": 0.8737572611277457,
        "7": 0.8747158383158945,
        "8": 0.8686352987251931,
        "9": 0.9402648454862063,
        "10": 0.9437962985411096,
        "11": 0.8835834168478507,
        "12": 0.8000124392871896,
        "13": 0.9017359695610817,
        "14": 0.8867994703403392,
        "15": 0.914499959849711,
        "16": 0.8693491218602825,
        "17": 0.9390301101292772,
        "18": 0.8170996328423008,
        "19": 0.8486206253136062
    },
    "model": "LogisticRegression",
    "params": {
        "max_iter": 5000,
        "random_state": 42,
        "C": 0.8
    },
    "mode": "training"
}