{
    "0": {
        "precision": 0.44819819819819817,
        "recall": 0.41458333333333336,
        "f1-score": 0.43073593073593075,
        "support": 480.0
    },
    "1": {
        "precision": 0.4064516129032258,
        "recall": 0.4315068493150685,
        "f1-score": 0.4186046511627907,
        "support": 584.0
    },
    "2": {
        "precision": 0.3509933774834437,
        "recall": 0.26903553299492383,
        "f1-score": 0.3045977011494253,
        "support": 591.0
    },
    "3": {
        "precision": 0.3661417322834646,
        "recall": 0.3152542372881356,
        "f1-score": 0.33879781420765026,
        "support": 590.0
    },
    "4": {
        "precision": 0.35384615384615387,
        "recall": 0.27854671280276816,
        "f1-score": 0.3117134559535334,
        "support": 578.0
    },
    "5": {
        "precision": 0.3924812030075188,
        "recall": 0.44013490725126475,
        "f1-score": 0.4149443561208267,
        "support": 593.0
    },
    "6": {
        "precision": 0.358974358974359,
        "recall": 0.38290598290598293,
        "f1-score": 0.3705541770057899,
        "support": 585.0
    },
    "7": {
        "precision": 0.4056437389770723,
        "recall": 0.3872053872053872,
        "f1-score": 0.3962101636520241,
        "support": 594.0
    },
    "8": {
        "precision": 0.4369885433715221,
        "recall": 0.44648829431438125,
        "f1-score": 0.44168734491315137,
        "support": 598.0
    },
    "9": {
        "precision": 0.6035598705501618,
        "recall": 0.6247906197654941,
        "f1-score": 0.6139917695473252,
        "support": 597.0
    },
    "10": {
        "precision": 0.5858585858585859,
        "recall": 0.6766666666666666,
        "f1-score": 0.6279969064191802,
        "support": 600.0
    },
    "11": {
        "precision": 0.5694864048338368,
        "recall": 0.6336134453781512,
        "f1-score": 0.5998408910103421,
        "support": 595.0
    },
    "12": {
        "precision": 0.36237623762376237,
        "recall": 0.3096446700507614,
        "f1-score": 0.33394160583941607,
        "support": 591.0
    },
    "13": {
        "precision": 0.5589970501474927,
        "recall": 0.6380471380471381,
        "f1-score": 0.5959119496855346,
        "support": 594.0
    },
    "14": {
        "precision": 0.45564516129032256,
        "recall": 0.5716694772344013,
        "f1-score": 0.5071054599850411,
        "support": 593.0
    },
    "15": {
        "precision": 0.43232044198895025,
        "recall": 0.5225375626043406,
        "f1-score": 0.47316704459561604,
        "support": 599.0
    },
    "16": {
        "precision": 0.5170556552962298,
        "recall": 0.5274725274725275,
        "f1-score": 0.5222121486854034,
        "support": 546.0
    },
    "17": {
        "precision": 0.5833333333333334,
        "recall": 0.6205673758865248,
        "f1-score": 0.6013745704467354,
        "support": 564.0
    },
    "18": {
        "precision": 0.45985401459854014,
        "recall": 0.4064516129032258,
        "f1-score": 0.4315068493150685,
        "support": 465.0
    },
    "19": {
        "precision": 0.34285714285714286,
        "recall": 0.15915119363395225,
        "f1-score": 0.21739130434782608,
        "support": 377.0
    },
    "accuracy": 0.45925402156620115,
    "macro avg": {
        "precision": 0.4495531408711659,
        "recall": 0.45281367635272146,
        "f1-score": 0.44761430473893055,
        "support": 11314.0
    },
    "weighted avg": {
        "precision": 0.451295043978469,
        "recall": 0.45925402156620115,
        "f1-score": 0.45220517952856043,
        "support": 11314.0
    },
    "roc_auc": null,
    "model": "LogisticRegression",
    "params": {
        "max_iter": 5000,
        "random_state": 42,
        "C": 0.8
    },
    "mode": "training"
}