{
    "0": {
        "precision": 0.43171806167400884,
        "recall": 0.4083333333333333,
        "f1-score": 0.4197002141327623,
        "support": 480.0
    },
    "1": {
        "precision": 0.37335526315789475,
        "recall": 0.3886986301369863,
        "f1-score": 0.3808724832214765,
        "support": 584.0
    },
    "2": {
        "precision": 0.3235294117647059,
        "recall": 0.26057529610829105,
        "f1-score": 0.28865979381443296,
        "support": 591.0
    },
    "3": {
        "precision": 0.37087378640776697,
        "recall": 0.32372881355932204,
        "f1-score": 0.34570135746606334,
        "support": 590.0
    },
    "4": {
        "precision": 0.33658536585365856,
        "recall": 0.23875432525951557,
        "f1-score": 0.2793522267206478,
        "support": 578.0
    },
    "5": {
        "precision": 0.3711864406779661,
        "recall": 0.36930860033726814,
        "f1-score": 0.3702451394759087,
        "support": 593.0
    },
    "6": {
        "precision": 0.34913112164297,
        "recall": 0.37777777777777777,
        "f1-score": 0.36288998357963875,
        "support": 585.0
    },
    "7": {
        "precision": 0.37364620938628157,
        "recall": 0.3484848484848485,
        "f1-score": 0.3606271777003484,
        "support": 594.0
    },
    "8": {
        "precision": 0.41127694859038144,
        "recall": 0.41471571906354515,
        "f1-score": 0.41298917568692756,
        "support": 598.0
    },
    "9": {
        "precision": 0.5838709677419355,
        "recall": 0.6063651591289783,
        "f1-score": 0.5949055053410025,
        "support": 597.0
    },
    "10": {
        "precision": 0.5919282511210763,
        "recall": 0.66,
        "f1-score": 0.624113475177305,
        "support": 600.0
    },
    "11": {
        "precision": 0.5411255411255411,
        "recall": 0.6302521008403361,
        "f1-score": 0.5822981366459627,
        "support": 595.0
    },
    "12": {
        "precision": 0.35361216730038025,
        "recall": 0.3147208121827411,
        "f1-score": 0.333034914950761,
        "support": 591.0
    },
    "13": {
        "precision": 0.5502873563218391,
        "recall": 0.6447811447811448,
        "f1-score": 0.5937984496124031,
        "support": 594.0
    },
    "14": {
        "precision": 0.42480211081794195,
        "recall": 0.5430016863406408,
        "f1-score": 0.47668393782383417,
        "support": 593.0
    },
    "15": {
        "precision": 0.425207756232687,
        "recall": 0.5125208681135225,
        "f1-score": 0.4647993943981832,
        "support": 599.0
    },
    "16": {
        "precision": 0.5141843971631206,
        "recall": 0.5311355311355311,
        "f1-score": 0.5225225225225225,
        "support": 546.0
    },
    "17": {
        "precision": 0.5628058727569332,
        "recall": 0.6117021276595744,
        "f1-score": 0.5862361937128292,
        "support": 564.0
    },
    "18": {
        "precision": 0.43735763097949887,
        "recall": 0.4129032258064516,
        "f1-score": 0.4247787610619469,
        "support": 465.0
    },
    "19": {
        "precision": 0.29239766081871343,
        "recall": 0.13262599469496023,
        "f1-score": 0.18248175182481752,
        "support": 377.0
    },
    "accuracy": 0.4427258264097578,
    "macro avg": {
        "precision": 0.430944116076765,
        "recall": 0.4365192997372384,
        "f1-score": 0.4303345297434887,
        "support": 11314.0
    },
    "weighted avg": {
        "precision": 0.4332693329885836,
        "recall": 0.4427258264097578,
        "f1-score": 0.4350286089764114,
        "support": 11314.0
    },
    "roc_auc": null,
    "model": "LogisticRegression",
    "params": {
        "max_iter": 5000,
        "random_state": 42,
        "C": 0.9,
        "tol": 0.0035
    },
    "mode": "training"
}