{
    "0": {
        "precision": 0.45146726862302483,
        "recall": 0.4166666666666667,
        "f1-score": 0.4333694474539545,
        "support": 480.0
    },
    "1": {
        "precision": 0.40387722132471726,
        "recall": 0.4280821917808219,
        "f1-score": 0.41562759767248547,
        "support": 584.0
    },
    "2": {
        "precision": 0.35,
        "recall": 0.272419627749577,
        "f1-score": 0.30637488106565175,
        "support": 591.0
    },
    "3": {
        "precision": 0.36345776031434185,
        "recall": 0.3135593220338983,
        "f1-score": 0.33666969972702454,
        "support": 590.0
    },
    "4": {
        "precision": 0.35320088300220753,
        "recall": 0.2768166089965398,
        "f1-score": 0.31037827352085356,
        "support": 578.0
    },
    "5": {
        "precision": 0.3942598187311178,
        "recall": 0.44013490725126475,
        "f1-score": 0.4159362549800797,
        "support": 593.0
    },
    "6": {
        "precision": 0.3611556982343499,
        "recall": 0.38461538461538464,
        "f1-score": 0.37251655629139074,
        "support": 585.0
    },
    "7": {
        "precision": 0.40316901408450706,
        "recall": 0.38552188552188554,
        "f1-score": 0.39414802065404475,
        "support": 594.0
    },
    "8": {
        "precision": 0.43790849673202614,
        "recall": 0.44816053511705684,
        "f1-score": 0.44297520661157025,
        "support": 598.0
    },
    "9": {
        "precision": 0.6012965964343598,
        "recall": 0.6214405360134003,
        "f1-score": 0.6112026359143328,
        "support": 597.0
    },
    "10": {
        "precision": 0.5878084179970973,
        "recall": 0.675,
        "f1-score": 0.6283941039565555,
        "support": 600.0
    },
    "11": {
        "precision": 0.5669172932330827,
        "recall": 0.6336134453781512,
        "f1-score": 0.5984126984126984,
        "support": 595.0
    },
    "12": {
        "precision": 0.3627254509018036,
        "recall": 0.3062605752961083,
        "f1-score": 0.3321100917431193,
        "support": 591.0
    },
    "13": {
        "precision": 0.5583456425406204,
        "recall": 0.6363636363636364,
        "f1-score": 0.5948072383949646,
        "support": 594.0
    },
    "14": {
        "precision": 0.45417789757412397,
        "recall": 0.5682967959527825,
        "f1-score": 0.5048689138576778,
        "support": 593.0
    },
    "15": {
        "precision": 0.43131868131868134,
        "recall": 0.5242070116861436,
        "f1-score": 0.47324792765636775,
        "support": 599.0
    },
    "16": {
        "precision": 0.5160714285714286,
        "recall": 0.5293040293040293,
        "f1-score": 0.5226039783001808,
        "support": 546.0
    },
    "17": {
        "precision": 0.5852842809364549,
        "recall": 0.6205673758865248,
        "f1-score": 0.6024096385542169,
        "support": 564.0
    },
    "18": {
        "precision": 0.4602409638554217,
        "recall": 0.410752688172043,
        "f1-score": 0.4340909090909091,
        "support": 465.0
    },
    "19": {
        "precision": 0.3485714285714286,
        "recall": 0.16180371352785147,
        "f1-score": 0.2210144927536232,
        "support": 377.0
    },
    "accuracy": 0.4589888633551352,
    "macro avg": {
        "precision": 0.4495627121490397,
        "recall": 0.4526793468656883,
        "f1-score": 0.44755792833058505,
        "support": 11314.0
    },
    "weighted avg": {
        "precision": 0.4511597810340353,
        "recall": 0.4589888633551352,
        "f1-score": 0.45201975682261547,
        "support": 11314.0
    },
    "roc_auc": null,
    "model": "LogisticRegression",
    "params": {
        "max_iter": 5000,
        "random_state": 42,
        "C": 0.9
    },
    "mode": "training"
}