{
    "0": {
        "precision": 0.81396484375,
        "recall": 0.8773684210526316,
        "f1-score": 0.8444782168186423,
        "support": 1900.0
    },
    "1": {
        "precision": 0.9374364191251272,
        "recall": 0.97,
        "f1-score": 0.9534402483186757,
        "support": 1900.0
    },
    "2": {
        "precision": 0.8460972017673049,
        "recall": 0.6047368421052631,
        "f1-score": 0.7053406998158379,
        "support": 1900.0
    },
    "3": {
        "precision": 0.7410233393177738,
        "recall": 0.8689473684210526,
        "f1-score": 0.7999031007751938,
        "support": 1900.0
    },
    "accuracy": 0.8302631578947368,
    "macro avg": {
        "precision": 0.8346304509900514,
        "recall": 0.8302631578947368,
        "f1-score": 0.8257905664320875,
        "support": 7600.0
    },
    "weighted avg": {
        "precision": 0.8346304509900514,
        "recall": 0.8302631578947368,
        "f1-score": 0.8257905664320874,
        "support": 7600.0
    },
    "roc_auc": null,
    "model": "SVM",
    "params": {
        "max_iter": 2000,
        "random_state": 42,
        "C": 0.9,
        "grid_search": false,
        "tol": 0.001,
        "normalize": false
    },
    "mode": "training"
}