{
    "0": {
        "precision": 0.9441852501819116,
        "recall": 0.9174430211279321,
        "f1-score": 0.9306220600333284,
        "support": 24044.0
    },
    "1": {
        "precision": 0.9611373635326707,
        "recall": 0.9854648734441567,
        "f1-score": 0.9731491029078161,
        "support": 23942.0
    },
    "2": {
        "precision": 0.9124711800461119,
        "recall": 0.9036074556851675,
        "f1-score": 0.9080176873018522,
        "support": 24089.0
    },
    "3": {
        "precision": 0.9066600643723693,
        "recall": 0.9183699059561129,
        "f1-score": 0.9124774185510497,
        "support": 23925.0
    },
    "accuracy": 0.9311666666666667,
    "macro avg": {
        "precision": 0.9311134645332658,
        "recall": 0.9312213140533423,
        "f1-score": 0.9310665671985117,
        "support": 96000.0
    },
    "weighted avg": {
        "precision": 0.9311031375970085,
        "recall": 0.9311666666666667,
        "f1-score": 0.9310340931407132,
        "support": 96000.0
    },
    "roc_auc": null,
    "model": "LogisticRegression",
    "params": {
        "max_iter": 1000,
        "random_state": 42,
        "C": 0.9
    },
    "mode": "training"
}