{
    "0": {
        "precision": 0.9252437703141928,
        "recall": 0.8989473684210526,
        "f1-score": 0.9119060331019755,
        "support": 1900.0
    },
    "1": {
        "precision": 0.9473145780051151,
        "recall": 0.9747368421052631,
        "f1-score": 0.9608300907911803,
        "support": 1900.0
    },
    "2": {
        "precision": 0.8744063324538258,
        "recall": 0.8721052631578947,
        "f1-score": 0.8732542819499342,
        "support": 1900.0
    },
    "3": {
        "precision": 0.8802521008403361,
        "recall": 0.8821052631578947,
        "f1-score": 0.8811777076761304,
        "support": 1900.0
    },
    "accuracy": 0.9069736842105263,
    "macro avg": {
        "precision": 0.9068041954033674,
        "recall": 0.9069736842105263,
        "f1-score": 0.9067920283798051,
        "support": 7600.0
    },
    "weighted avg": {
        "precision": 0.9068041954033674,
        "recall": 0.9069736842105263,
        "f1-score": 0.9067920283798051,
        "support": 7600.0
    },
    "model": "LogisticRegression"
}