{
    "0": {
        "precision": 0.6209150326797386,
        "recall": 0.29780564263322884,
        "f1-score": 0.4025423728813559,
        "support": 319.0
    },
    "1": {
        "precision": 0.5852417302798982,
        "recall": 0.5912596401028277,
        "f1-score": 0.5882352941176471,
        "support": 389.0
    },
    "2": {
        "precision": 0.6856287425149701,
        "recall": 0.5812182741116751,
        "f1-score": 0.6291208791208791,
        "support": 394.0
    },
    "3": {
        "precision": 0.6130536130536131,
        "recall": 0.6709183673469388,
        "f1-score": 0.6406820950060901,
        "support": 392.0
    },
    "4": {
        "precision": 0.8027210884353742,
        "recall": 0.612987012987013,
        "f1-score": 0.695139911634757,
        "support": 385.0
    },
    "5": {
        "precision": 0.7078651685393258,
        "recall": 0.7974683544303798,
        "f1-score": 0.75,
        "support": 395.0
    },
    "6": {
        "precision": 0.6060606060606061,
        "recall": 0.8205128205128205,
        "f1-score": 0.6971677559912854,
        "support": 390.0
    },
    "7": {
        "precision": 0.7994722955145118,
        "recall": 0.7651515151515151,
        "f1-score": 0.7819354838709678,
        "support": 396.0
    },
    "8": {
        "precision": 0.7575107296137339,
        "recall": 0.8869346733668342,
        "f1-score": 0.8171296296296297,
        "support": 398.0
    },
    "9": {
        "precision": 0.7648401826484018,
        "recall": 0.8438287153652393,
        "f1-score": 0.8023952095808383,
        "support": 397.0
    },
    "10": {
        "precision": 0.9242053789731052,
        "recall": 0.9473684210526315,
        "f1-score": 0.9356435643564357,
        "support": 399.0
    },
    "11": {
        "precision": 0.7814726840855107,
        "recall": 0.8308080808080808,
        "f1-score": 0.8053855569155447,
        "support": 396.0
    },
    "12": {
        "precision": 0.7759336099585062,
        "recall": 0.4758269720101781,
        "f1-score": 0.5899053627760252,
        "support": 393.0
    },
    "13": {
        "precision": 0.8314917127071824,
        "recall": 0.76010101010101,
        "f1-score": 0.7941952506596306,
        "support": 396.0
    },
    "14": {
        "precision": 0.7863849765258216,
        "recall": 0.850253807106599,
        "f1-score": 0.8170731707317073,
        "support": 394.0
    },
    "15": {
        "precision": 0.4241733181299886,
        "recall": 0.9346733668341709,
        "f1-score": 0.5835294117647059,
        "support": 398.0
    },
    "16": {
        "precision": 0.6204690831556503,
        "recall": 0.7994505494505495,
        "f1-score": 0.6986794717887155,
        "support": 364.0
    },
    "17": {
        "precision": 0.8088235294117647,
        "recall": 0.8776595744680851,
        "f1-score": 0.8418367346938775,
        "support": 376.0
    },
    "18": {
        "precision": 0.9661016949152542,
        "recall": 0.18387096774193548,
        "f1-score": 0.3089430894308943,
        "support": 310.0
    },
    "19": {
        "precision": 1.0,
        "recall": 0.00398406374501992,
        "f1-score": 0.007936507936507936,
        "support": 251.0
    },
    "accuracy": 0.6983536909187467,
    "macro avg": {
        "precision": 0.7431182588601479,
        "recall": 0.6766040914663367,
        "f1-score": 0.6593738376443746,
        "support": 7532.0
    },
    "weighted avg": {
        "precision": 0.7374503258695346,
        "recall": 0.6983536909187467,
        "f1-score": 0.6780163665816842,
        "support": 7532.0
    },
    "roc_auc": {
        "0": 0.9328159231829328,
        "1": 0.934378021951129,
        "2": 0.919706567978916,
        "3": 0.9461720402446694,
        "4": 0.9433764780063927,
        "5": 0.9712782202925386,
        "6": 0.9680887347507343,
        "7": 0.9694970302803824,
        "8": 0.9854789788584075,
        "9": 0.9681793549730899,
        "10": 0.9877135710438301,
        "11": 0.966748836458758,
        "12": 0.9247430253558295,
        "13": 0.9609091899941115,
        "14": 0.9841187438930554,
        "15": 0.9652527425464864,
        "16": 0.9534672567945448,
        "17": 0.9837894550622599,
        "18": 0.9431870360279075,
        "19": 0.905780531219443
    },
    "model": "LogisticRegression",
    "params": {
        "C": 1,
        "max_iter": 100,
        "penalty": "l2",
        "solver": "lbfgs",
        "tol": 1e-05
    },
    "mode": "training"
}