{
    "0": {
        "precision": 0.5483870967741935,
        "recall": 0.15987460815047022,
        "f1-score": 0.24757281553398058,
        "support": 319.0
    },
    "1": {
        "precision": 0.5493333333333333,
        "recall": 0.5295629820051414,
        "f1-score": 0.5392670157068062,
        "support": 389.0
    },
    "2": {
        "precision": 0.6217105263157895,
        "recall": 0.4796954314720812,
        "f1-score": 0.5415472779369628,
        "support": 394.0
    },
    "3": {
        "precision": 0.5319148936170213,
        "recall": 0.6377551020408163,
        "f1-score": 0.580046403712297,
        "support": 392.0
    },
    "4": {
        "precision": 0.7408906882591093,
        "recall": 0.4753246753246753,
        "f1-score": 0.5791139240506329,
        "support": 385.0
    },
    "5": {
        "precision": 0.6152304609218436,
        "recall": 0.7772151898734178,
        "f1-score": 0.6868008948545862,
        "support": 395.0
    },
    "6": {
        "precision": 0.5640569395017794,
        "recall": 0.8128205128205128,
        "f1-score": 0.6659663865546218,
        "support": 390.0
    },
    "7": {
        "precision": 0.7289719626168224,
        "recall": 0.5909090909090909,
        "f1-score": 0.6527196652719666,
        "support": 396.0
    },
    "8": {
        "precision": 0.6119402985074627,
        "recall": 0.8241206030150754,
        "f1-score": 0.702355460385439,
        "support": 398.0
    },
    "9": {
        "precision": 0.6370023419203747,
        "recall": 0.6851385390428212,
        "f1-score": 0.6601941747572816,
        "support": 397.0
    },
    "10": {
        "precision": 0.7833698030634574,
        "recall": 0.8972431077694235,
        "f1-score": 0.8364485981308412,
        "support": 399.0
    },
    "11": {
        "precision": 0.7129629629629629,
        "recall": 0.7777777777777778,
        "f1-score": 0.7439613526570048,
        "support": 396.0
    },
    "12": {
        "precision": 0.7314814814814815,
        "recall": 0.4020356234096692,
        "f1-score": 0.5188834154351396,
        "support": 393.0
    },
    "13": {
        "precision": 0.75,
        "recall": 0.7196969696969697,
        "f1-score": 0.7345360824742269,
        "support": 396.0
    },
    "14": {
        "precision": 0.7541766109785203,
        "recall": 0.8020304568527918,
        "f1-score": 0.7773677736777368,
        "support": 394.0
    },
    "15": {
        "precision": 0.3776150627615063,
        "recall": 0.907035175879397,
        "f1-score": 0.5332348596750369,
        "support": 398.0
    },
    "16": {
        "precision": 0.5918918918918918,
        "recall": 0.6016483516483516,
        "f1-score": 0.5967302452316077,
        "support": 364.0
    },
    "17": {
        "precision": 0.6864035087719298,
        "recall": 0.8324468085106383,
        "f1-score": 0.7524038461538461,
        "support": 376.0
    },
    "18": {
        "precision": 1.0,
        "recall": 0.03870967741935484,
        "f1-score": 0.07453416149068323,
        "support": 310.0
    },
    "19": {
        "precision": 0.0,
        "recall": 0.0,
        "f1-score": 0.0,
        "support": 251.0
    },
    "accuracy": 0.6196229421136484,
    "macro avg": {
        "precision": 0.6268669931839741,
        "recall": 0.597552034180924,
        "f1-score": 0.5711842176845351,
        "support": 7532.0
    },
    "weighted avg": {
        "precision": 0.6353942923562816,
        "recall": 0.6196229421136484,
        "f1-score": 0.5906081847799937,
        "support": 7532.0
    },
    "roc_auc": {
        "0": 0.9103795089587027,
        "1": 0.9289875899140114,
        "2": 0.9030579880613233,
        "3": 0.9416713113816955,
        "4": 0.9316919822866375,
        "5": 0.9674497138286307,
        "6": 0.9674417853219309,
        "7": 0.9494744247406803,
        "8": 0.9724234432605979,
        "9": 0.9498544620745287,
        "10": 0.9833292751013943,
        "11": 0.9563742809258504,
        "12": 0.8995810918557599,
        "13": 0.9438817830774109,
        "14": 0.9742278048565411,
        "15": 0.9578404357081172,
        "16": 0.9305421838206437,
        "17": 0.9755334758512422,
        "18": 0.9197755960729314,
        "19": 0.8893485254148904
    },
    "model": "LogisticRegression",
    "params": {
        "C": 1,
        "max_iter": 100,
        "penalty": "l2",
        "solver": "lbfgs",
        "tol": 1e-05
    },
    "mode": "training"
}