{
    "0": {
        "precision": 0.7351598173515982,
        "recall": 0.33541666666666664,
        "f1-score": 0.46065808297567956,
        "support": 480.0
    },
    "1": {
        "precision": 0.6152380952380953,
        "recall": 0.553082191780822,
        "f1-score": 0.5825067628494139,
        "support": 584.0
    },
    "2": {
        "precision": 0.6783505154639176,
        "recall": 0.55668358714044,
        "f1-score": 0.6115241635687733,
        "support": 591.0
    },
    "3": {
        "precision": 0.5683760683760684,
        "recall": 0.676271186440678,
        "f1-score": 0.6176470588235294,
        "support": 590.0
    },
    "4": {
        "precision": 0.7902439024390244,
        "recall": 0.5605536332179931,
        "f1-score": 0.6558704453441295,
        "support": 578.0
    },
    "5": {
        "precision": 0.6697009102730819,
        "recall": 0.8684654300168634,
        "f1-score": 0.7562408223201175,
        "support": 593.0
    },
    "6": {
        "precision": 0.575030012004802,
        "recall": 0.8188034188034188,
        "f1-score": 0.6755994358251057,
        "support": 585.0
    },
    "7": {
        "precision": 0.7658227848101266,
        "recall": 0.6111111111111112,
        "f1-score": 0.6797752808988764,
        "support": 594.0
    },
    "8": {
        "precision": 0.6711772665764547,
        "recall": 0.8294314381270903,
        "f1-score": 0.7419596110695588,
        "support": 598.0
    },
    "9": {
        "precision": 0.6966463414634146,
        "recall": 0.7654941373534339,
        "f1-score": 0.7294493216280926,
        "support": 597.0
    },
    "10": {
        "precision": 0.7941605839416058,
        "recall": 0.9066666666666666,
        "f1-score": 0.846692607003891,
        "support": 600.0
    },
    "11": {
        "precision": 0.7935285053929122,
        "recall": 0.865546218487395,
        "f1-score": 0.8279742765273312,
        "support": 595.0
    },
    "12": {
        "precision": 0.8526912181303116,
        "recall": 0.5093062605752962,
        "f1-score": 0.6377118644067796,
        "support": 591.0
    },
    "13": {
        "precision": 0.8298611111111112,
        "recall": 0.8047138047138047,
        "f1-score": 0.8170940170940171,
        "support": 594.0
    },
    "14": {
        "precision": 0.7783094098883573,
        "recall": 0.8229342327150084,
        "f1-score": 0.8,
        "support": 593.0
    },
    "15": {
        "precision": 0.41347626339969373,
        "recall": 0.9015025041736227,
        "f1-score": 0.5669291338582677,
        "support": 599.0
    },
    "16": {
        "precision": 0.6691176470588235,
        "recall": 0.6666666666666666,
        "f1-score": 0.6678899082568808,
        "support": 546.0
    },
    "17": {
        "precision": 0.6770691994572592,
        "recall": 0.8847517730496454,
        "f1-score": 0.7671022290545734,
        "support": 564.0
    },
    "18": {
        "precision": 1.0,
        "recall": 0.053763440860215055,
        "f1-score": 0.10204081632653061,
        "support": 465.0
    },
    "19": {
        "precision": 0.0,
        "recall": 0.0,
        "f1-score": 0.0,
        "support": 377.0
    },
    "accuracy": 0.6717341347003712,
    "macro avg": {
        "precision": 0.6786979826188329,
        "recall": 0.6495582184283419,
        "f1-score": 0.6272332918915774,
        "support": 11314.0
    },
    "weighted avg": {
        "precision": 0.6874499221684597,
        "recall": 0.6717341347003712,
        "f1-score": 0.6465004837915556,
        "support": 11314.0
    },
    "roc_auc": null,
    "model": "LogisticRegression",
    "params": {
        "C": 1,
        "max_iter": 100,
        "penalty": "l2",
        "solver": "lbfgs",
        "tol": 1e-05
    },
    "mode": "training"
}