{
    "0": {
        "precision": 0.7993421052631579,
        "recall": 0.50625,
        "f1-score": 0.6198979591836735,
        "support": 480.0
    },
    "1": {
        "precision": 0.6585365853658537,
        "recall": 0.6472602739726028,
        "f1-score": 0.6528497409326425,
        "support": 584.0
    },
    "2": {
        "precision": 0.7181818181818181,
        "recall": 0.6683587140439933,
        "f1-score": 0.6923751095530236,
        "support": 591.0
    },
    "3": {
        "precision": 0.6547433903576982,
        "recall": 0.7135593220338983,
        "f1-score": 0.6828872668288727,
        "support": 590.0
    },
    "4": {
        "precision": 0.8157349896480331,
        "recall": 0.6816608996539792,
        "f1-score": 0.7426955702167767,
        "support": 578.0
    },
    "5": {
        "precision": 0.772133526850508,
        "recall": 0.897133220910624,
        "f1-score": 0.8299531981279251,
        "support": 593.0
    },
    "6": {
        "precision": 0.5987577639751552,
        "recall": 0.8239316239316239,
        "f1-score": 0.6935251798561151,
        "support": 585.0
    },
    "7": {
        "precision": 0.8018181818181818,
        "recall": 0.7424242424242424,
        "f1-score": 0.7709790209790209,
        "support": 594.0
    },
    "8": {
        "precision": 0.8173374613003096,
        "recall": 0.882943143812709,
        "f1-score": 0.8488745980707395,
        "support": 598.0
    },
    "9": {
        "precision": 0.8305084745762712,
        "recall": 0.9028475711892797,
        "f1-score": 0.8651685393258427,
        "support": 597.0
    },
    "10": {
        "precision": 0.9105431309904153,
        "recall": 0.95,
        "f1-score": 0.9298531810766721,
        "support": 600.0
    },
    "11": {
        "precision": 0.8406940063091483,
        "recall": 0.8957983193277311,
        "f1-score": 0.8673718470301057,
        "support": 595.0
    },
    "12": {
        "precision": 0.8676844783715013,
        "recall": 0.5769881556683587,
        "f1-score": 0.693089430894309,
        "support": 591.0
    },
    "13": {
        "precision": 0.8940972222222222,
        "recall": 0.867003367003367,
        "f1-score": 0.8803418803418803,
        "support": 594.0
    },
    "14": {
        "precision": 0.8470209339774557,
        "recall": 0.8870151770657673,
        "f1-score": 0.8665568369028006,
        "support": 593.0
    },
    "15": {
        "precision": 0.4777680906713165,
        "recall": 0.9148580968280468,
        "f1-score": 0.6277205040091638,
        "support": 599.0
    },
    "16": {
        "precision": 0.7037593984962406,
        "recall": 0.8571428571428571,
        "f1-score": 0.772914946325351,
        "support": 546.0
    },
    "17": {
        "precision": 0.8015384615384615,
        "recall": 0.9237588652482269,
        "f1-score": 0.8583196046128501,
        "support": 564.0
    },
    "18": {
        "precision": 0.9907407407407407,
        "recall": 0.23010752688172043,
        "f1-score": 0.37347294938917974,
        "support": 465.0
    },
    "19": {
        "precision": 1.0,
        "recall": 0.002652519893899204,
        "f1-score": 0.005291005291005291,
        "support": 377.0
    },
    "accuracy": 0.7497790348241117,
    "macro avg": {
        "precision": 0.7900470380327245,
        "recall": 0.7285846948516463,
        "f1-score": 0.7137069184473975,
        "support": 11314.0
    },
    "weighted avg": {
        "precision": 0.7841995445764587,
        "recall": 0.7497790348241117,
        "f1-score": 0.7316892744577866,
        "support": 11314.0
    },
    "roc_auc": null,
    "model": "LogisticRegression",
    "params": {
        "C": 1,
        "max_iter": 100,
        "penalty": "l2",
        "solver": "lbfgs",
        "tol": 1e-05
    },
    "mode": "training"
}