{
    "processing_time_seconds": 17.112526416778564,
    "memory_usage_mb": 129.72265625,
    "successful_samples": 7532,
    "total_samples": 7532,
    "error_rate": 0.0,
    "samples_per_second": 440.14541258004965,
    "timestamp": "2025-05-24 13:31:30"
}