{
    "processing_time_seconds": 26.43208074569702,
    "memory_usage_mb": 28.0078125,
    "successful_samples": 11314,
    "total_samples": 11314,
    "error_rate": 0.0,
    "samples_per_second": 428.04045995667025,
    "timestamp": "2025-05-24 13:31:06"
}