{
    "0": {
        "precision": 0.8933333333333333,
        "recall": 0.5583333333333333,
        "f1-score": 0.6871794871794872,
        "support": 480.0
    },
    "1": {
        "precision": 0.9269776876267748,
        "recall": 0.7825342465753424,
        "f1-score": 0.8486536675951718,
        "support": 584.0
    },
    "2": {
        "precision": 0.901010101010101,
        "recall": 0.754653130287648,
        "f1-score": 0.8213627992633518,
        "support": 591.0
    },
    "3": {
        "precision": 0.7986577181208053,
        "recall": 0.6050847457627119,
        "f1-score": 0.6885245901639344,
        "support": 590.0
    },
    "4": {
        "precision": 0.7514450867052023,
        "recall": 0.8996539792387543,
        "f1-score": 0.8188976377952756,
        "support": 578.0
    },
    "5": {
        "precision": 0.7932011331444759,
        "recall": 0.9443507588532883,
        "f1-score": 0.8622016936104696,
        "support": 593.0
    },
    "6": {
        "precision": 0.8504672897196262,
        "recall": 0.9333333333333333,
        "f1-score": 0.8899755501222494,
        "support": 585.0
    },
    "7": {
        "precision": 0.9455252918287937,
        "recall": 0.8181818181818182,
        "f1-score": 0.8772563176895307,
        "support": 594.0
    },
    "8": {
        "precision": 0.8564954682779456,
        "recall": 0.9481605351170569,
        "f1-score": 0.9,
        "support": 598.0
    },
    "9": {
        "precision": 0.9796264855687606,
        "recall": 0.966499162479062,
        "f1-score": 0.9730185497470489,
        "support": 597.0
    },
    "10": {
        "precision": 0.9798994974874372,
        "recall": 0.975,
        "f1-score": 0.9774436090225563,
        "support": 600.0
    },
    "11": {
        "precision": 0.968365553602812,
        "recall": 0.9260504201680673,
        "f1-score": 0.9467353951890034,
        "support": 595.0
    },
    "12": {
        "precision": 0.8351145038167939,
        "recall": 0.9255499153976311,
        "f1-score": 0.8780096308186196,
        "support": 591.0
    },
    "13": {
        "precision": 0.9600665557404326,
        "recall": 0.9713804713804713,
        "f1-score": 0.9656903765690377,
        "support": 594.0
    },
    "14": {
        "precision": 0.956738768718802,
        "recall": 0.96964586846543,
        "f1-score": 0.9631490787269682,
        "support": 593.0
    },
    "15": {
        "precision": 0.9131313131313131,
        "recall": 0.7545909849749582,
        "f1-score": 0.8263254113345521,
        "support": 599.0
    },
    "16": {
        "precision": 0.9154411764705882,
        "recall": 0.9120879120879121,
        "f1-score": 0.9137614678899083,
        "support": 546.0
    },
    "17": {
        "precision": 0.9463667820069204,
        "recall": 0.9698581560283688,
        "f1-score": 0.957968476357268,
        "support": 564.0
    },
    "18": {
        "precision": 0.8283018867924529,
        "recall": 0.9440860215053763,
        "f1-score": 0.8824120603015075,
        "support": 465.0
    },
    "19": {
        "precision": 0.5215231788079471,
        "recall": 0.8355437665782494,
        "f1-score": 0.6422018348623854,
        "support": 377.0
    },
    "accuracy": 0.8723705144069295,
    "macro avg": {
        "precision": 0.8760844405955659,
        "recall": 0.8697289279874407,
        "f1-score": 0.8660383817119163,
        "support": 11314.0
    },
    "weighted avg": {
        "precision": 0.883186117475793,
        "recall": 0.8723705144069295,
        "f1-score": 0.8717159969070056,
        "support": 11314.0
    },
    "roc_auc": null,
    "model": "SVM",
    "params": {
        "max_iter": 100,
        "random_state": 42,
        "C": 0.9,
        "grid_search": false,
        "tol": 0.001,
        "normalize": false
    },
    "mode": "training"
}