{
    "0": {
        "precision": 0.7197231833910035,
        "recall": 0.6520376175548589,
        "f1-score": 0.6842105263157895,
        "support": 319.0
    },
    "1": {
        "precision": 0.7277227722772277,
        "recall": 0.7557840616966581,
        "f1-score": 0.7414880201765448,
        "support": 389.0
    },
    "2": {
        "precision": 0.7160493827160493,
        "recall": 0.7360406091370558,
        "f1-score": 0.7259073842302879,
        "support": 394.0
    },
    "3": {
        "precision": 0.6825775656324582,
        "recall": 0.7295918367346939,
        "f1-score": 0.7053020961775586,
        "support": 392.0
    },
    "4": {
        "precision": 0.84472049689441,
        "recall": 0.7064935064935065,
        "f1-score": 0.7694483734087695,
        "support": 385.0
    },
    "5": {
        "precision": 0.8587257617728532,
        "recall": 0.7848101265822784,
        "f1-score": 0.8201058201058201,
        "support": 395.0
    },
    "6": {
        "precision": 0.7964601769911505,
        "recall": 0.9230769230769231,
        "f1-score": 0.8551068883610451,
        "support": 390.0
    },
    "7": {
        "precision": 0.8610421836228288,
        "recall": 0.8762626262626263,
        "f1-score": 0.8685857321652065,
        "support": 396.0
    },
    "8": {
        "precision": 0.9037433155080213,
        "recall": 0.8492462311557789,
        "f1-score": 0.8756476683937824,
        "support": 398.0
    },
    "9": {
        "precision": 0.9609375,
        "recall": 0.929471032745592,
        "f1-score": 0.9449423815620999,
        "support": 397.0
    },
    "10": {
        "precision": 0.9722921914357683,
        "recall": 0.9674185463659147,
        "f1-score": 0.9698492462311558,
        "support": 399.0
    },
    "11": {
        "precision": 0.8697916666666666,
        "recall": 0.8434343434343434,
        "f1-score": 0.8564102564102564,
        "support": 396.0
    },
    "12": {
        "precision": 0.7106598984771574,
        "recall": 0.712468193384224,
        "f1-score": 0.7115628970775095,
        "support": 393.0
    },
    "13": {
        "precision": 0.9151670951156813,
        "recall": 0.898989898989899,
        "f1-score": 0.9070063694267516,
        "support": 396.0
    },
    "14": {
        "precision": 0.8933002481389578,
        "recall": 0.9137055837563451,
        "f1-score": 0.903387703889586,
        "support": 394.0
    },
    "15": {
        "precision": 0.7326530612244898,
        "recall": 0.9020100502512562,
        "f1-score": 0.8085585585585585,
        "support": 398.0
    },
    "16": {
        "precision": 0.673036093418259,
        "recall": 0.8708791208791209,
        "f1-score": 0.7592814371257485,
        "support": 364.0
    },
    "17": {
        "precision": 0.9002695417789758,
        "recall": 0.8882978723404256,
        "f1-score": 0.8942436412315931,
        "support": 376.0
    },
    "18": {
        "precision": 0.5946843853820598,
        "recall": 0.5774193548387097,
        "f1-score": 0.5859247135842881,
        "support": 310.0
    },
    "19": {
        "precision": 0.6218487394957983,
        "recall": 0.2948207171314741,
        "f1-score": 0.4,
        "support": 251.0
    },
    "accuracy": 0.8036378120021243,
    "macro avg": {
        "precision": 0.7977702629969908,
        "recall": 0.7906129126405842,
        "f1-score": 0.7893484857216178,
        "support": 7532.0
    },
    "weighted avg": {
        "precision": 0.8047151451849377,
        "recall": 0.8036378120021243,
        "f1-score": 0.8002904556732561,
        "support": 7532.0
    },
    "roc_auc": null,
    "model": "SVM",
    "params": {
        "max_iter": 1000,
        "random_state": 42,
        "C": 0.9,
        "grid_search": false,
        "tol": 0.001,
        "normalize": false
    },
    "mode": "training"
}