{
    "0": {
        "precision": 0.6423841059602649,
        "recall": 0.6081504702194357,
        "f1-score": 0.6247987117552335,
        "support": 319.0
    },
    "1": {
        "precision": 0.6609336609336609,
        "recall": 0.6915167095115681,
        "f1-score": 0.6758793969849246,
        "support": 389.0
    },
    "2": {
        "precision": 0.6421052631578947,
        "recall": 0.6192893401015228,
        "f1-score": 0.6304909560723514,
        "support": 394.0
    },
    "3": {
        "precision": 0.631578947368421,
        "recall": 0.6122448979591837,
        "f1-score": 0.6217616580310881,
        "support": 392.0
    },
    "4": {
        "precision": 0.6641414141414141,
        "recall": 0.6831168831168831,
        "f1-score": 0.6734955185659411,
        "support": 385.0
    },
    "5": {
        "precision": 0.7570332480818415,
        "recall": 0.7493670886075949,
        "f1-score": 0.7531806615776081,
        "support": 395.0
    },
    "6": {
        "precision": 0.7639593908629442,
        "recall": 0.7717948717948718,
        "f1-score": 0.7678571428571429,
        "support": 390.0
    },
    "7": {
        "precision": 0.8043478260869565,
        "recall": 0.8409090909090909,
        "f1-score": 0.8222222222222222,
        "support": 396.0
    },
    "8": {
        "precision": 0.8713910761154856,
        "recall": 0.8341708542713567,
        "f1-score": 0.8523748395378691,
        "support": 398.0
    },
    "9": {
        "precision": 0.9386666666666666,
        "recall": 0.8866498740554156,
        "f1-score": 0.9119170984455959,
        "support": 397.0
    },
    "10": {
        "precision": 0.9571788413098237,
        "recall": 0.9523809523809523,
        "f1-score": 0.9547738693467337,
        "support": 399.0
    },
    "11": {
        "precision": 0.896640826873385,
        "recall": 0.8762626262626263,
        "f1-score": 0.8863346104725415,
        "support": 396.0
    },
    "12": {
        "precision": 0.6407766990291263,
        "recall": 0.6717557251908397,
        "f1-score": 0.6559006211180124,
        "support": 393.0
    },
    "13": {
        "precision": 0.863517060367454,
        "recall": 0.8308080808080808,
        "f1-score": 0.8468468468468469,
        "support": 396.0
    },
    "14": {
        "precision": 0.8894601542416453,
        "recall": 0.8781725888324873,
        "f1-score": 0.8837803320561941,
        "support": 394.0
    },
    "15": {
        "precision": 0.7435294117647059,
        "recall": 0.7939698492462312,
        "f1-score": 0.7679222357229648,
        "support": 398.0
    },
    "16": {
        "precision": 0.6726057906458798,
        "recall": 0.8296703296703297,
        "f1-score": 0.7429274292742928,
        "support": 364.0
    },
    "17": {
        "precision": 0.9014925373134328,
        "recall": 0.8031914893617021,
        "f1-score": 0.849507735583685,
        "support": 376.0
    },
    "18": {
        "precision": 0.6343283582089553,
        "recall": 0.5483870967741935,
        "f1-score": 0.5882352941176471,
        "support": 310.0
    },
    "19": {
        "precision": 0.5092936802973977,
        "recall": 0.545816733067729,
        "f1-score": 0.5269230769230769,
        "support": 251.0
    },
    "accuracy": 0.7590281465746149,
    "macro avg": {
        "precision": 0.7542682479713678,
        "recall": 0.7513812776071048,
        "f1-score": 0.7518565128755986,
        "support": 7532.0
    },
    "weighted avg": {
        "precision": 0.7619016563924468,
        "recall": 0.7590281465746149,
        "f1-score": 0.7595421905279611,
        "support": 7532.0
    },
    "roc_auc": {
        "0": 0.969337407597828,
        "1": 0.9669775756155828,
        "2": 0.9655120304141843,
        "3": 0.9630645115188933,
        "4": 0.9685382478162667,
        "5": 0.9814232480760807,
        "6": 0.9864811982566113,
        "7": 0.9886798902704171,
        "8": 0.9920812360090331,
        "9": 0.9966225316361852,
        "10": 0.9990291865932882,
        "11": 0.9903820293744622,
        "12": 0.96731889164169,
        "13": 0.9889566205779771,
        "14": 0.9945686417017379,
        "15": 0.9874526825323702,
        "16": 0.9853814572704082,
        "17": 0.9913017494618411,
        "18": 0.9383393930731369,
        "19": 0.9527553841767937
    },
    "model": "LogisticRegression",
    "params": {
        "max_iter": 4000,
        "random_state": 42,
        "C": 0.9,
        "grid_search": false,
        "tol": 1e-05,
        "normalize": true
    },
    "mode": "training"
}