{
    "0": {
        "precision": 0.784,
        "recall": 0.3072100313479624,
        "f1-score": 0.44144144144144143,
        "support": 319.0
    },
    "1": {
        "precision": 0.8197879858657244,
        "recall": 0.596401028277635,
        "f1-score": 0.6904761904761905,
        "support": 389.0
    },
    "2": {
        "precision": 0.7777777777777778,
        "recall": 0.550761421319797,
        "f1-score": 0.6448736998514116,
        "support": 394.0
    },
    "3": {
        "precision": 0.6802973977695167,
        "recall": 0.46683673469387754,
        "f1-score": 0.5537065052950075,
        "support": 392.0
    },
    "4": {
        "precision": 0.6581986143187067,
        "recall": 0.7402597402597403,
        "f1-score": 0.6968215158924206,
        "support": 385.0
    },
    "5": {
        "precision": 0.6698113207547169,
        "recall": 0.8987341772151899,
        "f1-score": 0.7675675675675676,
        "support": 395.0
    },
    "6": {
        "precision": 0.7659574468085106,
        "recall": 0.9230769230769231,
        "f1-score": 0.8372093023255814,
        "support": 390.0
    },
    "7": {
        "precision": 0.8960244648318043,
        "recall": 0.73989898989899,
        "f1-score": 0.8105117565698479,
        "support": 396.0
    },
    "8": {
        "precision": 0.7951002227171492,
        "recall": 0.8969849246231156,
        "f1-score": 0.8429752066115702,
        "support": 398.0
    },
    "9": {
        "precision": 0.9708994708994709,
        "recall": 0.924433249370277,
        "f1-score": 0.9470967741935484,
        "support": 397.0
    },
    "10": {
        "precision": 0.9580246913580247,
        "recall": 0.9724310776942355,
        "f1-score": 0.9651741293532339,
        "support": 399.0
    },
    "11": {
        "precision": 0.8694516971279374,
        "recall": 0.8409090909090909,
        "f1-score": 0.8549422336328626,
        "support": 396.0
    },
    "12": {
        "precision": 0.6348547717842323,
        "recall": 0.7786259541984732,
        "f1-score": 0.6994285714285714,
        "support": 393.0
    },
    "13": {
        "precision": 0.9211195928753181,
        "recall": 0.9141414141414141,
        "f1-score": 0.917617237008872,
        "support": 396.0
    },
    "14": {
        "precision": 0.8878048780487805,
        "recall": 0.9238578680203046,
        "f1-score": 0.9054726368159204,
        "support": 394.0
    },
    "15": {
        "precision": 0.8084415584415584,
        "recall": 0.6256281407035176,
        "f1-score": 0.7053824362606232,
        "support": 398.0
    },
    "16": {
        "precision": 0.6804597701149425,
        "recall": 0.8131868131868132,
        "f1-score": 0.7409261576971214,
        "support": 364.0
    },
    "17": {
        "precision": 0.9005376344086021,
        "recall": 0.8909574468085106,
        "f1-score": 0.8957219251336899,
        "support": 376.0
    },
    "18": {
        "precision": 0.5465116279069767,
        "recall": 0.6064516129032258,
        "f1-score": 0.5749235474006116,
        "support": 310.0
    },
    "19": {
        "precision": 0.3676148796498906,
        "recall": 0.6693227091633466,
        "f1-score": 0.4745762711864407,
        "support": 251.0
    },
    "accuracy": 0.7615507169410515,
    "macro avg": {
        "precision": 0.7696337901729822,
        "recall": 0.7540054673906221,
        "f1-score": 0.7483422553071268,
        "support": 7532.0
    },
    "weighted avg": {
        "precision": 0.7801238550873566,
        "recall": 0.7615507169410515,
        "f1-score": 0.7586610392649378,
        "support": 7532.0
    },
    "roc_auc": null,
    "model": "SVM",
    "params": {
        "max_iter": 100,
        "random_state": 42,
        "C": 0.9,
        "grid_search": false,
        "tol": 0.001,
        "normalize": false
    },
    "mode": "training"
}