{
    "0": {
        "precision": 1.0,
        "recall": 1.0,
        "f1-score": 1.0,
        "support": 480.0
    },
    "1": {
        "precision": 0.9982905982905983,
        "recall": 1.0,
        "f1-score": 0.9991445680068435,
        "support": 584.0
    },
    "2": {
        "precision": 1.0,
        "recall": 0.9983079526226735,
        "f1-score": 0.9991532599491956,
        "support": 591.0
    },
    "3": {
        "precision": 1.0,
        "recall": 1.0,
        "f1-score": 1.0,
        "support": 590.0
    },
    "4": {
        "precision": 1.0,
        "recall": 1.0,
        "f1-score": 1.0,
        "support": 578.0
    },
    "5": {
        "precision": 1.0,
        "recall": 1.0,
        "f1-score": 1.0,
        "support": 593.0
    },
    "6": {
        "precision": 0.9982905982905983,
        "recall": 0.9982905982905983,
        "f1-score": 0.9982905982905983,
        "support": 585.0
    },
    "7": {
        "precision": 1.0,
        "recall": 1.0,
        "f1-score": 1.0,
        "support": 594.0
    },
    "8": {
        "precision": 1.0,
        "recall": 1.0,
        "f1-score": 1.0,
        "support": 598.0
    },
    "9": {
        "precision": 1.0,
        "recall": 1.0,
        "f1-score": 1.0,
        "support": 597.0
    },
    "10": {
        "precision": 1.0,
        "recall": 1.0,
        "f1-score": 1.0,
        "support": 600.0
    },
    "11": {
        "precision": 1.0,
        "recall": 1.0,
        "f1-score": 1.0,
        "support": 595.0
    },
    "12": {
        "precision": 0.9983079526226735,
        "recall": 0.9983079526226735,
        "f1-score": 0.9983079526226735,
        "support": 591.0
    },
    "13": {
        "precision": 1.0,
        "recall": 1.0,
        "f1-score": 1.0,
        "support": 594.0
    },
    "14": {
        "precision": 1.0,
        "recall": 1.0,
        "f1-score": 1.0,
        "support": 593.0
    },
    "15": {
        "precision": 1.0,
        "recall": 1.0,
        "f1-score": 1.0,
        "support": 599.0
    },
    "16": {
        "precision": 1.0,
        "recall": 1.0,
        "f1-score": 1.0,
        "support": 546.0
    },
    "17": {
        "precision": 1.0,
        "recall": 1.0,
        "f1-score": 1.0,
        "support": 564.0
    },
    "18": {
        "precision": 1.0,
        "recall": 1.0,
        "f1-score": 1.0,
        "support": 465.0
    },
    "19": {
        "precision": 1.0,
        "recall": 1.0,
        "f1-score": 1.0,
        "support": 377.0
    },
    "accuracy": 0.999734841788934,
    "macro avg": {
        "precision": 0.9997444574601936,
        "recall": 0.9997453251767972,
        "f1-score": 0.9997448189434655,
        "support": 11314.0
    },
    "weighted avg": {
        "precision": 0.9997349928762338,
        "recall": 0.999734841788934,
        "f1-score": 0.9997348421730574,
        "support": 11314.0
    },
    "roc_auc": null,
    "model": "LogisticRegression",
    "params": {
        "max_iter": 4000,
        "random_state": 42,
        "C": 0.9,
        "grid_search": false,
        "tol": 1e-05,
        "normalize": true
    },
    "mode": "training"
}