{
    "0": {
        "precision": 0.8148148148148148,
        "recall": 0.825,
        "f1-score": 0.8198757763975155,
        "support": 480.0
    },
    "1": {
        "precision": 0.8293918918918919,
        "recall": 0.8407534246575342,
        "f1-score": 0.8350340136054422,
        "support": 584.0
    },
    "2": {
        "precision": 0.8019323671497585,
        "recall": 0.8426395939086294,
        "f1-score": 0.8217821782178217,
        "support": 591.0
    },
    "3": {
        "precision": 0.7577235772357723,
        "recall": 0.7898305084745763,
        "f1-score": 0.7734439834024897,
        "support": 590.0
    },
    "4": {
        "precision": 0.8914728682170543,
        "recall": 0.7958477508650519,
        "f1-score": 0.8409506398537477,
        "support": 578.0
    },
    "5": {
        "precision": 0.9,
        "recall": 0.8802698145025295,
        "f1-score": 0.8900255754475703,
        "support": 593.0
    },
    "6": {
        "precision": 0.8330733229329174,
        "recall": 0.9128205128205128,
        "f1-score": 0.8711256117455138,
        "support": 585.0
    },
    "7": {
        "precision": 0.8883415435139573,
        "recall": 0.9107744107744108,
        "f1-score": 0.8994181213632585,
        "support": 594.0
    },
    "8": {
        "precision": 0.9396551724137931,
        "recall": 0.9113712374581939,
        "f1-score": 0.9252971137521222,
        "support": 598.0
    },
    "9": {
        "precision": 0.9698492462311558,
        "recall": 0.9698492462311558,
        "f1-score": 0.9698492462311558,
        "support": 597.0
    },
    "10": {
        "precision": 0.9830508474576272,
        "recall": 0.9666666666666667,
        "f1-score": 0.9747899159663865,
        "support": 600.0
    },
    "11": {
        "precision": 0.9632224168126094,
        "recall": 0.9243697478991597,
        "f1-score": 0.9433962264150944,
        "support": 595.0
    },
    "12": {
        "precision": 0.8741258741258742,
        "recall": 0.8460236886632826,
        "f1-score": 0.8598452278589854,
        "support": 591.0
    },
    "13": {
        "precision": 0.9546979865771812,
        "recall": 0.9579124579124579,
        "f1-score": 0.9563025210084034,
        "support": 594.0
    },
    "14": {
        "precision": 0.9564489112227805,
        "recall": 0.9629005059021922,
        "f1-score": 0.9596638655462185,
        "support": 593.0
    },
    "15": {
        "precision": 0.8125,
        "recall": 0.9332220367278798,
        "f1-score": 0.8686868686868687,
        "support": 599.0
    },
    "16": {
        "precision": 0.8909426987060998,
        "recall": 0.8827838827838828,
        "f1-score": 0.8868445262189513,
        "support": 546.0
    },
    "17": {
        "precision": 0.9331046312178388,
        "recall": 0.9645390070921985,
        "f1-score": 0.948561464690497,
        "support": 564.0
    },
    "18": {
        "precision": 0.8145315487571702,
        "recall": 0.9161290322580645,
        "f1-score": 0.8623481781376519,
        "support": 465.0
    },
    "19": {
        "precision": 0.8935185185185185,
        "recall": 0.5119363395225465,
        "f1-score": 0.6509274873524452,
        "support": 377.0
    },
    "accuracy": 0.8843910199752519,
    "macro avg": {
        "precision": 0.8851199118898408,
        "recall": 0.8772819932560463,
        "f1-score": 0.8779084270949069,
        "support": 11314.0
    },
    "weighted avg": {
        "precision": 0.886532678172965,
        "recall": 0.8843910199752519,
        "f1-score": 0.8830368563046499,
        "support": 11314.0
    },
    "roc_auc": null,
    "model": "SVM",
    "params": {
        "max_iter": 1000,
        "random_state": 42,
        "C": 0.9,
        "grid_search": false,
        "tol": 0.001,
        "normalize": false
    },
    "mode": "training"
}