{
    "0": {
        "precision": 0.6655879180151025,
        "recall": 0.6828998339789707,
        "f1-score": 0.6741327506145862,
        "support": 3614.0
    },
    "1": {
        "precision": 0.4987899973111051,
        "recall": 0.5525767053917188,
        "f1-score": 0.5243075183719615,
        "support": 3357.0
    },
    "2": {
        "precision": 0.6323719328454585,
        "recall": 0.6998570747975227,
        "f1-score": 0.6644052464947987,
        "support": 2099.0
    },
    "3": {
        "precision": 0.6705202312138728,
        "recall": 0.5686274509803921,
        "f1-score": 0.6153846153846154,
        "support": 204.0
    },
    "4": {
        "precision": 0.5456026058631922,
        "recall": 0.475177304964539,
        "f1-score": 0.5079605761940864,
        "support": 705.0
    },
    "5": {
        "precision": 0.524390243902439,
        "recall": 0.5219653179190752,
        "f1-score": 0.5231749710312862,
        "support": 1730.0
    },
    "6": {
        "precision": 0.6035872963633372,
        "recall": 0.6782544378698225,
        "f1-score": 0.6387461906835002,
        "support": 5408.0
    },
    "7": {
        "precision": 0.6622945085694298,
        "recall": 0.711708325502725,
        "f1-score": 0.6861128725428028,
        "support": 5321.0
    },
    "8": {
        "precision": 0.3097251585623679,
        "recall": 0.11436377829820453,
        "f1-score": 0.16704675028506272,
        "support": 2562.0
    },
    "accuracy": 0.59576,
    "macro avg": {
        "precision": 0.5680966547384784,
        "recall": 0.5561589144114412,
        "f1-score": 0.5556968324003,
        "support": 25000.0
    },
    "weighted avg": {
        "precision": 0.5767055026017052,
        "recall": 0.59576,
        "f1-score": 0.5805146339269898,
        "support": 25000.0
    },
    "roc_auc": null,
    "model": "LogisticRegression",
    "params": {
        "max_iter": 200,
        "random_state": 42,
        "C": 0.9
    },
    "mode": "training"
}