{
    "0": {
        "precision": 0.6370757180156658,
        "recall": 0.6472148541114059,
        "f1-score": 0.6421052631578947,
        "support": 754.0
    },
    "1": {
        "precision": 0.46901408450704224,
        "recall": 0.5130970724191063,
        "f1-score": 0.4900662251655629,
        "support": 649.0
    },
    "2": {
        "precision": 0.5978494623655914,
        "recall": 0.7055837563451777,
        "f1-score": 0.6472642607683353,
        "support": 394.0
    },
    "3": {
        "precision": 0.6666666666666666,
        "recall": 0.5,
        "f1-score": 0.5714285714285714,
        "support": 44.0
    },
    "4": {
        "precision": 0.4961832061068702,
        "recall": 0.4166666666666667,
        "f1-score": 0.4529616724738676,
        "support": 156.0
    },
    "5": {
        "precision": 0.5124653739612188,
        "recall": 0.5167597765363129,
        "f1-score": 0.5146036161335188,
        "support": 358.0
    },
    "6": {
        "precision": 0.6023391812865497,
        "recall": 0.6513098464317977,
        "f1-score": 0.6258680555555556,
        "support": 1107.0
    },
    "7": {
        "precision": 0.6193379790940766,
        "recall": 0.6869565217391305,
        "f1-score": 0.6513971598717362,
        "support": 1035.0
    },
    "8": {
        "precision": 0.19047619047619047,
        "recall": 0.07157057654075547,
        "f1-score": 0.10404624277456648,
        "support": 503.0
    },
    "accuracy": 0.5678,
    "macro avg": {
        "precision": 0.5323786513866524,
        "recall": 0.5232398967544836,
        "f1-score": 0.5221934519255121,
        "support": 5000.0
    },
    "weighted avg": {
        "precision": 0.5428224487242301,
        "recall": 0.5678,
        "f1-score": 0.5513245396007322,
        "support": 5000.0
    },
    "roc_auc": {
        "0": 0.9093664063290648,
        "1": 0.8518679976868042,
        "2": 0.956259326281544,
        "3": 0.9559899845916795,
        "4": 0.9367179063710855,
        "5": 0.9120460743418723,
        "6": 0.8809938668784754,
        "7": 0.8977487800866275,
        "8": 0.6510043585496141
    },
    "model": "LogisticRegression",
    "params": {
        "max_iter": 200,
        "random_state": 42,
        "C": 0.9
    },
    "mode": "training"
}