{
    "0": {
        "precision": 0.8457677389915583,
        "recall": 0.8106275967636125,
        "f1-score": 0.8278249218401071,
        "support": 4573.0
    },
    "1": {
        "precision": 0.8484689413823272,
        "recall": 0.8776470588235294,
        "f1-score": 0.8628113879003558,
        "support": 5525.0
    },
    "accuracy": 0.8472964943553178,
    "macro avg": {
        "precision": 0.8471183401869428,
        "recall": 0.844137327793571,
        "f1-score": 0.8453181548702315,
        "support": 10098.0
    },
    "weighted avg": {
        "precision": 0.8472456695925683,
        "recall": 0.8472964943553178,
        "f1-score": 0.8469673485565732,
        "support": 10098.0
    },
    "roc_auc": null,
    "model": "LogisticRegression",
    "params": {
        "max_iter": 1500,
        "random_state": 42,
        "penalty": "l2",
        "solver": "lbfgs",
        "C": 0.7
    },
    "mode": "training"
}