{
    "0": {
        "precision": 0.4792653596676627,
        "recall": 0.3794794852559294,
        "f1-score": 0.4235748792270531,
        "support": 17329.0
    },
    "1": {
        "precision": 0.6315487900376263,
        "recall": 0.7134134501283739,
        "f1-score": 0.669989666281685,
        "support": 46349.0
    },
    "2": {
        "precision": 0.40988779803646563,
        "recall": 0.32163984041821436,
        "f1-score": 0.36044091574809217,
        "support": 21807.0
    },
    "3": {
        "precision": 0.620945039581326,
        "recall": 0.6926886842160727,
        "f1-score": 0.6548577349167132,
        "support": 47447.0
    },
    "4": {
        "precision": 0.45987615316567676,
        "recall": 0.3278378378378378,
        "f1-score": 0.3827907221374849,
        "support": 11100.0
    },
    "accuracy": 0.5773786380804266,
    "macro avg": {
        "precision": 0.5203046280977516,
        "recall": 0.4870118595712857,
        "f1-score": 0.4983307836622057,
        "support": 144032.0
    },
    "weighted avg": {
        "precision": 0.5629434576487882,
        "recall": 0.5773786380804266,
        "f1-score": 0.5663576645374183,
        "support": 144032.0
    },
    "roc_auc": null,
    "model": "LogisticRegression",
    "params": {
        "max_iter": 5000,
        "random_state": 42,
        "C": 0.9
    },
    "mode": "training"
}