{
    "0": {
        "precision": 0.3588885656095432,
        "recall": 0.6813035073184204,
        "f1-score": 0.47012863268222965,
        "support": 3621.0
    },
    "1": {
        "precision": 0.8470015743523687,
        "recall": 0.609286523216308,
        "f1-score": 0.7087425149700599,
        "support": 9713.0
    },
    "2": {
        "precision": 0.4650829994275901,
        "recall": 0.3555020783198425,
        "f1-score": 0.402975821450713,
        "support": 4571.0
    },
    "3": {
        "precision": 0.7714184145040882,
        "recall": 0.6577750833585935,
        "f1-score": 0.7100785340314136,
        "support": 9897.0
    },
    "4": {
        "precision": 0.2976272748214697,
        "recall": 0.5537933990570082,
        "f1-score": 0.38717410848067124,
        "support": 2333.0
    },
    "accuracy": 0.5910735025717604,
    "macro avg": {
        "precision": 0.548003765743012,
        "recall": 0.5715321182540345,
        "f1-score": 0.5358199223230175,
        "support": 30135.0
    },
    "weighted avg": {
        "precision": 0.6630644983788179,
        "recall": 0.5910735025717604,
        "f1-score": 0.6092344036201115,
        "support": 30135.0
    },
    "roc_auc": {
        "0": 0.8683573285143611,
        "1": 0.9015743690958217,
        "2": 0.8125938208336275,
        "3": 0.8778789103614647,
        "4": 0.8551601100711161
    },
    "model": "LogisticRegression",
    "params": {
        "max_iter": 5000,
        "random_state": 42,
        "C": 0.9
    },
    "mode": "training"
}