{
    "0": {
        "precision": 0.5430237444841354,
        "recall": 0.4757674782528651,
        "f1-score": 0.5071756249540024,
        "support": 21727.0
    },
    "1": {
        "precision": 0.7387980257427659,
        "recall": 0.7903646058012528,
        "f1-score": 0.7637118490050104,
        "support": 57953.0
    },
    "2": {
        "precision": 0.5318362706083002,
        "recall": 0.48207449941107183,
        "f1-score": 0.5057342549330038,
        "support": 27168.0
    },
    "3": {
        "precision": 0.7237169828726054,
        "recall": 0.7930854379728067,
        "f1-score": 0.7568149845251015,
        "support": 59353.0
    },
    "4": {
        "precision": 0.5246305418719212,
        "recall": 0.35399956644266206,
        "f1-score": 0.4227466885274194,
        "support": 13839.0
    },
    "accuracy": 0.6732337258387026,
    "macro avg": {
        "precision": 0.6124011131159456,
        "recall": 0.5790583175761317,
        "f1-score": 0.5912366803889075,
        "support": 180040.0
    },
    "weighted avg": {
        "precision": 0.6625077917994162,
        "recall": 0.6732337258387026,
        "f1-score": 0.665342240756677,
        "support": 180040.0
    },
    "roc_auc": null,
    "model": "LogisticRegression",
    "params": {
        "max_iter": 5000,
        "random_state": 42,
        "C": 0.9
    },
    "mode": "training"
}