{
    "0": {
        "precision": 0.4891737891737892,
        "recall": 0.39040472942246474,
        "f1-score": 0.434243803743045,
        "support": 4398.0
    },
    "1": {
        "precision": 0.6342430248513493,
        "recall": 0.7169941399517408,
        "f1-score": 0.6730847018849607,
        "support": 11604.0
    },
    "2": {
        "precision": 0.4126611957796014,
        "recall": 0.32829695952247717,
        "f1-score": 0.36567629337211716,
        "support": 5361.0
    },
    "3": {
        "precision": 0.6254201038802322,
        "recall": 0.6877204770703846,
        "f1-score": 0.6550924073925914,
        "support": 11906.0
    },
    "4": {
        "precision": 0.44191794364804743,
        "recall": 0.3263964950711939,
        "f1-score": 0.375472490550189,
        "support": 2739.0
    },
    "accuracy": 0.5798433681404133,
    "macro avg": {
        "precision": 0.5206832114666039,
        "recall": 0.4899625602076522,
        "f1-score": 0.5007139393885807,
        "support": 36008.0
    },
    "weighted avg": {
        "precision": 0.5659876710782569,
        "recall": 0.5798433681404133,
        "f1-score": 0.5695572953881382,
        "support": 36008.0
    },
    "roc_auc": null,
    "model": "LogisticRegression",
    "params": {
        "max_iter": 5000,
        "random_state": 42,
        "C": 0.9
    },
    "mode": "training"
}