{
    "0": {
        "precision": 0.7837837837837838,
        "recall": 0.725,
        "f1-score": 0.7532467532467533,
        "support": 480.0
    },
    "1": {
        "precision": 0.7312925170068028,
        "recall": 0.7363013698630136,
        "f1-score": 0.7337883959044369,
        "support": 584.0
    },
    "2": {
        "precision": 0.7295081967213115,
        "recall": 0.7529610829103215,
        "f1-score": 0.7410491257285595,
        "support": 591.0
    },
    "3": {
        "precision": 0.6696428571428571,
        "recall": 0.635593220338983,
        "f1-score": 0.6521739130434783,
        "support": 590.0
    },
    "4": {
        "precision": 0.7333333333333333,
        "recall": 0.7231833910034602,
        "f1-score": 0.7282229965156795,
        "support": 578.0
    },
    "5": {
        "precision": 0.7824675324675324,
        "recall": 0.8128161888701517,
        "f1-score": 0.7973531844499586,
        "support": 593.0
    },
    "6": {
        "precision": 0.7136627906976745,
        "recall": 0.8393162393162393,
        "f1-score": 0.7714061272584446,
        "support": 585.0
    },
    "7": {
        "precision": 0.8367003367003367,
        "recall": 0.8367003367003367,
        "f1-score": 0.8367003367003367,
        "support": 594.0
    },
    "8": {
        "precision": 0.8739205526770294,
        "recall": 0.8461538461538461,
        "f1-score": 0.8598130841121495,
        "support": 598.0
    },
    "9": {
        "precision": 0.9186046511627907,
        "recall": 0.9262981574539364,
        "f1-score": 0.9224353628023353,
        "support": 597.0
    },
    "10": {
        "precision": 0.9605488850771869,
        "recall": 0.9333333333333333,
        "f1-score": 0.9467455621301775,
        "support": 600.0
    },
    "11": {
        "precision": 0.8960817717206133,
        "recall": 0.8840336134453781,
        "f1-score": 0.8900169204737732,
        "support": 595.0
    },
    "12": {
        "precision": 0.7674418604651163,
        "recall": 0.7258883248730964,
        "f1-score": 0.7460869565217392,
        "support": 591.0
    },
    "13": {
        "precision": 0.9363166953528399,
        "recall": 0.9158249158249159,
        "f1-score": 0.9259574468085107,
        "support": 594.0
    },
    "14": {
        "precision": 0.8673139158576052,
        "recall": 0.9038785834738617,
        "f1-score": 0.8852188274153592,
        "support": 593.0
    },
    "15": {
        "precision": 0.7496443812233285,
        "recall": 0.8797996661101837,
        "f1-score": 0.8095238095238095,
        "support": 599.0
    },
    "16": {
        "precision": 0.8173758865248227,
        "recall": 0.8443223443223443,
        "f1-score": 0.8306306306306306,
        "support": 546.0
    },
    "17": {
        "precision": 0.9010416666666666,
        "recall": 0.9202127659574468,
        "f1-score": 0.9105263157894737,
        "support": 564.0
    },
    "18": {
        "precision": 0.7845528455284553,
        "recall": 0.8301075268817204,
        "f1-score": 0.8066875653082549,
        "support": 465.0
    },
    "19": {
        "precision": 0.78,
        "recall": 0.41379310344827586,
        "f1-score": 0.5407279029462738,
        "support": 377.0
    },
    "accuracy": 0.812179600494962,
    "macro avg": {
        "precision": 0.8116617230055045,
        "recall": 0.8042759005140423,
        "f1-score": 0.8044155608655068,
        "support": 11314.0
    },
    "weighted avg": {
        "precision": 0.813048256568149,
        "recall": 0.812179600494962,
        "f1-score": 0.8099823146022933,
        "support": 11314.0
    },
    "roc_auc": null,
    "model": "LogisticRegression",
    "params": {
        "max_iter": 200,
        "random_state": 42,
        "C": 0.9
    },
    "mode": "training"
}