{
    "0": {
        "precision": 0.6887417218543046,
        "recall": 0.65,
        "f1-score": 0.6688102893890675,
        "support": 480.0
    },
    "1": {
        "precision": 0.6655172413793103,
        "recall": 0.660958904109589,
        "f1-score": 0.6632302405498282,
        "support": 584.0
    },
    "2": {
        "precision": 0.6872727272727273,
        "recall": 0.6395939086294417,
        "f1-score": 0.6625766871165644,
        "support": 591.0
    },
    "3": {
        "precision": 0.5848375451263538,
        "recall": 0.5491525423728814,
        "f1-score": 0.5664335664335665,
        "support": 590.0
    },
    "4": {
        "precision": 0.6696750902527075,
        "recall": 0.6418685121107266,
        "f1-score": 0.6554770318021201,
        "support": 578.0
    },
    "5": {
        "precision": 0.7178631051752922,
        "recall": 0.7251264755480608,
        "f1-score": 0.7214765100671141,
        "support": 593.0
    },
    "6": {
        "precision": 0.5457967377666249,
        "recall": 0.7435897435897436,
        "f1-score": 0.6295224312590448,
        "support": 585.0
    },
    "7": {
        "precision": 0.7641196013289037,
        "recall": 0.7744107744107744,
        "f1-score": 0.7692307692307693,
        "support": 594.0
    },
    "8": {
        "precision": 0.8098591549295775,
        "recall": 0.7692307692307693,
        "f1-score": 0.7890222984562607,
        "support": 598.0
    },
    "9": {
        "precision": 0.8793388429752066,
        "recall": 0.8911222780569514,
        "f1-score": 0.8851913477537438,
        "support": 597.0
    },
    "10": {
        "precision": 0.9232081911262798,
        "recall": 0.9016666666666666,
        "f1-score": 0.9123102866779089,
        "support": 600.0
    },
    "11": {
        "precision": 0.8571428571428571,
        "recall": 0.8571428571428571,
        "f1-score": 0.8571428571428571,
        "support": 595.0
    },
    "12": {
        "precision": 0.6852886405959032,
        "recall": 0.622673434856176,
        "f1-score": 0.6524822695035462,
        "support": 591.0
    },
    "13": {
        "precision": 0.8870431893687708,
        "recall": 0.898989898989899,
        "f1-score": 0.8929765886287625,
        "support": 594.0
    },
    "14": {
        "precision": 0.8054662379421221,
        "recall": 0.8448566610455311,
        "f1-score": 0.8246913580246914,
        "support": 593.0
    },
    "15": {
        "precision": 0.6644823066841415,
        "recall": 0.8464106844741235,
        "f1-score": 0.7444933920704846,
        "support": 599.0
    },
    "16": {
        "precision": 0.7530434782608696,
        "recall": 0.793040293040293,
        "f1-score": 0.7725245316681534,
        "support": 546.0
    },
    "17": {
        "precision": 0.8361204013377926,
        "recall": 0.8865248226950354,
        "f1-score": 0.8605851979345955,
        "support": 564.0
    },
    "18": {
        "precision": 0.7171945701357466,
        "recall": 0.6817204301075269,
        "f1-score": 0.6990077177508269,
        "support": 465.0
    },
    "19": {
        "precision": 0.6363636363636364,
        "recall": 0.22281167108753316,
        "f1-score": 0.3300589390962672,
        "support": 377.0
    },
    "accuracy": 0.7409404277885805,
    "macro avg": {
        "precision": 0.7389187638509563,
        "recall": 0.7300445664082289,
        "f1-score": 0.7278622155278086,
        "support": 11314.0
    },
    "weighted avg": {
        "precision": 0.7418537563358577,
        "recall": 0.7409404277885805,
        "f1-score": 0.7363786147802241,
        "support": 11314.0
    },
    "roc_auc": null,
    "model": "LogisticRegression",
    "params": {
        "max_iter": 2000,
        "random_state": 42,
        "C": 1,
        "tol": 0.004
    },
    "mode": "training"
}