{
    "0": {
        "precision": 0.6389891696750902,
        "recall": 0.554858934169279,
        "f1-score": 0.5939597315436241,
        "support": 319.0
    },
    "1": {
        "precision": 0.6556962025316456,
        "recall": 0.6658097686375322,
        "f1-score": 0.6607142857142857,
        "support": 389.0
    },
    "2": {
        "precision": 0.5940366972477065,
        "recall": 0.6573604060913706,
        "f1-score": 0.6240963855421687,
        "support": 394.0
    },
    "3": {
        "precision": 0.592797783933518,
        "recall": 0.5459183673469388,
        "f1-score": 0.5683930942895087,
        "support": 392.0
    },
    "4": {
        "precision": 0.6304347826086957,
        "recall": 0.6025974025974026,
        "f1-score": 0.6162018592297477,
        "support": 385.0
    },
    "5": {
        "precision": 0.7091346153846154,
        "recall": 0.7468354430379747,
        "f1-score": 0.7274969173859432,
        "support": 395.0
    },
    "6": {
        "precision": 0.7075471698113207,
        "recall": 0.7692307692307693,
        "f1-score": 0.7371007371007371,
        "support": 390.0
    },
    "7": {
        "precision": 0.8109452736318408,
        "recall": 0.8232323232323232,
        "f1-score": 0.8170426065162907,
        "support": 396.0
    },
    "8": {
        "precision": 0.8254847645429363,
        "recall": 0.7487437185929648,
        "f1-score": 0.7852437417654808,
        "support": 398.0
    },
    "9": {
        "precision": 0.8883248730964467,
        "recall": 0.8816120906801007,
        "f1-score": 0.8849557522123894,
        "support": 397.0
    },
    "10": {
        "precision": 0.9256410256410257,
        "recall": 0.9047619047619048,
        "f1-score": 0.9150823827629911,
        "support": 399.0
    },
    "11": {
        "precision": 0.7979274611398963,
        "recall": 0.7777777777777778,
        "f1-score": 0.7877237851662404,
        "support": 396.0
    },
    "12": {
        "precision": 0.5831265508684863,
        "recall": 0.5979643765903307,
        "f1-score": 0.5904522613065326,
        "support": 393.0
    },
    "13": {
        "precision": 0.8753387533875339,
        "recall": 0.8156565656565656,
        "f1-score": 0.8444444444444444,
        "support": 396.0
    },
    "14": {
        "precision": 0.8063725490196079,
        "recall": 0.8350253807106599,
        "f1-score": 0.8204488778054863,
        "support": 394.0
    },
    "15": {
        "precision": 0.6261682242990654,
        "recall": 0.8417085427135679,
        "f1-score": 0.7181136120042872,
        "support": 398.0
    },
    "16": {
        "precision": 0.6027088036117382,
        "recall": 0.7335164835164835,
        "f1-score": 0.6617100371747212,
        "support": 364.0
    },
    "17": {
        "precision": 0.8457446808510638,
        "recall": 0.8457446808510638,
        "f1-score": 0.8457446808510638,
        "support": 376.0
    },
    "18": {
        "precision": 0.5817490494296578,
        "recall": 0.4935483870967742,
        "f1-score": 0.5340314136125655,
        "support": 310.0
    },
    "19": {
        "precision": 0.536,
        "recall": 0.26693227091633465,
        "f1-score": 0.35638297872340424,
        "support": 251.0
    },
    "accuracy": 0.7177376526818906,
    "macro avg": {
        "precision": 0.7117084215355945,
        "recall": 0.7054417797104061,
        "f1-score": 0.7044669792575957,
        "support": 7532.0
    },
    "weighted avg": {
        "precision": 0.7178365148565508,
        "recall": 0.7177376526818906,
        "f1-score": 0.7144319309914847,
        "support": 7532.0
    },
    "roc_auc": {
        "0": 0.957567471132538,
        "1": 0.9563115164431929,
        "2": 0.9558653691616898,
        "3": 0.9553932287200595,
        "4": 0.9588551367479589,
        "5": 0.9765610838862551,
        "6": 0.9864610932799116,
        "7": 0.9804413246817956,
        "8": 0.9855279340351886,
        "9": 0.9931673959743628,
        "10": 0.9963096441510336,
        "11": 0.9786178064275037,
        "12": 0.9335521079601814,
        "13": 0.9858081940481044,
        "14": 0.9812819925671284,
        "15": 0.983875432672192,
        "16": 0.9648219038216247,
        "17": 0.9873919222672835,
        "18": 0.940198408089976,
        "19": 0.9283935539260346
    },
    "model": "LogisticRegression",
    "params": {
        "max_iter": 2000,
        "random_state": 42,
        "C": 0.9,
        "tol": 0.0009
    },
    "mode": "training"
}