{
    "0": {
        "precision": 0.5992647058823529,
        "recall": 0.5109717868338558,
        "f1-score": 0.5516074450084603,
        "support": 319.0
    },
    "1": {
        "precision": 0.6297229219143576,
        "recall": 0.6426735218508998,
        "f1-score": 0.6361323155216285,
        "support": 389.0
    },
    "2": {
        "precision": 0.5801526717557252,
        "recall": 0.5786802030456852,
        "f1-score": 0.579415501905972,
        "support": 394.0
    },
    "3": {
        "precision": 0.5746478873239437,
        "recall": 0.5204081632653061,
        "f1-score": 0.5461847389558233,
        "support": 392.0
    },
    "4": {
        "precision": 0.6474164133738601,
        "recall": 0.5532467532467532,
        "f1-score": 0.5966386554621849,
        "support": 385.0
    },
    "5": {
        "precision": 0.6955380577427821,
        "recall": 0.6708860759493671,
        "f1-score": 0.6829896907216495,
        "support": 395.0
    },
    "6": {
        "precision": 0.5143884892086331,
        "recall": 0.7333333333333333,
        "f1-score": 0.6046511627906976,
        "support": 390.0
    },
    "7": {
        "precision": 0.7704081632653061,
        "recall": 0.7626262626262627,
        "f1-score": 0.766497461928934,
        "support": 396.0
    },
    "8": {
        "precision": 0.7965616045845272,
        "recall": 0.6984924623115578,
        "f1-score": 0.7443105756358769,
        "support": 398.0
    },
    "9": {
        "precision": 0.8589108910891089,
        "recall": 0.8740554156171285,
        "f1-score": 0.8664169787765293,
        "support": 397.0
    },
    "10": {
        "precision": 0.9302949061662198,
        "recall": 0.8696741854636592,
        "f1-score": 0.8989637305699482,
        "support": 399.0
    },
    "11": {
        "precision": 0.7576530612244898,
        "recall": 0.75,
        "f1-score": 0.7538071065989848,
        "support": 396.0
    },
    "12": {
        "precision": 0.5306122448979592,
        "recall": 0.5292620865139949,
        "f1-score": 0.5299363057324841,
        "support": 393.0
    },
    "13": {
        "precision": 0.8486486486486486,
        "recall": 0.7929292929292929,
        "f1-score": 0.8198433420365535,
        "support": 396.0
    },
    "14": {
        "precision": 0.740139211136891,
        "recall": 0.8096446700507615,
        "f1-score": 0.7733333333333333,
        "support": 394.0
    },
    "15": {
        "precision": 0.5833333333333334,
        "recall": 0.8442211055276382,
        "f1-score": 0.6899383983572895,
        "support": 398.0
    },
    "16": {
        "precision": 0.5714285714285714,
        "recall": 0.6923076923076923,
        "f1-score": 0.6260869565217392,
        "support": 364.0
    },
    "17": {
        "precision": 0.8226221079691517,
        "recall": 0.851063829787234,
        "f1-score": 0.8366013071895425,
        "support": 376.0
    },
    "18": {
        "precision": 0.5,
        "recall": 0.42258064516129035,
        "f1-score": 0.458041958041958,
        "support": 310.0
    },
    "19": {
        "precision": 0.41025641025641024,
        "recall": 0.12749003984063745,
        "f1-score": 0.1945288753799392,
        "support": 251.0
    },
    "accuracy": 0.676048858204992,
    "macro avg": {
        "precision": 0.6681000150601135,
        "recall": 0.6617273762831175,
        "f1-score": 0.6577962920234766,
        "support": 7532.0
    },
    "weighted avg": {
        "precision": 0.6761219416400721,
        "recall": 0.676048858204992,
        "f1-score": 0.6701450700975661,
        "support": 7532.0
    },
    "roc_auc": {
        "0": 0.9531558093254646,
        "1": 0.9504143593220682,
        "2": 0.9498938973933748,
        "3": 0.9448250728862974,
        "4": 0.9473814278627487,
        "5": 0.9728258691114055,
        "6": 0.9722770322182251,
        "7": 0.9730011012592292,
        "8": 0.9782417131916944,
        "9": 0.9918731763630171,
        "10": 0.9942861499746843,
        "11": 0.9743132700321602,
        "12": 0.9239296599298482,
        "13": 0.9820457942655253,
        "14": 0.9750175296866844,
        "15": 0.979149673233,
        "16": 0.9596328615580848,
        "17": 0.9823831065732669,
        "18": 0.9420484898294638,
        "19": 0.9298665795546014
    },
    "model": "LogisticRegression",
    "params": {
        "max_iter": 2000,
        "random_state": 42,
        "C": 1,
        "tol": 0.004
    },
    "mode": "training"
}