{
    "0": {
        "precision": 0.7222222222222222,
        "recall": 0.5958333333333333,
        "f1-score": 0.6529680365296804,
        "support": 480.0
    },
    "1": {
        "precision": 0.6637931034482759,
        "recall": 0.6592465753424658,
        "f1-score": 0.6615120274914089,
        "support": 584.0
    },
    "2": {
        "precision": 0.6872659176029963,
        "recall": 0.6209813874788495,
        "f1-score": 0.6524444444444445,
        "support": 591.0
    },
    "3": {
        "precision": 0.5777777777777777,
        "recall": 0.5728813559322034,
        "f1-score": 0.5753191489361702,
        "support": 590.0
    },
    "4": {
        "precision": 0.6911196911196911,
        "recall": 0.6193771626297578,
        "f1-score": 0.6532846715328468,
        "support": 578.0
    },
    "5": {
        "precision": 0.7078651685393258,
        "recall": 0.7436762225969646,
        "f1-score": 0.725328947368421,
        "support": 593.0
    },
    "6": {
        "precision": 0.5268176400476758,
        "recall": 0.7555555555555555,
        "f1-score": 0.6207865168539326,
        "support": 585.0
    },
    "7": {
        "precision": 0.7657807308970099,
        "recall": 0.7760942760942761,
        "f1-score": 0.7709030100334449,
        "support": 594.0
    },
    "8": {
        "precision": 0.7986230636833046,
        "recall": 0.7759197324414716,
        "f1-score": 0.7871077184054284,
        "support": 598.0
    },
    "9": {
        "precision": 0.8795379537953796,
        "recall": 0.8927973199329984,
        "f1-score": 0.8861180382377389,
        "support": 597.0
    },
    "10": {
        "precision": 0.9310344827586207,
        "recall": 0.9,
        "f1-score": 0.9152542372881356,
        "support": 600.0
    },
    "11": {
        "precision": 0.8561872909698997,
        "recall": 0.8605042016806723,
        "f1-score": 0.8583403185247276,
        "support": 595.0
    },
    "12": {
        "precision": 0.7080867850098619,
        "recall": 0.6074450084602369,
        "f1-score": 0.6539162112932605,
        "support": 591.0
    },
    "13": {
        "precision": 0.8754098360655738,
        "recall": 0.898989898989899,
        "f1-score": 0.8870431893687708,
        "support": 594.0
    },
    "14": {
        "precision": 0.7798449612403101,
        "recall": 0.8482293423271501,
        "f1-score": 0.8126009693053312,
        "support": 593.0
    },
    "15": {
        "precision": 0.6087470449172577,
        "recall": 0.8597662771285476,
        "f1-score": 0.71280276816609,
        "support": 599.0
    },
    "16": {
        "precision": 0.7504332755632582,
        "recall": 0.793040293040293,
        "f1-score": 0.7711487088156723,
        "support": 546.0
    },
    "17": {
        "precision": 0.8205546492659054,
        "recall": 0.8918439716312057,
        "f1-score": 0.8547153780798641,
        "support": 564.0
    },
    "18": {
        "precision": 0.7235023041474654,
        "recall": 0.6752688172043011,
        "f1-score": 0.6985539488320356,
        "support": 465.0
    },
    "19": {
        "precision": 0.85,
        "recall": 0.09018567639257294,
        "f1-score": 0.1630695443645084,
        "support": 377.0
    },
    "accuracy": 0.7355488774969065,
    "macro avg": {
        "precision": 0.7462301949535906,
        "recall": 0.7218818204096378,
        "f1-score": 0.7156608916935957,
        "support": 11314.0
    },
    "weighted avg": {
        "precision": 0.7450379441490153,
        "recall": 0.7355488774969065,
        "f1-score": 0.7269546146088225,
        "support": 11314.0
    },
    "roc_auc": null,
    "model": "LogisticRegression",
    "params": {
        "max_iter": 2000,
        "random_state": 42,
        "C": 0.5,
        "tol": 0.0035
    },
    "mode": "training"
}