{
    "0": {
        "precision": 0.6742424242424242,
        "recall": 0.5579937304075235,
        "f1-score": 0.6106346483704974,
        "support": 319.0
    },
    "1": {
        "precision": 0.6401985111662531,
        "recall": 0.6632390745501285,
        "f1-score": 0.6515151515151515,
        "support": 389.0
    },
    "2": {
        "precision": 0.5961995249406176,
        "recall": 0.6370558375634517,
        "f1-score": 0.6159509202453988,
        "support": 394.0
    },
    "3": {
        "precision": 0.5710659898477157,
        "recall": 0.5739795918367347,
        "f1-score": 0.5725190839694656,
        "support": 392.0
    },
    "4": {
        "precision": 0.651685393258427,
        "recall": 0.6025974025974026,
        "f1-score": 0.6261808367071525,
        "support": 385.0
    },
    "5": {
        "precision": 0.7263681592039801,
        "recall": 0.739240506329114,
        "f1-score": 0.7327478042659975,
        "support": 395.0
    },
    "6": {
        "precision": 0.6710816777041942,
        "recall": 0.7794871794871795,
        "f1-score": 0.7212336892052195,
        "support": 390.0
    },
    "7": {
        "precision": 0.8193384223918575,
        "recall": 0.8131313131313131,
        "f1-score": 0.8162230671736375,
        "support": 396.0
    },
    "8": {
        "precision": 0.8123324396782842,
        "recall": 0.7613065326633166,
        "f1-score": 0.7859922178988327,
        "support": 398.0
    },
    "9": {
        "precision": 0.8854961832061069,
        "recall": 0.8765743073047859,
        "f1-score": 0.8810126582278481,
        "support": 397.0
    },
    "10": {
        "precision": 0.9428571428571428,
        "recall": 0.9097744360902256,
        "f1-score": 0.9260204081632653,
        "support": 399.0
    },
    "11": {
        "precision": 0.814621409921671,
        "recall": 0.7878787878787878,
        "f1-score": 0.8010269576379975,
        "support": 396.0
    },
    "12": {
        "precision": 0.5960099750623441,
        "recall": 0.6081424936386769,
        "f1-score": 0.6020151133501259,
        "support": 393.0
    },
    "13": {
        "precision": 0.8733153638814016,
        "recall": 0.8181818181818182,
        "f1-score": 0.8448500651890483,
        "support": 396.0
    },
    "14": {
        "precision": 0.8168316831683168,
        "recall": 0.8375634517766497,
        "f1-score": 0.8270676691729323,
        "support": 394.0
    },
    "15": {
        "precision": 0.6338289962825279,
        "recall": 0.8567839195979899,
        "f1-score": 0.7286324786324786,
        "support": 398.0
    },
    "16": {
        "precision": 0.6085972850678733,
        "recall": 0.739010989010989,
        "f1-score": 0.6674937965260546,
        "support": 364.0
    },
    "17": {
        "precision": 0.8695652173913043,
        "recall": 0.851063829787234,
        "f1-score": 0.8602150537634409,
        "support": 376.0
    },
    "18": {
        "precision": 0.5601503759398496,
        "recall": 0.4806451612903226,
        "f1-score": 0.5173611111111112,
        "support": 310.0
    },
    "19": {
        "precision": 0.5409836065573771,
        "recall": 0.26294820717131473,
        "f1-score": 0.353887399463807,
        "support": 251.0
    },
    "accuracy": 0.7203929899097186,
    "macro avg": {
        "precision": 0.7152384890884835,
        "recall": 0.7078299285147479,
        "f1-score": 0.707129006529473,
        "support": 7532.0
    },
    "weighted avg": {
        "precision": 0.721268645939451,
        "recall": 0.7203929899097186,
        "f1-score": 0.717242359527897,
        "support": 7532.0
    },
    "roc_auc": {
        "0": 0.9611946733236358,
        "1": 0.9581314800439209,
        "2": 0.9581335612785222,
        "3": 0.9560463471102727,
        "4": 0.9612035928252523,
        "5": 0.9772762019286194,
        "6": 0.986773797471081,
        "7": 0.9818327614712145,
        "8": 0.9870251171754484,
        "9": 0.9938109754483081,
        "10": 0.9967780097938663,
        "11": 0.9795775156271234,
        "12": 0.9400943175981697,
        "13": 0.9870382638039589,
        "14": 0.9824614240221422,
        "15": 0.9838528921591416,
        "16": 0.9669436659880298,
        "17": 0.9868872126351345,
        "18": 0.9378239429699574,
        "19": 0.9321768002840992
    },
    "model": "LogisticRegression",
    "params": {
        "max_iter": 200,
        "random_state": 42,
        "C": 0.9
    },
    "mode": "training"
}