{
    "0": {
        "precision": 0.6021897810218978,
        "recall": 0.5172413793103449,
        "f1-score": 0.5564924114671164,
        "support": 319.0
    },
    "1": {
        "precision": 0.6287878787878788,
        "recall": 0.6401028277634961,
        "f1-score": 0.6343949044585987,
        "support": 389.0
    },
    "2": {
        "precision": 0.5703883495145631,
        "recall": 0.5964467005076142,
        "f1-score": 0.5831265508684863,
        "support": 394.0
    },
    "3": {
        "precision": 0.5795454545454546,
        "recall": 0.5204081632653061,
        "f1-score": 0.5483870967741935,
        "support": 392.0
    },
    "4": {
        "precision": 0.649390243902439,
        "recall": 0.5532467532467532,
        "f1-score": 0.5974754558204769,
        "support": 385.0
    },
    "5": {
        "precision": 0.6981132075471698,
        "recall": 0.6556962025316456,
        "f1-score": 0.6762402088772846,
        "support": 395.0
    },
    "6": {
        "precision": 0.5121527777777778,
        "recall": 0.7564102564102564,
        "f1-score": 0.6107660455486542,
        "support": 390.0
    },
    "7": {
        "precision": 0.766497461928934,
        "recall": 0.7626262626262627,
        "f1-score": 0.7645569620253164,
        "support": 396.0
    },
    "8": {
        "precision": 0.7953890489913544,
        "recall": 0.6934673366834171,
        "f1-score": 0.7409395973154362,
        "support": 398.0
    },
    "9": {
        "precision": 0.8433734939759037,
        "recall": 0.8816120906801007,
        "f1-score": 0.8620689655172413,
        "support": 397.0
    },
    "10": {
        "precision": 0.9297297297297298,
        "recall": 0.8621553884711779,
        "f1-score": 0.8946684005201561,
        "support": 399.0
    },
    "11": {
        "precision": 0.762402088772846,
        "recall": 0.7373737373737373,
        "f1-score": 0.7496790757381258,
        "support": 396.0
    },
    "12": {
        "precision": 0.5649717514124294,
        "recall": 0.5089058524173028,
        "f1-score": 0.535475234270415,
        "support": 393.0
    },
    "13": {
        "precision": 0.8440860215053764,
        "recall": 0.7929292929292929,
        "f1-score": 0.8177083333333334,
        "support": 396.0
    },
    "14": {
        "precision": 0.7268623024830699,
        "recall": 0.817258883248731,
        "f1-score": 0.7694145758661888,
        "support": 394.0
    },
    "15": {
        "precision": 0.5740740740740741,
        "recall": 0.8567839195979899,
        "f1-score": 0.6875,
        "support": 398.0
    },
    "16": {
        "precision": 0.5629139072847682,
        "recall": 0.7005494505494505,
        "f1-score": 0.6242350061199511,
        "support": 364.0
    },
    "17": {
        "precision": 0.8290155440414507,
        "recall": 0.851063829787234,
        "f1-score": 0.8398950131233596,
        "support": 376.0
    },
    "18": {
        "precision": 0.475,
        "recall": 0.4290322580645161,
        "f1-score": 0.45084745762711864,
        "support": 310.0
    },
    "19": {
        "precision": 0.5,
        "recall": 0.06374501992031872,
        "f1-score": 0.11307420494699646,
        "support": 251.0
    },
    "accuracy": 0.6751194901752523,
    "macro avg": {
        "precision": 0.6707441558648558,
        "recall": 0.6598527802692475,
        "f1-score": 0.6528472750109224,
        "support": 7532.0
    },
    "weighted avg": {
        "precision": 0.6774335632290569,
        "recall": 0.6751194901752523,
        "f1-score": 0.6665298070981032,
        "support": 7532.0
    },
    "roc_auc": {
        "0": 0.9515951475631556,
        "1": 0.9488319231044685,
        "2": 0.9481707967509277,
        "3": 0.9432162150574515,
        "4": 0.9447280577265186,
        "5": 0.9716180432511622,
        "6": 0.9730578951525465,
        "7": 0.9721096899488155,
        "8": 0.9770762982278931,
        "9": 0.991114861107924,
        "10": 0.993950247833238,
        "11": 0.9735570389998642,
        "12": 0.9229641003597413,
        "13": 0.9820988755265662,
        "14": 0.9747696961852842,
        "15": 0.9782575619899329,
        "16": 0.9585551167582417,
        "17": 0.9818196752018838,
        "18": 0.9421212960398783,
        "19": 0.9291081792866988
    },
    "model": "LogisticRegression",
    "params": {
        "max_iter": 2000,
        "random_state": 42,
        "C": 0.7,
        "tol": 0.004
    },
    "mode": "training"
}