{
    "0": {
        "precision": 0.7680180180180181,
        "recall": 0.7104166666666667,
        "f1-score": 0.7380952380952381,
        "support": 480.0
    },
    "1": {
        "precision": 0.7272727272727273,
        "recall": 0.726027397260274,
        "f1-score": 0.726649528706084,
        "support": 584.0
    },
    "2": {
        "precision": 0.7154605263157895,
        "recall": 0.7360406091370558,
        "f1-score": 0.725604670558799,
        "support": 591.0
    },
    "3": {
        "precision": 0.6567944250871081,
        "recall": 0.6389830508474577,
        "f1-score": 0.647766323024055,
        "support": 590.0
    },
    "4": {
        "precision": 0.7215411558669002,
        "recall": 0.71280276816609,
        "f1-score": 0.7171453437771975,
        "support": 578.0
    },
    "5": {
        "precision": 0.7684887459807074,
        "recall": 0.806070826306914,
        "f1-score": 0.7868312757201646,
        "support": 593.0
    },
    "6": {
        "precision": 0.7086956521739131,
        "recall": 0.8358974358974359,
        "f1-score": 0.7670588235294118,
        "support": 585.0
    },
    "7": {
        "precision": 0.8247078464106845,
        "recall": 0.8316498316498316,
        "f1-score": 0.8281642917015927,
        "support": 594.0
    },
    "8": {
        "precision": 0.8650519031141869,
        "recall": 0.8361204013377926,
        "f1-score": 0.8503401360544217,
        "support": 598.0
    },
    "9": {
        "precision": 0.9087893864013267,
        "recall": 0.9179229480737019,
        "f1-score": 0.9133333333333333,
        "support": 597.0
    },
    "10": {
        "precision": 0.9540034071550255,
        "recall": 0.9333333333333333,
        "f1-score": 0.9435551811288964,
        "support": 600.0
    },
    "11": {
        "precision": 0.8888888888888888,
        "recall": 0.8873949579831932,
        "f1-score": 0.8881412952060556,
        "support": 595.0
    },
    "12": {
        "precision": 0.7692307692307693,
        "recall": 0.7106598984771574,
        "f1-score": 0.7387862796833773,
        "support": 591.0
    },
    "13": {
        "precision": 0.9379310344827586,
        "recall": 0.9158249158249159,
        "f1-score": 0.9267461669505963,
        "support": 594.0
    },
    "14": {
        "precision": 0.8754098360655738,
        "recall": 0.9005059021922428,
        "f1-score": 0.8877805486284289,
        "support": 593.0
    },
    "15": {
        "precision": 0.7304469273743017,
        "recall": 0.8731218697829716,
        "f1-score": 0.7954372623574144,
        "support": 599.0
    },
    "16": {
        "precision": 0.8128342245989305,
        "recall": 0.8351648351648352,
        "f1-score": 0.8238482384823849,
        "support": 546.0
    },
    "17": {
        "precision": 0.896551724137931,
        "recall": 0.9219858156028369,
        "f1-score": 0.9090909090909091,
        "support": 564.0
    },
    "18": {
        "precision": 0.782608695652174,
        "recall": 0.8129032258064516,
        "f1-score": 0.7974683544303798,
        "support": 465.0
    },
    "19": {
        "precision": 0.7783783783783784,
        "recall": 0.3819628647214854,
        "f1-score": 0.5124555160142349,
        "support": 377.0
    },
    "accuracy": 0.8047551705851158,
    "macro avg": {
        "precision": 0.8045552136303046,
        "recall": 0.7962394777116322,
        "f1-score": 0.7962149358236488,
        "support": 11314.0
    },
    "weighted avg": {
        "precision": 0.8058436965226263,
        "recall": 0.8047551705851158,
        "f1-score": 0.8022239430879576,
        "support": 11314.0
    },
    "roc_auc": null,
    "model": "LogisticRegression",
    "params": {
        "max_iter": 2000,
        "random_state": 42,
        "C": 0.9,
        "tol": 0.0008
    },
    "mode": "training"
}