{
    "0": {
        "precision": 0.748898678414097,
        "recall": 0.7083333333333334,
        "f1-score": 0.728051391862955,
        "support": 480.0
    },
    "1": {
        "precision": 0.7167530224525043,
        "recall": 0.7106164383561644,
        "f1-score": 0.7136715391229579,
        "support": 584.0
    },
    "2": {
        "precision": 0.6993464052287581,
        "recall": 0.7241962774957699,
        "f1-score": 0.7115544472152951,
        "support": 591.0
    },
    "3": {
        "precision": 0.6574585635359116,
        "recall": 0.6050847457627119,
        "f1-score": 0.6301853486319505,
        "support": 590.0
    },
    "4": {
        "precision": 0.6912751677852349,
        "recall": 0.71280276816609,
        "f1-score": 0.7018739352640545,
        "support": 578.0
    },
    "5": {
        "precision": 0.7504,
        "recall": 0.790893760539629,
        "f1-score": 0.7701149425287356,
        "support": 593.0
    },
    "6": {
        "precision": 0.7429906542056075,
        "recall": 0.8153846153846154,
        "f1-score": 0.7775061124694377,
        "support": 585.0
    },
    "7": {
        "precision": 0.8066666666666666,
        "recall": 0.8148148148148148,
        "f1-score": 0.8107202680067002,
        "support": 594.0
    },
    "8": {
        "precision": 0.8490566037735849,
        "recall": 0.8277591973244147,
        "f1-score": 0.838272650296359,
        "support": 598.0
    },
    "9": {
        "precision": 0.9069767441860465,
        "recall": 0.914572864321608,
        "f1-score": 0.9107589658048374,
        "support": 597.0
    },
    "10": {
        "precision": 0.9404761904761905,
        "recall": 0.9216666666666666,
        "f1-score": 0.930976430976431,
        "support": 600.0
    },
    "11": {
        "precision": 0.8712374581939799,
        "recall": 0.8756302521008403,
        "f1-score": 0.8734283319362951,
        "support": 595.0
    },
    "12": {
        "precision": 0.7405405405405405,
        "recall": 0.6954314720812182,
        "f1-score": 0.7172774869109948,
        "support": 591.0
    },
    "13": {
        "precision": 0.9347079037800687,
        "recall": 0.9158249158249159,
        "f1-score": 0.9251700680272109,
        "support": 594.0
    },
    "14": {
        "precision": 0.8534621578099839,
        "recall": 0.893760539629005,
        "f1-score": 0.8731466227347611,
        "support": 593.0
    },
    "15": {
        "precision": 0.7281690140845071,
        "recall": 0.8631051752921536,
        "f1-score": 0.7899159663865546,
        "support": 599.0
    },
    "16": {
        "precision": 0.7971781305114638,
        "recall": 0.8278388278388278,
        "f1-score": 0.8122192273135669,
        "support": 546.0
    },
    "17": {
        "precision": 0.8877374784110535,
        "recall": 0.9113475177304965,
        "f1-score": 0.8993875765529309,
        "support": 564.0
    },
    "18": {
        "precision": 0.7700205338809035,
        "recall": 0.8064516129032258,
        "f1-score": 0.7878151260504201,
        "support": 465.0
    },
    "19": {
        "precision": 0.7801047120418848,
        "recall": 0.3952254641909814,
        "f1-score": 0.5246478873239436,
        "support": 377.0
    },
    "accuracy": 0.7945023864238996,
    "macro avg": {
        "precision": 0.7936728312989494,
        "recall": 0.7865370629878741,
        "f1-score": 0.7863347162708196,
        "support": 11314.0
    },
    "weighted avg": {
        "precision": 0.7948338899385389,
        "recall": 0.7945023864238996,
        "f1-score": 0.791929747191621,
        "support": 11314.0
    },
    "roc_auc": null,
    "model": "LogisticRegression",
    "params": {
        "max_iter": 2000,
        "random_state": 42,
        "C": 0.9,
        "tol": 0.0009
    },
    "mode": "training"
}