{
    "0": {
        "precision": 0.6425992779783394,
        "recall": 0.5579937304075235,
        "f1-score": 0.5973154362416108,
        "support": 319.0
    },
    "1": {
        "precision": 0.6598984771573604,
        "recall": 0.6683804627249358,
        "f1-score": 0.6641123882503193,
        "support": 389.0
    },
    "2": {
        "precision": 0.5995370370370371,
        "recall": 0.6573604060913706,
        "f1-score": 0.6271186440677966,
        "support": 394.0
    },
    "3": {
        "precision": 0.5945205479452055,
        "recall": 0.5535714285714286,
        "f1-score": 0.5733157199471598,
        "support": 392.0
    },
    "4": {
        "precision": 0.6338797814207651,
        "recall": 0.6025974025974026,
        "f1-score": 0.6178428761651131,
        "support": 385.0
    },
    "5": {
        "precision": 0.7064439140811456,
        "recall": 0.7493670886075949,
        "f1-score": 0.7272727272727273,
        "support": 395.0
    },
    "6": {
        "precision": 0.711217183770883,
        "recall": 0.764102564102564,
        "f1-score": 0.7367119901112484,
        "support": 390.0
    },
    "7": {
        "precision": 0.8090452261306532,
        "recall": 0.8131313131313131,
        "f1-score": 0.8110831234256927,
        "support": 396.0
    },
    "8": {
        "precision": 0.8186813186813187,
        "recall": 0.7487437185929648,
        "f1-score": 0.7821522309711286,
        "support": 398.0
    },
    "9": {
        "precision": 0.8883248730964467,
        "recall": 0.8816120906801007,
        "f1-score": 0.8849557522123894,
        "support": 397.0
    },
    "10": {
        "precision": 0.9209183673469388,
        "recall": 0.9047619047619048,
        "f1-score": 0.9127686472819216,
        "support": 399.0
    },
    "11": {
        "precision": 0.7958656330749354,
        "recall": 0.7777777777777778,
        "f1-score": 0.7867177522349936,
        "support": 396.0
    },
    "12": {
        "precision": 0.582716049382716,
        "recall": 0.6005089058524173,
        "f1-score": 0.5914786967418546,
        "support": 393.0
    },
    "13": {
        "precision": 0.8777173913043478,
        "recall": 0.8156565656565656,
        "f1-score": 0.8455497382198953,
        "support": 396.0
    },
    "14": {
        "precision": 0.8118811881188119,
        "recall": 0.8324873096446701,
        "f1-score": 0.8220551378446115,
        "support": 394.0
    },
    "15": {
        "precision": 0.6217228464419475,
        "recall": 0.8341708542713567,
        "f1-score": 0.7124463519313304,
        "support": 398.0
    },
    "16": {
        "precision": 0.6040723981900452,
        "recall": 0.7335164835164835,
        "f1-score": 0.6625310173697271,
        "support": 364.0
    },
    "17": {
        "precision": 0.8457446808510638,
        "recall": 0.8457446808510638,
        "f1-score": 0.8457446808510638,
        "support": 376.0
    },
    "18": {
        "precision": 0.5817490494296578,
        "recall": 0.4935483870967742,
        "f1-score": 0.5340314136125655,
        "support": 310.0
    },
    "19": {
        "precision": 0.5338345864661654,
        "recall": 0.28286852589641437,
        "f1-score": 0.3697916666666667,
        "support": 251.0
    },
    "accuracy": 0.717870419543282,
    "macro avg": {
        "precision": 0.7120184913952892,
        "recall": 0.7058950800416315,
        "f1-score": 0.7052497995709908,
        "support": 7532.0
    },
    "weighted avg": {
        "precision": 0.7181414991186162,
        "recall": 0.717870419543282,
        "f1-score": 0.7149464357280879,
        "support": 7532.0
    },
    "roc_auc": {
        "0": 0.9579560068093701,
        "1": 0.9567916096690918,
        "2": 0.9562013844541192,
        "3": 0.9558937860858628,
        "4": 0.9594260783291145,
        "5": 0.97681364541709,
        "6": 0.9863426175243594,
        "7": 0.9807803370023102,
        "8": 0.9858156777720958,
        "9": 0.9934357011856618,
        "10": 0.9963785111172717,
        "11": 0.9787965133396748,
        "12": 0.9343084451354369,
        "13": 0.985913648820039,
        "14": 0.9814078649623876,
        "15": 0.9841596544539349,
        "16": 0.9653113348704866,
        "17": 0.9875498763126911,
        "18": 0.9406066588649378,
        "19": 0.9288871160051458
    },
    "model": "LogisticRegression",
    "params": {
        "max_iter": 2000,
        "random_state": 42,
        "C": 1,
        "tol": 0.0009
    },
    "mode": "training"
}