{
    "0": {
        "precision": 0.7632183908045977,
        "recall": 0.6916666666666667,
        "f1-score": 0.7256830601092896,
        "support": 480.0
    },
    "1": {
        "precision": 0.7123287671232876,
        "recall": 0.7123287671232876,
        "f1-score": 0.7123287671232876,
        "support": 584.0
    },
    "2": {
        "precision": 0.7114093959731543,
        "recall": 0.7174280879864636,
        "f1-score": 0.7144060657118787,
        "support": 591.0
    },
    "3": {
        "precision": 0.6672794117647058,
        "recall": 0.6152542372881356,
        "f1-score": 0.6402116402116402,
        "support": 590.0
    },
    "4": {
        "precision": 0.720353982300885,
        "recall": 0.7041522491349481,
        "f1-score": 0.7121609798775154,
        "support": 578.0
    },
    "5": {
        "precision": 0.7605177993527508,
        "recall": 0.7925801011804384,
        "f1-score": 0.7762180016515277,
        "support": 593.0
    },
    "6": {
        "precision": 0.6546184738955824,
        "recall": 0.8358974358974359,
        "f1-score": 0.7342342342342343,
        "support": 585.0
    },
    "7": {
        "precision": 0.8157453936348409,
        "recall": 0.8198653198653199,
        "f1-score": 0.8178001679261125,
        "support": 594.0
    },
    "8": {
        "precision": 0.853195164075993,
        "recall": 0.8260869565217391,
        "f1-score": 0.8394222599830077,
        "support": 598.0
    },
    "9": {
        "precision": 0.902317880794702,
        "recall": 0.9128978224455612,
        "f1-score": 0.9075770191507078,
        "support": 597.0
    },
    "10": {
        "precision": 0.9501718213058419,
        "recall": 0.9216666666666666,
        "f1-score": 0.9357021996615905,
        "support": 600.0
    },
    "11": {
        "precision": 0.8800675675675675,
        "recall": 0.8756302521008403,
        "f1-score": 0.8778433024431339,
        "support": 595.0
    },
    "12": {
        "precision": 0.7546125461254612,
        "recall": 0.6920473773265652,
        "f1-score": 0.7219770520741394,
        "support": 591.0
    },
    "13": {
        "precision": 0.9186440677966101,
        "recall": 0.9124579124579124,
        "f1-score": 0.9155405405405406,
        "support": 594.0
    },
    "14": {
        "precision": 0.8523274478330658,
        "recall": 0.8954468802698144,
        "f1-score": 0.8733552631578947,
        "support": 593.0
    },
    "15": {
        "precision": 0.6978891820580475,
        "recall": 0.8831385642737897,
        "f1-score": 0.7796610169491526,
        "support": 599.0
    },
    "16": {
        "precision": 0.7982456140350878,
        "recall": 0.8333333333333334,
        "f1-score": 0.8154121863799283,
        "support": 546.0
    },
    "17": {
        "precision": 0.8771331058020477,
        "recall": 0.9113475177304965,
        "f1-score": 0.8939130434782608,
        "support": 564.0
    },
    "18": {
        "precision": 0.7648305084745762,
        "recall": 0.7763440860215054,
        "f1-score": 0.7705442902881536,
        "support": 465.0
    },
    "19": {
        "precision": 0.8384615384615385,
        "recall": 0.2891246684350133,
        "f1-score": 0.42998027613412226,
        "support": 377.0
    },
    "accuracy": 0.7911437157503978,
    "macro avg": {
        "precision": 0.7946684029590172,
        "recall": 0.7809347451362967,
        "f1-score": 0.7796985683543058,
        "support": 11314.0
    },
    "weighted avg": {
        "precision": 0.7947131333608816,
        "recall": 0.7911437157503978,
        "f1-score": 0.7870119546247113,
        "support": 11314.0
    },
    "roc_auc": null,
    "model": "LogisticRegression",
    "params": {
        "max_iter": 2000,
        "random_state": 42,
        "C": 0.5,
        "tol": 0.0001
    },
    "mode": "training"
}