{
    "0": {
        "precision": 0.6620370370370371,
        "recall": 0.4482758620689655,
        "f1-score": 0.5345794392523364,
        "support": 319.0
    },
    "1": {
        "precision": 0.6373056994818653,
        "recall": 0.6323907455012854,
        "f1-score": 0.6348387096774194,
        "support": 389.0
    },
    "2": {
        "precision": 0.5800524934383202,
        "recall": 0.5609137055837563,
        "f1-score": 0.5703225806451613,
        "support": 394.0
    },
    "3": {
        "precision": 0.5638297872340425,
        "recall": 0.5408163265306123,
        "f1-score": 0.5520833333333334,
        "support": 392.0
    },
    "4": {
        "precision": 0.6731391585760518,
        "recall": 0.5402597402597402,
        "f1-score": 0.5994236311239193,
        "support": 385.0
    },
    "5": {
        "precision": 0.6717171717171717,
        "recall": 0.6734177215189874,
        "f1-score": 0.672566371681416,
        "support": 395.0
    },
    "6": {
        "precision": 0.5008431703204047,
        "recall": 0.7615384615384615,
        "f1-score": 0.6042726347914548,
        "support": 390.0
    },
    "7": {
        "precision": 0.7783505154639175,
        "recall": 0.7626262626262627,
        "f1-score": 0.7704081632653061,
        "support": 396.0
    },
    "8": {
        "precision": 0.7899159663865546,
        "recall": 0.7085427135678392,
        "f1-score": 0.7470198675496689,
        "support": 398.0
    },
    "9": {
        "precision": 0.854320987654321,
        "recall": 0.871536523929471,
        "f1-score": 0.8628428927680798,
        "support": 397.0
    },
    "10": {
        "precision": 0.9324324324324325,
        "recall": 0.8646616541353384,
        "f1-score": 0.8972691807542262,
        "support": 399.0
    },
    "11": {
        "precision": 0.7531486146095718,
        "recall": 0.7550505050505051,
        "f1-score": 0.7540983606557377,
        "support": 396.0
    },
    "12": {
        "precision": 0.5576923076923077,
        "recall": 0.5165394402035624,
        "f1-score": 0.5363276089828269,
        "support": 393.0
    },
    "13": {
        "precision": 0.8422459893048129,
        "recall": 0.7954545454545454,
        "f1-score": 0.8181818181818182,
        "support": 396.0
    },
    "14": {
        "precision": 0.7165178571428571,
        "recall": 0.8147208121827412,
        "f1-score": 0.7624703087885986,
        "support": 394.0
    },
    "15": {
        "precision": 0.5505443234836703,
        "recall": 0.8894472361809045,
        "f1-score": 0.6801152737752162,
        "support": 398.0
    },
    "16": {
        "precision": 0.5663716814159292,
        "recall": 0.7032967032967034,
        "f1-score": 0.6274509803921569,
        "support": 364.0
    },
    "17": {
        "precision": 0.8059701492537313,
        "recall": 0.8617021276595744,
        "f1-score": 0.8329048843187661,
        "support": 376.0
    },
    "18": {
        "precision": 0.5140562248995983,
        "recall": 0.4129032258064516,
        "f1-score": 0.45796064400715564,
        "support": 310.0
    },
    "19": {
        "precision": 0.4230769230769231,
        "recall": 0.043824701195219126,
        "f1-score": 0.07942238267148015,
        "support": 251.0
    },
    "accuracy": 0.6743228890069038,
    "macro avg": {
        "precision": 0.6686784245310762,
        "recall": 0.6578959507145463,
        "f1-score": 0.6497279533308039,
        "support": 7532.0
    },
    "weighted avg": {
        "precision": 0.6757071879598424,
        "recall": 0.6743228890069038,
        "f1-score": 0.664051469638161,
        "support": 7532.0
    },
    "roc_auc": {
        "0": 0.9495664176532531,
        "1": 0.9469655336970382,
        "2": 0.9467456652249419,
        "3": 0.9408963585434174,
        "4": 0.9425064371755292,
        "5": 0.9702711666604591,
        "6": 0.9729099799668268,
        "7": 0.9710703588576346,
        "8": 0.9760912073684938,
        "9": 0.9900130445757335,
        "10": 0.9933244719818612,
        "11": 0.9723697881279159,
        "12": 0.920709345896657,
        "13": 0.98161937480183,
        "14": 0.9740791758700486,
        "15": 0.976766366173452,
        "16": 0.9569392660910518,
        "17": 0.9810157820249039,
        "18": 0.9428837512618254,
        "19": 0.9280313165686384
    },
    "model": "LogisticRegression",
    "params": {
        "max_iter": 2000,
        "random_state": 42,
        "C": 0.5,
        "tol": 0.0035
    },
    "mode": "training"
}