{
    "0": {
        "precision": 0.6784313725490196,
        "recall": 0.542319749216301,
        "f1-score": 0.6027874564459931,
        "support": 319.0
    },
    "1": {
        "precision": 0.6467661691542289,
        "recall": 0.6683804627249358,
        "f1-score": 0.6573957016434893,
        "support": 389.0
    },
    "2": {
        "precision": 0.5947242206235012,
        "recall": 0.6294416243654822,
        "f1-score": 0.6115906288532675,
        "support": 394.0
    },
    "3": {
        "precision": 0.5732984293193717,
        "recall": 0.5586734693877551,
        "f1-score": 0.5658914728682171,
        "support": 392.0
    },
    "4": {
        "precision": 0.6755162241887905,
        "recall": 0.5948051948051948,
        "f1-score": 0.6325966850828729,
        "support": 385.0
    },
    "5": {
        "precision": 0.7199017199017199,
        "recall": 0.7417721518987341,
        "f1-score": 0.7306733167082294,
        "support": 395.0
    },
    "6": {
        "precision": 0.6239837398373984,
        "recall": 0.7871794871794872,
        "f1-score": 0.6961451247165533,
        "support": 390.0
    },
    "7": {
        "precision": 0.8071065989847716,
        "recall": 0.803030303030303,
        "f1-score": 0.8050632911392405,
        "support": 396.0
    },
    "8": {
        "precision": 0.8214285714285714,
        "recall": 0.7512562814070352,
        "f1-score": 0.7847769028871391,
        "support": 398.0
    },
    "9": {
        "precision": 0.8787878787878788,
        "recall": 0.8765743073047859,
        "f1-score": 0.8776796973518285,
        "support": 397.0
    },
    "10": {
        "precision": 0.9248704663212435,
        "recall": 0.8947368421052632,
        "f1-score": 0.9095541401273886,
        "support": 399.0
    },
    "11": {
        "precision": 0.7989690721649485,
        "recall": 0.7828282828282829,
        "f1-score": 0.7908163265306123,
        "support": 396.0
    },
    "12": {
        "precision": 0.5867346938775511,
        "recall": 0.5852417302798982,
        "f1-score": 0.5859872611464968,
        "support": 393.0
    },
    "13": {
        "precision": 0.8632707774798928,
        "recall": 0.8131313131313131,
        "f1-score": 0.8374512353706112,
        "support": 396.0
    },
    "14": {
        "precision": 0.7899761336515513,
        "recall": 0.8401015228426396,
        "f1-score": 0.8142681426814268,
        "support": 394.0
    },
    "15": {
        "precision": 0.5934819897084048,
        "recall": 0.8693467336683417,
        "f1-score": 0.7054026503567788,
        "support": 398.0
    },
    "16": {
        "precision": 0.597752808988764,
        "recall": 0.7307692307692307,
        "f1-score": 0.657601977750309,
        "support": 364.0
    },
    "17": {
        "precision": 0.85,
        "recall": 0.8590425531914894,
        "f1-score": 0.8544973544973545,
        "support": 376.0
    },
    "18": {
        "precision": 0.5652173913043478,
        "recall": 0.4612903225806452,
        "f1-score": 0.5079928952042628,
        "support": 310.0
    },
    "19": {
        "precision": 0.5846153846153846,
        "recall": 0.15139442231075698,
        "f1-score": 0.24050632911392406,
        "support": 251.0
    },
    "accuracy": 0.7116303770578863,
    "macro avg": {
        "precision": 0.708741682144367,
        "recall": 0.6970657992513938,
        "f1-score": 0.6934339295237997,
        "support": 7532.0
    },
    "weighted avg": {
        "precision": 0.7135856965841146,
        "recall": 0.7116303770578863,
        "f1-score": 0.7052753118811639,
        "support": 7532.0
    },
    "roc_auc": {
        "0": 0.9569611990193603,
        "1": 0.9538592261573791,
        "2": 0.9543584561359594,
        "3": 0.9508053221288515,
        "4": 0.9552932026697242,
        "5": 0.9751822823829465,
        "6": 0.984857362370664,
        "7": 0.9786457625583187,
        "8": 0.9840606875138237,
        "9": 0.9920486338498797,
        "10": 0.9957109231792506,
        "11": 0.9770165217194364,
        "12": 0.9322247754245307,
        "13": 0.9857398961588985,
        "14": 0.9804193755306909,
        "15": 0.9812839780624457,
        "16": 0.9633129844485872,
        "17": 0.9850203816467062,
        "18": 0.9393542133802629,
        "19": 0.9295103612469501
    },
    "model": "LogisticRegression",
    "params": {
        "max_iter": 2000,
        "random_state": 42,
        "C": 0.5,
        "tol": 0.0001
    },
    "mode": "training"
}