{
    "0": {
        "precision": 0.6860986547085202,
        "recall": 0.6375,
        "f1-score": 0.6609071274298056,
        "support": 480.0
    },
    "1": {
        "precision": 0.666095890410959,
        "recall": 0.666095890410959,
        "f1-score": 0.666095890410959,
        "support": 584.0
    },
    "2": {
        "precision": 0.6761565836298933,
        "recall": 0.6429780033840947,
        "f1-score": 0.6591500433651344,
        "support": 591.0
    },
    "3": {
        "precision": 0.590990990990991,
        "recall": 0.5559322033898305,
        "f1-score": 0.5729257641921397,
        "support": 590.0
    },
    "4": {
        "precision": 0.676950998185118,
        "recall": 0.6453287197231834,
        "f1-score": 0.6607617360496014,
        "support": 578.0
    },
    "5": {
        "precision": 0.7243697478991596,
        "recall": 0.7268128161888702,
        "f1-score": 0.7255892255892256,
        "support": 593.0
    },
    "6": {
        "precision": 0.5386503067484663,
        "recall": 0.7504273504273504,
        "f1-score": 0.6271428571428571,
        "support": 585.0
    },
    "7": {
        "precision": 0.7610474631751227,
        "recall": 0.7828282828282829,
        "f1-score": 0.7717842323651453,
        "support": 594.0
    },
    "8": {
        "precision": 0.8116197183098591,
        "recall": 0.7709030100334449,
        "f1-score": 0.79073756432247,
        "support": 598.0
    },
    "9": {
        "precision": 0.8717532467532467,
        "recall": 0.8994974874371859,
        "f1-score": 0.8854080791426217,
        "support": 597.0
    },
    "10": {
        "precision": 0.9261168384879725,
        "recall": 0.8983333333333333,
        "f1-score": 0.9120135363790186,
        "support": 600.0
    },
    "11": {
        "precision": 0.8691910499139415,
        "recall": 0.8487394957983193,
        "f1-score": 0.858843537414966,
        "support": 595.0
    },
    "12": {
        "precision": 0.7278350515463917,
        "recall": 0.5972927241962775,
        "f1-score": 0.6561338289962825,
        "support": 591.0
    },
    "13": {
        "precision": 0.8885191347753744,
        "recall": 0.898989898989899,
        "f1-score": 0.8937238493723849,
        "support": 594.0
    },
    "14": {
        "precision": 0.7866043613707165,
        "recall": 0.851602023608769,
        "f1-score": 0.8178137651821862,
        "support": 593.0
    },
    "15": {
        "precision": 0.6440251572327044,
        "recall": 0.8547579298831386,
        "f1-score": 0.7345767575322812,
        "support": 599.0
    },
    "16": {
        "precision": 0.7365771812080537,
        "recall": 0.8040293040293041,
        "f1-score": 0.7688266199649737,
        "support": 546.0
    },
    "17": {
        "precision": 0.8457627118644068,
        "recall": 0.8847517730496454,
        "f1-score": 0.8648180242634316,
        "support": 564.0
    },
    "18": {
        "precision": 0.6913319238900634,
        "recall": 0.7032258064516129,
        "f1-score": 0.697228144989339,
        "support": 465.0
    },
    "19": {
        "precision": 0.7727272727272727,
        "recall": 0.13527851458885942,
        "f1-score": 0.23024830699774265,
        "support": 377.0
    },
    "accuracy": 0.7400565670850274,
    "macro avg": {
        "precision": 0.7446212141914116,
        "recall": 0.727765228387618,
        "f1-score": 0.7227364445551283,
        "support": 11314.0
    },
    "weighted avg": {
        "precision": 0.7455695042783789,
        "recall": 0.7400565670850274,
        "f1-score": 0.7330012029306898,
        "support": 11314.0
    },
    "roc_auc": null,
    "model": "LogisticRegression",
    "params": {
        "max_iter": 2000,
        "random_state": 42,
        "C": 0.7,
        "tol": 0.004
    },
    "mode": "training"
}