{
    "0": {
        "precision": 0.7461706783369803,
        "recall": 0.7104166666666667,
        "f1-score": 0.727854855923159,
        "support": 480.0
    },
    "1": {
        "precision": 0.7167530224525043,
        "recall": 0.7106164383561644,
        "f1-score": 0.7136715391229579,
        "support": 584.0
    },
    "2": {
        "precision": 0.6995073891625616,
        "recall": 0.7208121827411168,
        "f1-score": 0.71,
        "support": 591.0
    },
    "3": {
        "precision": 0.6428571428571429,
        "recall": 0.6101694915254238,
        "f1-score": 0.6260869565217392,
        "support": 590.0
    },
    "4": {
        "precision": 0.7066895368782161,
        "recall": 0.71280276816609,
        "f1-score": 0.7097329888027563,
        "support": 578.0
    },
    "5": {
        "precision": 0.75,
        "recall": 0.7892074198988196,
        "f1-score": 0.7691043549712407,
        "support": 593.0
    },
    "6": {
        "precision": 0.7464788732394366,
        "recall": 0.8153846153846154,
        "f1-score": 0.7794117647058824,
        "support": 585.0
    },
    "7": {
        "precision": 0.8093645484949833,
        "recall": 0.8148148148148148,
        "f1-score": 0.8120805369127517,
        "support": 594.0
    },
    "8": {
        "precision": 0.8498293515358362,
        "recall": 0.8327759197324415,
        "f1-score": 0.8412162162162162,
        "support": 598.0
    },
    "9": {
        "precision": 0.9054726368159204,
        "recall": 0.914572864321608,
        "f1-score": 0.91,
        "support": 597.0
    },
    "10": {
        "precision": 0.9388794567062818,
        "recall": 0.9216666666666666,
        "f1-score": 0.9301934398654331,
        "support": 600.0
    },
    "11": {
        "precision": 0.8712374581939799,
        "recall": 0.8756302521008403,
        "f1-score": 0.8734283319362951,
        "support": 595.0
    },
    "12": {
        "precision": 0.7463768115942029,
        "recall": 0.6971235194585449,
        "f1-score": 0.7209098862642169,
        "support": 591.0
    },
    "13": {
        "precision": 0.9378238341968912,
        "recall": 0.9141414141414141,
        "f1-score": 0.9258312020460358,
        "support": 594.0
    },
    "14": {
        "precision": 0.8562197092084006,
        "recall": 0.893760539629005,
        "f1-score": 0.8745874587458746,
        "support": 593.0
    },
    "15": {
        "precision": 0.7245762711864406,
        "recall": 0.8564273789649416,
        "f1-score": 0.7850038255547054,
        "support": 599.0
    },
    "16": {
        "precision": 0.8,
        "recall": 0.8278388278388278,
        "f1-score": 0.8136813681368137,
        "support": 546.0
    },
    "17": {
        "precision": 0.8846815834767642,
        "recall": 0.9113475177304965,
        "f1-score": 0.8978165938864628,
        "support": 564.0
    },
    "18": {
        "precision": 0.7673469387755102,
        "recall": 0.8086021505376344,
        "f1-score": 0.787434554973822,
        "support": 465.0
    },
    "19": {
        "precision": 0.7692307692307693,
        "recall": 0.3978779840848806,
        "f1-score": 0.5244755244755245,
        "support": 377.0
    },
    "accuracy": 0.7946791585646102,
    "macro avg": {
        "precision": 0.7934748006171412,
        "recall": 0.7867994716380506,
        "f1-score": 0.7866260699530944,
        "support": 11314.0
    },
    "weighted avg": {
        "precision": 0.794864844598384,
        "recall": 0.7946791585646102,
        "f1-score": 0.7922297474057177,
        "support": 11314.0
    },
    "roc_auc": null,
    "model": "LogisticRegression",
    "params": {
        "max_iter": 2000,
        "random_state": 42,
        "C": 1,
        "tol": 0.0009
    },
    "mode": "training"
}