{
    "0": {
        "precision": 0.6774193548387096,
        "recall": 0.5266457680250783,
        "f1-score": 0.5925925925925926,
        "support": 319.0
    },
    "1": {
        "precision": 0.6458852867830424,
        "recall": 0.6658097686375322,
        "f1-score": 0.6556962025316456,
        "support": 389.0
    },
    "2": {
        "precision": 0.590047393364929,
        "recall": 0.631979695431472,
        "f1-score": 0.6102941176470589,
        "support": 394.0
    },
    "3": {
        "precision": 0.5710659898477157,
        "recall": 0.5739795918367347,
        "f1-score": 0.5725190839694656,
        "support": 392.0
    },
    "4": {
        "precision": 0.6481994459833795,
        "recall": 0.6077922077922078,
        "f1-score": 0.6273458445040214,
        "support": 385.0
    },
    "5": {
        "precision": 0.7192118226600985,
        "recall": 0.739240506329114,
        "f1-score": 0.7290886392009988,
        "support": 395.0
    },
    "6": {
        "precision": 0.6740576496674058,
        "recall": 0.7794871794871795,
        "f1-score": 0.72294887039239,
        "support": 390.0
    },
    "7": {
        "precision": 0.817258883248731,
        "recall": 0.8131313131313131,
        "f1-score": 0.8151898734177215,
        "support": 396.0
    },
    "8": {
        "precision": 0.8169398907103825,
        "recall": 0.7512562814070352,
        "f1-score": 0.7827225130890052,
        "support": 398.0
    },
    "9": {
        "precision": 0.8877551020408163,
        "recall": 0.8765743073047859,
        "f1-score": 0.8821292775665399,
        "support": 397.0
    },
    "10": {
        "precision": 0.9307692307692308,
        "recall": 0.9097744360902256,
        "f1-score": 0.9201520912547528,
        "support": 399.0
    },
    "11": {
        "precision": 0.8120104438642297,
        "recall": 0.7853535353535354,
        "f1-score": 0.7984595635430038,
        "support": 396.0
    },
    "12": {
        "precision": 0.5925925925925926,
        "recall": 0.6106870229007634,
        "f1-score": 0.6015037593984962,
        "support": 393.0
    },
    "13": {
        "precision": 0.8733153638814016,
        "recall": 0.8181818181818182,
        "f1-score": 0.8448500651890483,
        "support": 396.0
    },
    "14": {
        "precision": 0.818407960199005,
        "recall": 0.8350253807106599,
        "f1-score": 0.8266331658291457,
        "support": 394.0
    },
    "15": {
        "precision": 0.6206896551724138,
        "recall": 0.8592964824120602,
        "f1-score": 0.7207586933614331,
        "support": 398.0
    },
    "16": {
        "precision": 0.6067415730337079,
        "recall": 0.7417582417582418,
        "f1-score": 0.6674907292954264,
        "support": 364.0
    },
    "17": {
        "precision": 0.8621621621621621,
        "recall": 0.848404255319149,
        "f1-score": 0.8552278820375335,
        "support": 376.0
    },
    "18": {
        "precision": 0.5660377358490566,
        "recall": 0.4838709677419355,
        "f1-score": 0.5217391304347826,
        "support": 310.0
    },
    "19": {
        "precision": 0.5304347826086957,
        "recall": 0.24302788844621515,
        "f1-score": 0.3333333333333333,
        "support": 251.0
    },
    "accuracy": 0.7181359532660648,
    "macro avg": {
        "precision": 0.7130501159638853,
        "recall": 0.7050638324148528,
        "f1-score": 0.7040337714294198,
        "support": 7532.0
    },
    "weighted avg": {
        "precision": 0.7190926429338349,
        "recall": 0.7181359532660648,
        "f1-score": 0.714521286082957,
        "support": 7532.0
    },
    "roc_auc": {
        "0": 0.960889581550553,
        "1": 0.9574311341536665,
        "2": 0.9575753136498302,
        "3": 0.9546893757503001,
        "4": 0.9599864805685429,
        "5": 0.976786686602001,
        "6": 0.986474376925231,
        "7": 0.9814979956515832,
        "8": 0.9866686953128413,
        "9": 0.9936351649282724,
        "10": 0.9966863042929066,
        "11": 0.979240980432124,
        "12": 0.9377094674381163,
        "13": 0.9866465240974771,
        "14": 0.9823455076355475,
        "15": 0.9822514591460244,
        "16": 0.9663944453983516,
        "17": 0.9872064656351461,
        "18": 0.9383076799385391,
        "19": 0.9309801037574739
    },
    "model": "LogisticRegression",
    "params": {
        "max_iter": 5000,
        "random_state": 42,
        "C": 0.9,
        "tol": 0.0005
    },
    "mode": "training"
}