{
    "0": {
        "precision": 0.9171597633136095,
        "recall": 0.8973684210526316,
        "f1-score": 0.9071561585528066,
        "support": 1900.0
    },
    "1": {
        "precision": 0.9617768595041323,
        "recall": 0.98,
        "f1-score": 0.9708029197080292,
        "support": 1900.0
    },
    "2": {
        "precision": 0.8656167979002625,
        "recall": 0.8678947368421053,
        "f1-score": 0.8667542706964521,
        "support": 1900.0
    },
    "3": {
        "precision": 0.878421052631579,
        "recall": 0.878421052631579,
        "f1-score": 0.878421052631579,
        "support": 1900.0
    },
    "accuracy": 0.905921052631579,
    "macro avg": {
        "precision": 0.9057436183373958,
        "recall": 0.905921052631579,
        "f1-score": 0.9057836003972167,
        "support": 7600.0
    },
    "weighted avg": {
        "precision": 0.9057436183373957,
        "recall": 0.905921052631579,
        "f1-score": 0.9057836003972167,
        "support": 7600.0
    },
    "roc_auc": {
        "0": 0.9785612188365651,
        "1": 0.9956398891966759,
        "2": 0.9724336103416437,
        "3": 0.9779224376731303
    },
    "model": "LogisticRegression",
    "params": {
        "max_iter": 200,
        "random_state": 42,
        "C": 0.9
    },
    "mode": "training"
}