{
    "0": {
        "precision": 0.5671744833617158,
        "recall": 0.5671744833617158,
        "f1-score": 0.5671744833617158,
        "support": 21727.0
    },
    "1": {
        "precision": 0.8171537107707321,
        "recall": 0.8091729504943661,
        "f1-score": 0.8131437489162476,
        "support": 57953.0
    },
    "2": {
        "precision": 0.651078869047619,
        "recall": 0.6441769729093051,
        "f1-score": 0.647609532267614,
        "support": 27168.0
    },
    "3": {
        "precision": 0.7819657689403473,
        "recall": 0.8374976833521474,
        "f1-score": 0.8087796226844884,
        "support": 59353.0
    },
    "4": {
        "precision": 0.6525100209963733,
        "recall": 0.49403858660307826,
        "f1-score": 0.5623226549327631,
        "support": 13839.0
    },
    "accuracy": 0.7401855143301489,
    "macro avg": {
        "precision": 0.6939765706233575,
        "recall": 0.6704121353441226,
        "f1-score": 0.6798060084325658,
        "support": 180040.0
    },
    "weighted avg": {
        "precision": 0.7376700743116373,
        "recall": 0.7401855143301489,
        "f1-score": 0.7377630283292423,
        "support": 180040.0
    },
    "roc_auc": null,
    "model": "LogisticRegression",
    "params": {
        "C": 0.5,
        "max_iter": 100,
        "penalty": "l2",
        "solver": "lbfgs",
        "tol": 1e-05
    },
    "mode": "training"
}