{
    "processing_time_seconds": 334.93741822242737,
    "memory_usage_mb": 212.54296875,
    "successful_samples": 180040,
    "total_samples": 180040,
    "error_rate": 0.0,
    "samples_per_second": 537.5332530939792,
    "timestamp": "2025-05-28 10:43:57"
}