{
    "processing_time_seconds": 55.26945924758911,
    "memory_usage_mb": 44.4609375,
    "successful_samples": 30135,
    "total_samples": 30135,
    "error_rate": 0.0,
    "samples_per_second": 545.2378295399101,
    "timestamp": "2025-05-28 10:45:07"
}