{
    "0": {
        "precision": 0.5319874147876246,
        "recall": 0.5603424468378901,
        "f1-score": 0.5457969065232011,
        "support": 3621.0
    },
    "1": {
        "precision": 0.8211648027009918,
        "recall": 0.8012972305158036,
        "f1-score": 0.8111093741858163,
        "support": 9713.0
    },
    "2": {
        "precision": 0.6500224921277553,
        "recall": 0.6322467731349815,
        "f1-score": 0.6410114228679161,
        "support": 4571.0
    },
    "3": {
        "precision": 0.7700384362988657,
        "recall": 0.829948469233101,
        "f1-score": 0.7988718148220191,
        "support": 9897.0
    },
    "4": {
        "precision": 0.6502890173410405,
        "recall": 0.48221174453493354,
        "f1-score": 0.5537779965542703,
        "support": 2333.0
    },
    "accuracy": 0.7314086610253857,
    "macro avg": {
        "precision": 0.6847004326512556,
        "recall": 0.661209332851342,
        "f1-score": 0.6701135029906446,
        "support": 30135.0
    },
    "weighted avg": {
        "precision": 0.7304379509076893,
        "recall": 0.7314086610253857,
        "f1-score": 0.7294872268515423,
        "support": 30135.0
    },
    "model": "LogisticRegression"
}