{
    "0": {
        "precision": 0.8253638253638254,
        "recall": 0.7813251694729937,
        "f1-score": 0.8027409570882947,
        "support": 4573.0
    },
    "1": {
        "precision": 0.8266597330559889,
        "recall": 0.8631674208144796,
        "f1-score": 0.8445192137418098,
        "support": 5525.0
    },
    "accuracy": 0.8261041790453555,
    "macro avg": {
        "precision": 0.8260117792099071,
        "recall": 0.8222462951437366,
        "f1-score": 0.8236300854150522,
        "support": 10098.0
    },
    "weighted avg": {
        "precision": 0.8260728657677869,
        "recall": 0.8261041790453555,
        "f1-score": 0.8255994308465311,
        "support": 10098.0
    },
    "roc_auc": null,
    "model": "LogisticRegression",
    "params": {
        "C": 0.5,
        "max_iter": 100,
        "penalty": "l2",
        "solver": "lbfgs",
        "tol": 1e-05
    },
    "mode": "training"
}