{
    "0": {
        "precision": 0.8754266211604096,
        "recall": 0.7434782608695653,
        "f1-score": 0.8040752351097179,
        "support": 690.0
    },
    "1": {
        "precision": 0.7770780856423174,
        "recall": 0.8942028985507247,
        "f1-score": 0.8315363881401617,
        "support": 690.0
    },
    "accuracy": 0.8188405797101449,
    "macro avg": {
        "precision": 0.8262523534013635,
        "recall": 0.818840579710145,
        "f1-score": 0.8178058116249398,
        "support": 1380.0
    },
    "weighted avg": {
        "precision": 0.8262523534013636,
        "recall": 0.8188405797101449,
        "f1-score": 0.8178058116249399,
        "support": 1380.0
    },
    "roc_auc": {
        "0": 0.8866519638731358,
        "1": 0.886651963873136
    },
    "model": "LogisticRegression",
    "params": {
        "C": 0.5,
        "max_iter": 100,
        "penalty": "l2",
        "solver": "lbfgs",
        "tol": 1e-05
    },
    "mode": "training"
}