{
    "processing_time_seconds": 1500.2150828838348,
    "memory_usage_mb": 0.0,
    "successful_samples": 10098,
    "total_samples": 10098,
    "error_rate": 0.0,
    "samples_per_second": 6.731034846409361,
    "timestamp": "2025-05-30 15:50:14"
}