{
    "processing_time_seconds": 116.64067482948303,
    "memory_usage_mb": 2.44140625,
    "successful_samples": 1380,
    "total_samples": 1380,
    "error_rate": 0.0,
    "samples_per_second": 11.831207269826084,
    "timestamp": "2025-05-30 15:52:13"
}