{
    "0": {
        "precision": 0.5310973624226636,
        "recall": 0.4506769825918762,
        "f1-score": 0.487593423019432,
        "support": 3619.0
    },
    "1": {
        "precision": 0.7940959409594096,
        "recall": 0.7754555750025739,
        "f1-score": 0.7846650692780498,
        "support": 9713.0
    },
    "2": {
        "precision": 0.5655510552121082,
        "recall": 0.5805251641137855,
        "f1-score": 0.5729402872260015,
        "support": 4570.0
    },
    "3": {
        "precision": 0.7363571934798016,
        "recall": 0.8402749696724626,
        "f1-score": 0.7848914069877243,
        "support": 9892.0
    },
    "4": {
        "precision": 0.6482064191315292,
        "recall": 0.44206008583690987,
        "f1-score": 0.5256442970145445,
        "support": 2330.0
    },
    "accuracy": 0.7023635639357323,
    "macro avg": {
        "precision": 0.6550615942411024,
        "recall": 0.6177985554435217,
        "f1-score": 0.6311468967051506,
        "support": 30124.0
    },
    "weighted avg": {
        "precision": 0.6975843137015123,
        "recall": 0.7023635639357323,
        "f1-score": 0.6968957156551023,
        "support": 30124.0
    },
    "roc_auc": {
        "0": 0.8906358677626242,
        "1": 0.9192001693521009,
        "2": 0.8900296561672547,
        "3": 0.9228088574077298,
        "4": 0.9143278213935079
    },
    "model": "LogisticRegression",
    "params": {
        "C": 1,
        "max_iter": 1000,
        "penalty": "l2",
        "solver": "lbfgs",
        "tol": 1e-05
    },
    "mode": "training"
}