{
    "0": {
        "precision": 0.526671675432006,
        "recall": 0.45177922018137456,
        "f1-score": 0.4863592437495354,
        "support": 21723.0
    },
    "1": {
        "precision": 0.7934622918707149,
        "recall": 0.7829996548153262,
        "f1-score": 0.7881962542131415,
        "support": 57940.0
    },
    "2": {
        "precision": 0.5593103448275862,
        "recall": 0.5673416789396171,
        "f1-score": 0.5632973862182417,
        "support": 27160.0
    },
    "3": {
        "precision": 0.7409689536903684,
        "recall": 0.8411994740923036,
        "f1-score": 0.7879094073904497,
        "support": 59326.0
    },
    "4": {
        "precision": 0.6447439353099731,
        "recall": 0.43217460432174604,
        "f1-score": 0.5174800969193493,
        "support": 13837.0
    },
    "accuracy": 0.7026935428311091,
    "macro avg": {
        "precision": 0.6530314402261297,
        "recall": 0.6150989264700735,
        "f1-score": 0.6286484776981436,
        "support": 179986.0
    },
    "weighted avg": {
        "precision": 0.6971931646985591,
        "recall": 0.7026935428311091,
        "f1-score": 0.6969226241745852,
        "support": 179986.0
    },
    "roc_auc": null,
    "model": "LogisticRegression",
    "params": {
        "C": 1,
        "max_iter": 1000,
        "penalty": "l2",
        "solver": "lbfgs",
        "tol": 1e-05
    },
    "mode": "training"
}