{
    "0": {
        "precision": 0.5373393351049406,
        "recall": 0.45610643097178105,
        "f1-score": 0.4934017230217619,
        "support": 21723.0
    },
    "1": {
        "precision": 0.7921082696194744,
        "recall": 0.7778218847083189,
        "f1-score": 0.784900074019245,
        "support": 57940.0
    },
    "2": {
        "precision": 0.5605633802816902,
        "recall": 0.5715022091310751,
        "f1-score": 0.5659799453053783,
        "support": 27160.0
    },
    "3": {
        "precision": 0.7426254344532572,
        "recall": 0.8427670835721269,
        "f1-score": 0.789533524934466,
        "support": 59326.0
    },
    "4": {
        "precision": 0.6467413864674139,
        "recall": 0.45038664450386645,
        "f1-score": 0.5309930558514038,
        "support": 13837.0
    },
    "accuracy": 0.7040936517284677,
    "macro avg": {
        "precision": 0.6558755611853553,
        "recall": 0.6197168505774338,
        "f1-score": 0.632961664626451,
        "support": 179986.0
    },
    "weighted avg": {
        "precision": 0.6989334393542344,
        "recall": 0.7040936517284677,
        "f1-score": 0.6986904984079254,
        "support": 179986.0
    },
    "roc_auc": null,
    "model": "LogisticRegression",
    "params": {
        "C": 1,
        "max_iter": 1000,
        "penalty": "l2",
        "solver": "lbfgs",
        "tol": 1e-05
    },
    "mode": "training"
}