{
    "processing_time_seconds": 4.939641714096069,
    "memory_usage_mb": 84.92578125,
    "successful_samples": 30124,
    "total_samples": 30124,
    "error_rate": 0.0,
    "samples_per_second": 6098.418011580937,
    "timestamp": "2025-05-28 10:37:19"
}