{
    "processing_time_seconds": 28.27505660057068,
    "memory_usage_mb": 524.96484375,
    "successful_samples": 179986,
    "total_samples": 179986,
    "error_rate": 0.0,
    "samples_per_second": 6365.53986584654,
    "timestamp": "2025-05-28 10:36:12"
}