{
    "0": {
        "precision": 0.5239310784939375,
        "recall": 0.45371649626968774,
        "f1-score": 0.4863023841255738,
        "support": 3619.0
    },
    "1": {
        "precision": 0.7951163278138755,
        "recall": 0.7811180891588593,
        "f1-score": 0.7880550506361984,
        "support": 9713.0
    },
    "2": {
        "precision": 0.5680925360104758,
        "recall": 0.5695842450765864,
        "f1-score": 0.5688374125874126,
        "support": 4570.0
    },
    "3": {
        "precision": 0.7343404894425303,
        "recall": 0.8402749696724626,
        "f1-score": 0.7837442836264202,
        "support": 9892.0
    },
    "4": {
        "precision": 0.649644473173885,
        "recall": 0.4313304721030043,
        "f1-score": 0.5184420944028888,
        "support": 2330.0
    },
    "accuracy": 0.7020647988314965,
    "macro avg": {
        "precision": 0.6542249809869408,
        "recall": 0.61520485445612,
        "f1-score": 0.6290762450756987,
        "support": 30124.0
    },
    "weighted avg": {
        "precision": 0.696886937284367,
        "recall": 0.7020647988314965,
        "f1-score": 0.6962774712553313,
        "support": 30124.0
    },
    "model": "LogisticRegression"
}