{
    "0": {
        "precision": 0.5755432036382011,
        "recall": 0.517962710322874,
        "f1-score": 0.5452369554810914,
        "support": 4398.0
    },
    "1": {
        "precision": 0.7692371407272426,
        "recall": 0.8003274732850741,
        "f1-score": 0.7844743844237023,
        "support": 11604.0
    },
    "2": {
        "precision": 0.5420721236405266,
        "recall": 0.5299384443200895,
        "f1-score": 0.5359366157328805,
        "support": 5361.0
    },
    "3": {
        "precision": 0.7678700072040343,
        "recall": 0.8057282042667563,
        "f1-score": 0.7863437026107627,
        "support": 11906.0
    },
    "4": {
        "precision": 0.52652697280428,
        "recall": 0.43117926250456373,
        "f1-score": 0.4741067844239261,
        "support": 2739.0
    },
    "accuracy": 0.6992890468784715,
    "macro avg": {
        "precision": 0.6362498896028569,
        "recall": 0.6170272189398716,
        "f1-score": 0.6252196885344726,
        "support": 36008.0
    },
    "weighted avg": {
        "precision": 0.6928441771194942,
        "recall": 0.6992890468784715,
        "f1-score": 0.6952603779666555,
        "support": 36008.0
    },
    "roc_auc": null,
    "model": "LogisticRegression",
    "params": {
        "max_iter": 5000,
        "random_state": 42,
        "C": 0.9
    },
    "mode": "training"
}