{
    "0": {
        "precision": 0.571574381219699,
        "recall": 0.517052340008079,
        "f1-score": 0.542948038176034,
        "support": 17329.0
    },
    "1": {
        "precision": 0.7714530235664934,
        "recall": 0.7973850568512805,
        "f1-score": 0.7842047190629774,
        "support": 46349.0
    },
    "2": {
        "precision": 0.5520763723150358,
        "recall": 0.5303801531618287,
        "f1-score": 0.5410108286362467,
        "support": 21807.0
    },
    "3": {
        "precision": 0.7651578320428827,
        "recall": 0.8122958248150568,
        "f1-score": 0.7880225318707382,
        "support": 47447.0
    },
    "4": {
        "precision": 0.5518676744440794,
        "recall": 0.4538738738738739,
        "f1-score": 0.4980967917346384,
        "support": 11100.0
    },
    "accuracy": 0.701670462119529,
    "macro avg": {
        "precision": 0.642425856717638,
        "recall": 0.6221974497420237,
        "f1-score": 0.630856581896127,
        "support": 144032.0
    },
    "weighted avg": {
        "precision": 0.6951940744819309,
        "recall": 0.701670462119529,
        "f1-score": 0.6975661913699626,
        "support": 144032.0
    },
    "roc_auc": null,
    "model": "LogisticRegression",
    "params": {
        "max_iter": 5000,
        "random_state": 42,
        "C": 0.9
    },
    "mode": "training"
}