{
    "0": {
        "precision": 0.7330969865788808,
        "recall": 0.8010514665190924,
        "f1-score": 0.7655692185640619,
        "support": 3614.0
    },
    "1": {
        "precision": 0.6632759520083463,
        "recall": 0.7575215966636878,
        "f1-score": 0.7072729801140314,
        "support": 3357.0
    },
    "2": {
        "precision": 0.8274157303370786,
        "recall": 0.8770843258694616,
        "f1-score": 0.8515263644773358,
        "support": 2099.0
    },
    "3": {
        "precision": 0.9672131147540983,
        "recall": 0.5784313725490197,
        "f1-score": 0.7239263803680982,
        "support": 204.0
    },
    "4": {
        "precision": 0.8292682926829268,
        "recall": 0.5304964539007092,
        "f1-score": 0.6470588235294118,
        "support": 705.0
    },
    "5": {
        "precision": 0.7619339045287638,
        "recall": 0.7196531791907514,
        "f1-score": 0.7401902497027348,
        "support": 1730.0
    },
    "6": {
        "precision": 0.7694661679700782,
        "recall": 0.8369082840236687,
        "f1-score": 0.8017714791851196,
        "support": 5408.0
    },
    "7": {
        "precision": 0.8143015521064302,
        "recall": 0.8282277767336966,
        "f1-score": 0.8212056275039598,
        "support": 5321.0
    },
    "8": {
        "precision": 0.5633802816901409,
        "recall": 0.32786885245901637,
        "f1-score": 0.41450777202072536,
        "support": 2562.0
    },
    "accuracy": 0.75156,
    "macro avg": {
        "precision": 0.7699279980729715,
        "recall": 0.6952492564343449,
        "f1-score": 0.7192254328294977,
        "support": 25000.0
    },
    "weighted avg": {
        "precision": 0.7460167460712929,
        "recall": 0.75156,
        "f1-score": 0.7432162875455641,
        "support": 25000.0
    },
    "roc_auc": null,
    "model": "LogisticRegression",
    "params": {
        "max_iter": 2000,
        "random_state": 42,
        "C": 0.8
    },
    "mode": "training"
}