{
    "0": {
        "precision": 0.7217741935483871,
        "recall": 0.7638691322901849,
        "f1-score": 0.7422252937111264,
        "support": 703.0
    },
    "1": {
        "precision": 0.653416149068323,
        "recall": 0.7460992907801418,
        "f1-score": 0.6966887417218544,
        "support": 705.0
    },
    "2": {
        "precision": 0.7809734513274337,
        "recall": 0.838479809976247,
        "f1-score": 0.8087056128293242,
        "support": 421.0
    },
    "3": {
        "precision": 1.0,
        "recall": 0.575,
        "f1-score": 0.7301587301587301,
        "support": 40.0
    },
    "4": {
        "precision": 0.8289473684210527,
        "recall": 0.4315068493150685,
        "f1-score": 0.5675675675675675,
        "support": 146.0
    },
    "5": {
        "precision": 0.7484076433121019,
        "recall": 0.6772334293948127,
        "f1-score": 0.7110438729198184,
        "support": 347.0
    },
    "6": {
        "precision": 0.7552565180824222,
        "recall": 0.8223443223443223,
        "f1-score": 0.7873739587900044,
        "support": 1092.0
    },
    "7": {
        "precision": 0.7718665464382326,
        "recall": 0.8160152526215443,
        "f1-score": 0.7933271547729379,
        "support": 1049.0
    },
    "8": {
        "precision": 0.4652777777777778,
        "recall": 0.26961770623742454,
        "f1-score": 0.3414012738853503,
        "support": 497.0
    },
    "accuracy": 0.725,
    "macro avg": {
        "precision": 0.7473244053306367,
        "recall": 0.6600184214399718,
        "f1-score": 0.6864991340396348,
        "support": 5000.0
    },
    "weighted avg": {
        "precision": 0.7166500829401147,
        "recall": 0.725,
        "f1-score": 0.7147814853689763,
        "support": 5000.0
    },
    "roc_auc": {
        "0": 0.9561290403738623,
        "1": 0.9453710813332342,
        "2": 0.9867810239765448,
        "3": 0.969516129032258,
        "4": 0.9681705809641532,
        "5": 0.964174208824402,
        "6": 0.9562459461384745,
        "7": 0.9613887857426014,
        "8": 0.8422187578055498
    },
    "model": "LogisticRegression",
    "params": {
        "max_iter": 2000,
        "random_state": 42,
        "C": 0.8
    },
    "mode": "training"
}