{
    "0": {
        "precision": 0.7329113924050633,
        "recall": 0.8010514665190924,
        "f1-score": 0.7654680063458488,
        "support": 3614.0
    },
    "1": {
        "precision": 0.6634489955648317,
        "recall": 0.7575215966636878,
        "f1-score": 0.7073713490959667,
        "support": 3357.0
    },
    "2": {
        "precision": 0.827710301394512,
        "recall": 0.8766079085278704,
        "f1-score": 0.8514576584914392,
        "support": 2099.0
    },
    "3": {
        "precision": 0.9672131147540983,
        "recall": 0.5784313725490197,
        "f1-score": 0.7239263803680982,
        "support": 204.0
    },
    "4": {
        "precision": 0.8292682926829268,
        "recall": 0.5304964539007092,
        "f1-score": 0.6470588235294118,
        "support": 705.0
    },
    "5": {
        "precision": 0.7619339045287638,
        "recall": 0.7196531791907514,
        "f1-score": 0.7401902497027348,
        "support": 1730.0
    },
    "6": {
        "precision": 0.7694661679700782,
        "recall": 0.8369082840236687,
        "f1-score": 0.8017714791851196,
        "support": 5408.0
    },
    "7": {
        "precision": 0.8143015521064302,
        "recall": 0.8282277767336966,
        "f1-score": 0.8212056275039598,
        "support": 5321.0
    },
    "8": {
        "precision": 0.5626255860683188,
        "recall": 0.32786885245901637,
        "f1-score": 0.41430332922318125,
        "support": 2562.0
    },
    "accuracy": 0.75152,
    "macro avg": {
        "precision": 0.7698754786083359,
        "recall": 0.6951963211741681,
        "f1-score": 0.719194767049529,
        "support": 25000.0
    },
    "weighted avg": {
        "precision": 0.7459605438449484,
        "recall": 0.75152,
        "f1-score": 0.7431881454417252,
        "support": 25000.0
    },
    "roc_auc": null,
    "model": "LogisticRegression",
    "params": {
        "max_iter": 2000,
        "random_state": 42,
        "C": 0.8
    },
    "mode": "training"
}