{
    "processing_time_seconds": 17.133092164993286,
    "memory_usage_mb": 6.59375,
    "successful_samples": 5000,
    "total_samples": 5000,
    "error_rate": 0.0,
    "samples_per_second": 291.8329016064077,
    "timestamp": "2025-06-05 10:48:11"
}