{
    "processing_time_seconds": 161.6642141342163,
    "memory_usage_mb": -644.421875,
    "successful_samples": 25000,
    "total_samples": 25000,
    "error_rate": 0.0,
    "samples_per_second": 154.64152121659149,
    "timestamp": "2025-06-05 10:47:48"
}