{
    "processing_time_seconds": 17.06437611579895,
    "memory_usage_mb": 8.359375,
    "successful_samples": 5000,
    "total_samples": 5000,
    "error_rate": 0.0,
    "samples_per_second": 293.00807518950427,
    "timestamp": "2025-06-05 10:48:34"
}