{
    "0": {
        "precision": 0.7073170731707317,
        "recall": 0.7692307692307693,
        "f1-score": 0.7369758576874206,
        "support": 754.0
    },
    "1": {
        "precision": 0.6135135135135135,
        "recall": 0.699537750385208,
        "f1-score": 0.6537077033837293,
        "support": 649.0
    },
    "2": {
        "precision": 0.8047058823529412,
        "recall": 0.868020304568528,
        "f1-score": 0.8351648351648352,
        "support": 394.0
    },
    "3": {
        "precision": 1.0,
        "recall": 0.5227272727272727,
        "f1-score": 0.6865671641791045,
        "support": 44.0
    },
    "4": {
        "precision": 0.7575757575757576,
        "recall": 0.4807692307692308,
        "f1-score": 0.5882352941176471,
        "support": 156.0
    },
    "5": {
        "precision": 0.7195121951219512,
        "recall": 0.659217877094972,
        "f1-score": 0.6880466472303207,
        "support": 358.0
    },
    "6": {
        "precision": 0.7577796467619848,
        "recall": 0.8139114724480578,
        "f1-score": 0.7848432055749129,
        "support": 1107.0
    },
    "7": {
        "precision": 0.7650273224043715,
        "recall": 0.8115942028985508,
        "f1-score": 0.7876230661040787,
        "support": 1035.0
    },
    "8": {
        "precision": 0.44244604316546765,
        "recall": 0.24453280318091453,
        "f1-score": 0.31498079385403327,
        "support": 503.0
    },
    "accuracy": 0.7148,
    "macro avg": {
        "precision": 0.7297641593407467,
        "recall": 0.6521712981448338,
        "f1-score": 0.6751271741440091,
        "support": 5000.0
    },
    "weighted avg": {
        "precision": 0.7043048704979619,
        "recall": 0.7148,
        "f1-score": 0.7039464086719435,
        "support": 5000.0
    },
    "model": "LogisticRegression"
}