{
    "0": {
        "precision": 0.9159127195316658,
        "recall": 0.9057894736842105,
        "f1-score": 0.9108229690394284,
        "support": 1900.0
    },
    "1": {
        "precision": 0.9651404786680541,
        "recall": 0.9763157894736842,
        "f1-score": 0.9706959706959707,
        "support": 1900.0
    },
    "2": {
        "precision": 0.8768577494692145,
        "recall": 0.8694736842105263,
        "f1-score": 0.8731501057082452,
        "support": 1900.0
    },
    "3": {
        "precision": 0.8788511749347259,
        "recall": 0.8857894736842106,
        "f1-score": 0.8823066841415466,
        "support": 1900.0
    },
    "accuracy": 0.9093421052631578,
    "macro avg": {
        "precision": 0.909190530650915,
        "recall": 0.9093421052631578,
        "f1-score": 0.9092439323962977,
        "support": 7600.0
    },
    "weighted avg": {
        "precision": 0.9091905306509152,
        "recall": 0.9093421052631578,
        "f1-score": 0.9092439323962977,
        "support": 7600.0
    },
    "roc_auc": {
        "0": 0.9818265927977838,
        "1": 0.9969577100646353,
        "2": 0.9745068328716529,
        "3": 0.9792268698060942
    },
    "model": "LogisticRegression",
    "params": {
        "max_iter": 200,
        "random_state": 42,
        "C": 0.9
    },
    "mode": "training"
}