{
    "0": {
        "precision": 0.9979816102265082,
        "recall": 0.9731029958451782,
        "f1-score": 0.9853852967227635,
        "support": 4573.0
    },
    "1": {
        "precision": 0.97818762191878,
        "recall": 0.9983710407239819,
        "f1-score": 0.9881762809029022,
        "support": 5525.0
    },
    "accuracy": 0.9869281045751634,
    "macro avg": {
        "precision": 0.9880846160726441,
        "recall": 0.98573701828458,
        "f1-score": 0.9867807888128328,
        "support": 10098.0
    },
    "weighted avg": {
        "precision": 0.9871515661187446,
        "recall": 0.9869281045751634,
        "f1-score": 0.9869123503566779,
        "support": 10098.0
    },
    "roc_auc": null,
    "model": "XGBClassifier",
    "params": {
        "learning_rate": 0.1,
        "max_depth": 3,
        "n_estimators": 500,
        "num_class": 20,
        "eval_metric": "mlogloss",
        "objective": "multi:softmax"
    },
    "mode": "training"
}