{
    "0": {
        "precision": 0.3333333333333333,
        "recall": 0.31347962382445144,
        "f1-score": 0.32310177705977383,
        "support": 319.0
    },
    "1": {
        "precision": 0.4152334152334152,
        "recall": 0.43444730077120824,
        "f1-score": 0.42462311557788945,
        "support": 389.0
    },
    "2": {
        "precision": 0.37464788732394366,
        "recall": 0.33756345177664976,
        "f1-score": 0.35514018691588783,
        "support": 394.0
    },
    "3": {
        "precision": 0.40710382513661203,
        "recall": 0.38010204081632654,
        "f1-score": 0.39313984168865435,
        "support": 392.0
    },
    "4": {
        "precision": 0.39617486338797814,
        "recall": 0.37662337662337664,
        "f1-score": 0.38615179760319573,
        "support": 385.0
    },
    "5": {
        "precision": 0.4584450402144772,
        "recall": 0.43291139240506327,
        "f1-score": 0.4453125,
        "support": 395.0
    },
    "6": {
        "precision": 0.4103139013452915,
        "recall": 0.46923076923076923,
        "f1-score": 0.43779904306220097,
        "support": 390.0
    },
    "7": {
        "precision": 0.5452196382428941,
        "recall": 0.5328282828282829,
        "f1-score": 0.5389527458492975,
        "support": 396.0
    },
    "8": {
        "precision": 0.4923469387755102,
        "recall": 0.4849246231155779,
        "f1-score": 0.48860759493670886,
        "support": 398.0
    },
    "9": {
        "precision": 0.6635294117647059,
        "recall": 0.7103274559193955,
        "f1-score": 0.6861313868613139,
        "support": 397.0
    },
    "10": {
        "precision": 0.7657142857142857,
        "recall": 0.6716791979949874,
        "f1-score": 0.7156208277703605,
        "support": 399.0
    },
    "11": {
        "precision": 0.6353887399463807,
        "recall": 0.5984848484848485,
        "f1-score": 0.6163849154746424,
        "support": 396.0
    },
    "12": {
        "precision": 0.35809018567639256,
        "recall": 0.3435114503816794,
        "f1-score": 0.35064935064935066,
        "support": 393.0
    },
    "13": {
        "precision": 0.6061381074168798,
        "recall": 0.5984848484848485,
        "f1-score": 0.602287166454892,
        "support": 396.0
    },
    "14": {
        "precision": 0.5304347826086957,
        "recall": 0.6192893401015228,
        "f1-score": 0.5714285714285714,
        "support": 394.0
    },
    "15": {
        "precision": 0.4502923976608187,
        "recall": 0.5804020100502513,
        "f1-score": 0.5071350164654226,
        "support": 398.0
    },
    "16": {
        "precision": 0.46296296296296297,
        "recall": 0.4807692307692308,
        "f1-score": 0.4716981132075472,
        "support": 364.0
    },
    "17": {
        "precision": 0.6624365482233503,
        "recall": 0.6941489361702128,
        "f1-score": 0.6779220779220779,
        "support": 376.0
    },
    "18": {
        "precision": 0.4128113879003559,
        "recall": 0.3741935483870968,
        "f1-score": 0.3925549915397631,
        "support": 310.0
    },
    "19": {
        "precision": 0.21212121212121213,
        "recall": 0.16733067729083664,
        "f1-score": 0.1870824053452116,
        "support": 251.0
    },
    "accuracy": 0.4888475836431227,
    "macro avg": {
        "precision": 0.47963694324947487,
        "recall": 0.48003662027133087,
        "f1-score": 0.4785861712906381,
        "support": 7532.0
    },
    "weighted avg": {
        "precision": 0.4871061121700792,
        "recall": 0.4888475836431227,
        "f1-score": 0.4867284753553138,
        "support": 7532.0
    },
    "roc_auc": {
        "0": 0.8947003125234958,
        "1": 0.8990145132829991,
        "2": 0.8737122969507591,
        "3": 0.8781723403647173,
        "4": 0.8840425280609973,
        "5": 0.9109160144229659,
        "6": 0.9090253394509905,
        "7": 0.9241461702224034,
        "8": 0.9207711532149112,
        "9": 0.9686728953486113,
        "10": 0.9730403395281979,
        "11": 0.9325567190967974,
        "12": 0.8566491554294281,
        "13": 0.9324668348281017,
        "14": 0.9241209911064397,
        "15": 0.9397333598184363,
        "16": 0.9041152067798274,
        "17": 0.9592575193558744,
        "18": 0.8759368774622345,
        "19": 0.8594404144170468
    },
    "model": "LogisticRegression",
    "params": {
        "max_iter": 1000,
        "random_state": 42,
        "C": 1,
        "tol": 0.0005
    },
    "mode": "training"
}