{
    "0": {
        "precision": 0.3367003367003367,
        "recall": 0.31347962382445144,
        "f1-score": 0.3246753246753247,
        "support": 319.0
    },
    "1": {
        "precision": 0.41911764705882354,
        "recall": 0.43958868894601544,
        "f1-score": 0.42910915934755334,
        "support": 389.0
    },
    "2": {
        "precision": 0.3767313019390582,
        "recall": 0.34517766497461927,
        "f1-score": 0.36026490066225164,
        "support": 394.0
    },
    "3": {
        "precision": 0.4081081081081081,
        "recall": 0.3852040816326531,
        "f1-score": 0.3963254593175853,
        "support": 392.0
    },
    "4": {
        "precision": 0.3971830985915493,
        "recall": 0.36623376623376624,
        "f1-score": 0.3810810810810811,
        "support": 385.0
    },
    "5": {
        "precision": 0.4659400544959128,
        "recall": 0.43291139240506327,
        "f1-score": 0.44881889763779526,
        "support": 395.0
    },
    "6": {
        "precision": 0.4108352144469526,
        "recall": 0.4666666666666667,
        "f1-score": 0.4369747899159664,
        "support": 390.0
    },
    "7": {
        "precision": 0.5443037974683544,
        "recall": 0.5429292929292929,
        "f1-score": 0.5436156763590392,
        "support": 396.0
    },
    "8": {
        "precision": 0.48621553884711777,
        "recall": 0.48743718592964824,
        "f1-score": 0.4868255959849435,
        "support": 398.0
    },
    "9": {
        "precision": 0.6698795180722892,
        "recall": 0.7002518891687658,
        "f1-score": 0.6847290640394089,
        "support": 397.0
    },
    "10": {
        "precision": 0.7465181058495822,
        "recall": 0.6716791979949874,
        "f1-score": 0.7071240105540897,
        "support": 399.0
    },
    "11": {
        "precision": 0.6230366492146597,
        "recall": 0.601010101010101,
        "f1-score": 0.6118251928020566,
        "support": 396.0
    },
    "12": {
        "precision": 0.368,
        "recall": 0.3511450381679389,
        "f1-score": 0.359375,
        "support": 393.0
    },
    "13": {
        "precision": 0.6081424936386769,
        "recall": 0.6035353535353535,
        "f1-score": 0.605830164765526,
        "support": 396.0
    },
    "14": {
        "precision": 0.5428571428571428,
        "recall": 0.6269035532994924,
        "f1-score": 0.5818610129564193,
        "support": 394.0
    },
    "15": {
        "precision": 0.46322067594433397,
        "recall": 0.585427135678392,
        "f1-score": 0.5172031076581576,
        "support": 398.0
    },
    "16": {
        "precision": 0.4645669291338583,
        "recall": 0.48626373626373626,
        "f1-score": 0.47516778523489933,
        "support": 364.0
    },
    "17": {
        "precision": 0.6625,
        "recall": 0.7047872340425532,
        "f1-score": 0.6829896907216495,
        "support": 376.0
    },
    "18": {
        "precision": 0.40942028985507245,
        "recall": 0.36451612903225805,
        "f1-score": 0.3856655290102389,
        "support": 310.0
    },
    "19": {
        "precision": 0.21212121212121213,
        "recall": 0.16733067729083664,
        "f1-score": 0.1870824053452116,
        "support": 251.0
    },
    "accuracy": 0.4911046202867764,
    "macro avg": {
        "precision": 0.48076990571715206,
        "recall": 0.4821239204513296,
        "f1-score": 0.48032719240345995,
        "support": 7532.0
    },
    "weighted avg": {
        "precision": 0.4882749300218542,
        "recall": 0.4911046202867764,
        "f1-score": 0.48858632140434655,
        "support": 7532.0
    },
    "roc_auc": {
        "0": 0.8959141605608474,
        "1": 0.8990227907524111,
        "2": 0.8742378319795532,
        "3": 0.878976947922026,
        "4": 0.8837685051760888,
        "5": 0.9106017313944269,
        "6": 0.9091470463635124,
        "7": 0.9255556546405762,
        "8": 0.9208479318374885,
        "9": 0.9690820607958428,
        "10": 0.9739675840379022,
        "11": 0.9330864700819858,
        "12": 0.8567728354481904,
        "13": 0.9327941692711872,
        "14": 0.9254874532956521,
        "15": 0.9399605259265208,
        "16": 0.9040163240777079,
        "17": 0.9593623265107096,
        "18": 0.8752610750305966,
        "19": 0.8609506487167659
    },
    "model": "LogisticRegression",
    "params": {
        "max_iter": 200,
        "random_state": 42,
        "C": 0.9
    },
    "mode": "training"
}