{
    "0": {
        "precision": 0.5604166666666667,
        "recall": 0.5604166666666667,
        "f1-score": 0.5604166666666667,
        "support": 480.0
    },
    "1": {
        "precision": 0.5432780847145487,
        "recall": 0.5051369863013698,
        "f1-score": 0.5235137533274179,
        "support": 584.0
    },
    "2": {
        "precision": 0.4849624060150376,
        "recall": 0.4365482233502538,
        "f1-score": 0.4594835262689225,
        "support": 591.0
    },
    "3": {
        "precision": 0.4866920152091255,
        "recall": 0.43389830508474575,
        "f1-score": 0.45878136200716846,
        "support": 590.0
    },
    "4": {
        "precision": 0.5008976660682226,
        "recall": 0.4826989619377163,
        "f1-score": 0.49162995594713654,
        "support": 578.0
    },
    "5": {
        "precision": 0.5499181669394435,
        "recall": 0.5666104553119731,
        "f1-score": 0.5581395348837209,
        "support": 593.0
    },
    "6": {
        "precision": 0.4916030534351145,
        "recall": 0.5504273504273505,
        "f1-score": 0.5193548387096775,
        "support": 585.0
    },
    "7": {
        "precision": 0.545,
        "recall": 0.5505050505050505,
        "f1-score": 0.5477386934673367,
        "support": 594.0
    },
    "8": {
        "precision": 0.5564516129032258,
        "recall": 0.5769230769230769,
        "f1-score": 0.5665024630541872,
        "support": 598.0
    },
    "9": {
        "precision": 0.7402597402597403,
        "recall": 0.7638190954773869,
        "f1-score": 0.7518549051937345,
        "support": 597.0
    },
    "10": {
        "precision": 0.7642276422764228,
        "recall": 0.7833333333333333,
        "f1-score": 0.7736625514403292,
        "support": 600.0
    },
    "11": {
        "precision": 0.7343234323432343,
        "recall": 0.7478991596638656,
        "f1-score": 0.7410491257285595,
        "support": 595.0
    },
    "12": {
        "precision": 0.5036630036630036,
        "recall": 0.4653130287648054,
        "f1-score": 0.4837291116974494,
        "support": 591.0
    },
    "13": {
        "precision": 0.6858475894245724,
        "recall": 0.7424242424242424,
        "f1-score": 0.7130153597413096,
        "support": 594.0
    },
    "14": {
        "precision": 0.6006051437216339,
        "recall": 0.6694772344013491,
        "f1-score": 0.6331738437001595,
        "support": 593.0
    },
    "15": {
        "precision": 0.5758468335787923,
        "recall": 0.6527545909849749,
        "f1-score": 0.6118935837245696,
        "support": 599.0
    },
    "16": {
        "precision": 0.6729323308270677,
        "recall": 0.6556776556776557,
        "f1-score": 0.6641929499072357,
        "support": 546.0
    },
    "17": {
        "precision": 0.7223140495867768,
        "recall": 0.774822695035461,
        "f1-score": 0.7476475620188195,
        "support": 564.0
    },
    "18": {
        "precision": 0.5959821428571429,
        "recall": 0.5741935483870968,
        "f1-score": 0.5848849945235487,
        "support": 465.0
    },
    "19": {
        "precision": 0.4309623430962343,
        "recall": 0.27320954907161804,
        "f1-score": 0.3344155844155844,
        "support": 377.0
    },
    "accuracy": 0.5945730952801839,
    "macro avg": {
        "precision": 0.5873091961793004,
        "recall": 0.5883044604864995,
        "f1-score": 0.5862540183211766,
        "support": 11314.0
    },
    "weighted avg": {
        "precision": 0.5902144089537682,
        "recall": 0.5945730952801839,
        "f1-score": 0.591109579537848,
        "support": 11314.0
    },
    "roc_auc": null,
    "model": "LogisticRegression",
    "params": {
        "max_iter": 5000,
        "random_state": 42,
        "C": 0.9
    },
    "mode": "training"
}