{
    "0": {
        "precision": 0.3388704318936877,
        "recall": 0.31974921630094044,
        "f1-score": 0.32903225806451614,
        "support": 319.0
    },
    "1": {
        "precision": 0.43243243243243246,
        "recall": 0.41131105398457585,
        "f1-score": 0.42160737812911725,
        "support": 389.0
    },
    "2": {
        "precision": 0.35658914728682173,
        "recall": 0.350253807106599,
        "f1-score": 0.353393085787452,
        "support": 394.0
    },
    "3": {
        "precision": 0.4090909090909091,
        "recall": 0.3673469387755102,
        "f1-score": 0.3870967741935484,
        "support": 392.0
    },
    "4": {
        "precision": 0.38950276243093923,
        "recall": 0.36623376623376624,
        "f1-score": 0.37751004016064255,
        "support": 385.0
    },
    "5": {
        "precision": 0.4595300261096606,
        "recall": 0.44556962025316454,
        "f1-score": 0.4524421593830334,
        "support": 395.0
    },
    "6": {
        "precision": 0.39863325740318906,
        "recall": 0.44871794871794873,
        "f1-score": 0.4221954161640531,
        "support": 390.0
    },
    "7": {
        "precision": 0.549367088607595,
        "recall": 0.547979797979798,
        "f1-score": 0.5486725663716814,
        "support": 396.0
    },
    "8": {
        "precision": 0.4832904884318766,
        "recall": 0.4723618090452261,
        "f1-score": 0.4777636594663278,
        "support": 398.0
    },
    "9": {
        "precision": 0.6522781774580336,
        "recall": 0.6851385390428212,
        "f1-score": 0.6683046683046683,
        "support": 397.0
    },
    "10": {
        "precision": 0.7388888888888889,
        "recall": 0.6666666666666666,
        "f1-score": 0.7009222661396575,
        "support": 399.0
    },
    "11": {
        "precision": 0.6308539944903582,
        "recall": 0.5782828282828283,
        "f1-score": 0.6034255599472991,
        "support": 396.0
    },
    "12": {
        "precision": 0.3819628647214854,
        "recall": 0.366412213740458,
        "f1-score": 0.37402597402597404,
        "support": 393.0
    },
    "13": {
        "precision": 0.5880893300248139,
        "recall": 0.5984848484848485,
        "f1-score": 0.5932415519399249,
        "support": 396.0
    },
    "14": {
        "precision": 0.5436241610738255,
        "recall": 0.616751269035533,
        "f1-score": 0.5778834720570749,
        "support": 394.0
    },
    "15": {
        "precision": 0.44886363636363635,
        "recall": 0.5954773869346733,
        "f1-score": 0.5118790496760259,
        "support": 398.0
    },
    "16": {
        "precision": 0.45038167938931295,
        "recall": 0.48626373626373626,
        "f1-score": 0.4676354029062087,
        "support": 364.0
    },
    "17": {
        "precision": 0.6540404040404041,
        "recall": 0.6888297872340425,
        "f1-score": 0.6709844559585493,
        "support": 376.0
    },
    "18": {
        "precision": 0.4,
        "recall": 0.3548387096774194,
        "f1-score": 0.37606837606837606,
        "support": 310.0
    },
    "19": {
        "precision": 0.2512820512820513,
        "recall": 0.1952191235059761,
        "f1-score": 0.21973094170403587,
        "support": 251.0
    },
    "accuracy": 0.48645778013807756,
    "macro avg": {
        "precision": 0.47787858657099613,
        "recall": 0.4780944533633266,
        "f1-score": 0.47669075282240836,
        "support": 7532.0
    },
    "weighted avg": {
        "precision": 0.4846473911831495,
        "recall": 0.48645778013807756,
        "f1-score": 0.48427990594620274,
        "support": 7532.0
    },
    "roc_auc": {
        "0": 0.8917371847330687,
        "1": 0.8919948593316052,
        "2": 0.8694774375509355,
        "3": 0.88149616989653,
        "4": 0.8813077505955637,
        "5": 0.9075557400106061,
        "6": 0.9013294415842721,
        "7": 0.9215020156724192,
        "8": 0.9195976377542323,
        "9": 0.9681722943096348,
        "10": 0.9711510656635982,
        "11": 0.9279860686461023,
        "12": 0.8571338955606002,
        "13": 0.9295332104679077,
        "14": 0.9236676371404637,
        "15": 0.9379762563870657,
        "16": 0.904627250539639,
        "17": 0.9591333860590132,
        "18": 0.866501996587488,
        "19": 0.8601977203122683
    },
    "model": "LogisticRegression",
    "params": {
        "max_iter": 1000,
        "random_state": 42,
        "C": 0.8,
        "tol": 0.0035
    },
    "mode": "training"
}