{
    "0": {
        "precision": 0.5313807531380753,
        "recall": 0.5291666666666667,
        "f1-score": 0.5302713987473904,
        "support": 480.0
    },
    "1": {
        "precision": 0.5350194552529183,
        "recall": 0.4708904109589041,
        "f1-score": 0.5009107468123861,
        "support": 584.0
    },
    "2": {
        "precision": 0.44485981308411215,
        "recall": 0.4027072758037225,
        "f1-score": 0.4227353463587922,
        "support": 591.0
    },
    "3": {
        "precision": 0.46257197696737046,
        "recall": 0.40847457627118644,
        "f1-score": 0.43384338433843384,
        "support": 590.0
    },
    "4": {
        "precision": 0.4732142857142857,
        "recall": 0.458477508650519,
        "f1-score": 0.46572934973637964,
        "support": 578.0
    },
    "5": {
        "precision": 0.5039619651347068,
        "recall": 0.5362563237774031,
        "f1-score": 0.5196078431372549,
        "support": 593.0
    },
    "6": {
        "precision": 0.46142433234421365,
        "recall": 0.5316239316239316,
        "f1-score": 0.49404289118347894,
        "support": 585.0
    },
    "7": {
        "precision": 0.5146103896103896,
        "recall": 0.5336700336700336,
        "f1-score": 0.5239669421487604,
        "support": 594.0
    },
    "8": {
        "precision": 0.5563258232235702,
        "recall": 0.5367892976588629,
        "f1-score": 0.5463829787234042,
        "support": 598.0
    },
    "9": {
        "precision": 0.7129186602870813,
        "recall": 0.7487437185929648,
        "f1-score": 0.7303921568627451,
        "support": 597.0
    },
    "10": {
        "precision": 0.7467532467532467,
        "recall": 0.7666666666666667,
        "f1-score": 0.756578947368421,
        "support": 600.0
    },
    "11": {
        "precision": 0.7140468227424749,
        "recall": 0.7176470588235294,
        "f1-score": 0.7158424140821459,
        "support": 595.0
    },
    "12": {
        "precision": 0.49433962264150944,
        "recall": 0.4433164128595601,
        "f1-score": 0.46743978590544155,
        "support": 591.0
    },
    "13": {
        "precision": 0.6573208722741433,
        "recall": 0.7104377104377104,
        "f1-score": 0.6828478964401294,
        "support": 594.0
    },
    "14": {
        "precision": 0.5757121439280359,
        "recall": 0.6475548060708263,
        "f1-score": 0.6095238095238096,
        "support": 593.0
    },
    "15": {
        "precision": 0.5690936106983655,
        "recall": 0.6393989983305509,
        "f1-score": 0.6022012578616353,
        "support": 599.0
    },
    "16": {
        "precision": 0.6247787610619469,
        "recall": 0.6465201465201466,
        "f1-score": 0.6354635463546354,
        "support": 546.0
    },
    "17": {
        "precision": 0.7080536912751678,
        "recall": 0.74822695035461,
        "f1-score": 0.7275862068965517,
        "support": 564.0
    },
    "18": {
        "precision": 0.5686274509803921,
        "recall": 0.5612903225806452,
        "f1-score": 0.564935064935065,
        "support": 465.0
    },
    "19": {
        "precision": 0.43829787234042555,
        "recall": 0.27320954907161804,
        "f1-score": 0.3366013071895425,
        "support": 377.0
    },
    "accuracy": 0.5713275587767368,
    "macro avg": {
        "precision": 0.5646655774726216,
        "recall": 0.5655534182695028,
        "f1-score": 0.5633451637303202,
        "support": 11314.0
    },
    "weighted avg": {
        "precision": 0.567220892254267,
        "recall": 0.5713275587767368,
        "f1-score": 0.5677957839218708,
        "support": 11314.0
    },
    "roc_auc": null,
    "model": "LogisticRegression",
    "params": {
        "max_iter": 1000,
        "random_state": 42,
        "C": 0.8,
        "tol": 0.0035
    },
    "mode": "training"
}