{
    "0": {
        "precision": 0.3366013071895425,
        "recall": 0.322884012539185,
        "f1-score": 0.3296,
        "support": 319.0
    },
    "1": {
        "precision": 0.41404358353510895,
        "recall": 0.43958868894601544,
        "f1-score": 0.42643391521197005,
        "support": 389.0
    },
    "2": {
        "precision": 0.3654390934844193,
        "recall": 0.32741116751269034,
        "f1-score": 0.3453815261044177,
        "support": 394.0
    },
    "3": {
        "precision": 0.39502762430939226,
        "recall": 0.3647959183673469,
        "f1-score": 0.3793103448275862,
        "support": 392.0
    },
    "4": {
        "precision": 0.39325842696629215,
        "recall": 0.36363636363636365,
        "f1-score": 0.37786774628879893,
        "support": 385.0
    },
    "5": {
        "precision": 0.4648648648648649,
        "recall": 0.43544303797468353,
        "f1-score": 0.4496732026143791,
        "support": 395.0
    },
    "6": {
        "precision": 0.4126984126984127,
        "recall": 0.4666666666666667,
        "f1-score": 0.4380264741275572,
        "support": 390.0
    },
    "7": {
        "precision": 0.537467700258398,
        "recall": 0.5252525252525253,
        "f1-score": 0.5312899106002554,
        "support": 396.0
    },
    "8": {
        "precision": 0.49622166246851385,
        "recall": 0.4949748743718593,
        "f1-score": 0.49559748427672956,
        "support": 398.0
    },
    "9": {
        "precision": 0.6547619047619048,
        "recall": 0.6926952141057935,
        "f1-score": 0.6731946144430845,
        "support": 397.0
    },
    "10": {
        "precision": 0.7375690607734806,
        "recall": 0.6691729323308271,
        "f1-score": 0.7017082785808147,
        "support": 399.0
    },
    "11": {
        "precision": 0.6143958868894601,
        "recall": 0.6035353535353535,
        "f1-score": 0.6089171974522293,
        "support": 396.0
    },
    "12": {
        "precision": 0.37228260869565216,
        "recall": 0.3486005089058524,
        "f1-score": 0.3600525624178712,
        "support": 393.0
    },
    "13": {
        "precision": 0.5905707196029777,
        "recall": 0.601010101010101,
        "f1-score": 0.5957446808510638,
        "support": 396.0
    },
    "14": {
        "precision": 0.5460674157303371,
        "recall": 0.616751269035533,
        "f1-score": 0.5792610250297974,
        "support": 394.0
    },
    "15": {
        "precision": 0.45219123505976094,
        "recall": 0.5703517587939698,
        "f1-score": 0.5044444444444445,
        "support": 398.0
    },
    "16": {
        "precision": 0.45714285714285713,
        "recall": 0.4835164835164835,
        "f1-score": 0.4699599465954606,
        "support": 364.0
    },
    "17": {
        "precision": 0.6675257731958762,
        "recall": 0.6888297872340425,
        "f1-score": 0.6780104712041884,
        "support": 376.0
    },
    "18": {
        "precision": 0.4036363636363636,
        "recall": 0.3580645161290323,
        "f1-score": 0.37948717948717947,
        "support": 310.0
    },
    "19": {
        "precision": 0.20952380952380953,
        "recall": 0.1752988047808765,
        "f1-score": 0.19088937093275488,
        "support": 251.0
    },
    "accuracy": 0.48605947955390333,
    "macro avg": {
        "precision": 0.47606451553937124,
        "recall": 0.47742399923226,
        "f1-score": 0.47574251877452917,
        "support": 7532.0
    },
    "weighted avg": {
        "precision": 0.4834730504899112,
        "recall": 0.48605947955390333,
        "f1-score": 0.4837626220437785,
        "support": 7532.0
    },
    "roc_auc": {
        "0": 0.8947546379816659,
        "1": 0.8990940489673497,
        "2": 0.8711930711868843,
        "3": 0.8784077916881038,
        "4": 0.8810718873962193,
        "5": 0.9110142722095409,
        "6": 0.9082286797492622,
        "7": 0.9258589255786567,
        "8": 0.919892777596984,
        "9": 0.9685052045915495,
        "10": 0.9731004224426201,
        "11": 0.9316550454092494,
        "12": 0.8559363022953514,
        "13": 0.9329505820537211,
        "14": 0.9232676189351908,
        "15": 0.9359634590107814,
        "16": 0.9012426259566327,
        "17": 0.9544323020111081,
        "18": 0.8763411082623883,
        "19": 0.8593200334221417
    },
    "model": "LogisticRegression",
    "params": {
        "max_iter": 5000,
        "random_state": 42,
        "C": 42
    },
    "mode": "training"
}