{
    "0": {
        "precision": 0.5557894736842105,
        "recall": 0.55,
        "f1-score": 0.5528795811518324,
        "support": 480.0
    },
    "1": {
        "precision": 0.5352622061482821,
        "recall": 0.5068493150684932,
        "f1-score": 0.5206684256816183,
        "support": 584.0
    },
    "2": {
        "precision": 0.4830188679245283,
        "recall": 0.43316412859560066,
        "f1-score": 0.4567350579839429,
        "support": 591.0
    },
    "3": {
        "precision": 0.49236641221374045,
        "recall": 0.43728813559322033,
        "f1-score": 0.4631956912028725,
        "support": 590.0
    },
    "4": {
        "precision": 0.5018518518518519,
        "recall": 0.4688581314878893,
        "f1-score": 0.4847942754919499,
        "support": 578.0
    },
    "5": {
        "precision": 0.5394524959742351,
        "recall": 0.5649241146711635,
        "f1-score": 0.5518945634266886,
        "support": 593.0
    },
    "6": {
        "precision": 0.48623853211009177,
        "recall": 0.5435897435897435,
        "f1-score": 0.513317191283293,
        "support": 585.0
    },
    "7": {
        "precision": 0.5448504983388704,
        "recall": 0.5521885521885522,
        "f1-score": 0.5484949832775919,
        "support": 594.0
    },
    "8": {
        "precision": 0.546031746031746,
        "recall": 0.5752508361204013,
        "f1-score": 0.5602605863192183,
        "support": 598.0
    },
    "9": {
        "precision": 0.7397708674304418,
        "recall": 0.7571189279731994,
        "f1-score": 0.7483443708609272,
        "support": 597.0
    },
    "10": {
        "precision": 0.7672131147540984,
        "recall": 0.78,
        "f1-score": 0.7735537190082644,
        "support": 600.0
    },
    "11": {
        "precision": 0.7350993377483444,
        "recall": 0.746218487394958,
        "f1-score": 0.7406171809841534,
        "support": 595.0
    },
    "12": {
        "precision": 0.5027726432532348,
        "recall": 0.4602368866328257,
        "f1-score": 0.48056537102473496,
        "support": 591.0
    },
    "13": {
        "precision": 0.6839622641509434,
        "recall": 0.7323232323232324,
        "f1-score": 0.7073170731707317,
        "support": 594.0
    },
    "14": {
        "precision": 0.593423019431988,
        "recall": 0.6694772344013491,
        "f1-score": 0.6291600633914421,
        "support": 593.0
    },
    "15": {
        "precision": 0.5776119402985075,
        "recall": 0.6460767946577629,
        "f1-score": 0.6099290780141844,
        "support": 599.0
    },
    "16": {
        "precision": 0.6592592592592592,
        "recall": 0.652014652014652,
        "f1-score": 0.6556169429097606,
        "support": 546.0
    },
    "17": {
        "precision": 0.7206611570247934,
        "recall": 0.7730496453900709,
        "f1-score": 0.7459366980325064,
        "support": 564.0
    },
    "18": {
        "precision": 0.5865168539325842,
        "recall": 0.5612903225806452,
        "f1-score": 0.5736263736263736,
        "support": 465.0
    },
    "19": {
        "precision": 0.4251968503937008,
        "recall": 0.2864721485411141,
        "f1-score": 0.34231378763866877,
        "support": 377.0
    },
    "accuracy": 0.5909492663956161,
    "macro avg": {
        "precision": 0.5838174695977727,
        "recall": 0.5848195644612436,
        "f1-score": 0.5829610507240378,
        "support": 11314.0
    },
    "weighted avg": {
        "precision": 0.5868844468896853,
        "recall": 0.5909492663956161,
        "f1-score": 0.5877594198614368,
        "support": 11314.0
    },
    "roc_auc": null,
    "model": "LogisticRegression",
    "params": {
        "max_iter": 1000,
        "random_state": 42,
        "C": 1,
        "tol": 0.0005
    },
    "mode": "training"
}