{
    "0": {
        "precision": 0.3400673400673401,
        "recall": 0.3166144200626959,
        "f1-score": 0.32792207792207795,
        "support": 319.0
    },
    "1": {
        "precision": 0.4256926952141058,
        "recall": 0.43444730077120824,
        "f1-score": 0.4300254452926209,
        "support": 389.0
    },
    "2": {
        "precision": 0.37950138504155123,
        "recall": 0.3477157360406091,
        "f1-score": 0.3629139072847682,
        "support": 394.0
    },
    "3": {
        "precision": 0.4049586776859504,
        "recall": 0.375,
        "f1-score": 0.3894039735099338,
        "support": 392.0
    },
    "4": {
        "precision": 0.4,
        "recall": 0.36883116883116884,
        "f1-score": 0.3837837837837838,
        "support": 385.0
    },
    "5": {
        "precision": 0.4718498659517426,
        "recall": 0.44556962025316454,
        "f1-score": 0.4583333333333333,
        "support": 395.0
    },
    "6": {
        "precision": 0.40898876404494383,
        "recall": 0.4666666666666667,
        "f1-score": 0.4359281437125748,
        "support": 390.0
    },
    "7": {
        "precision": 0.538659793814433,
        "recall": 0.5277777777777778,
        "f1-score": 0.5331632653061225,
        "support": 396.0
    },
    "8": {
        "precision": 0.4900497512437811,
        "recall": 0.4949748743718593,
        "f1-score": 0.4925,
        "support": 398.0
    },
    "9": {
        "precision": 0.6706161137440758,
        "recall": 0.7128463476070529,
        "f1-score": 0.6910866910866911,
        "support": 397.0
    },
    "10": {
        "precision": 0.7520891364902507,
        "recall": 0.6766917293233082,
        "f1-score": 0.712401055408971,
        "support": 399.0
    },
    "11": {
        "precision": 0.6233766233766234,
        "recall": 0.6060606060606061,
        "f1-score": 0.614596670934699,
        "support": 396.0
    },
    "12": {
        "precision": 0.3696808510638298,
        "recall": 0.35368956743002544,
        "f1-score": 0.36150845253576075,
        "support": 393.0
    },
    "13": {
        "precision": 0.6040609137055838,
        "recall": 0.601010101010101,
        "f1-score": 0.6025316455696202,
        "support": 396.0
    },
    "14": {
        "precision": 0.5404814004376368,
        "recall": 0.6269035532994924,
        "f1-score": 0.5804935370152762,
        "support": 394.0
    },
    "15": {
        "precision": 0.45759368836291914,
        "recall": 0.5829145728643216,
        "f1-score": 0.512707182320442,
        "support": 398.0
    },
    "16": {
        "precision": 0.4631578947368421,
        "recall": 0.4835164835164835,
        "f1-score": 0.4731182795698925,
        "support": 364.0
    },
    "17": {
        "precision": 0.6700507614213198,
        "recall": 0.7021276595744681,
        "f1-score": 0.6857142857142857,
        "support": 376.0
    },
    "18": {
        "precision": 0.4064748201438849,
        "recall": 0.36451612903225805,
        "f1-score": 0.3843537414965986,
        "support": 310.0
    },
    "19": {
        "precision": 0.22110552763819097,
        "recall": 0.1752988047808765,
        "f1-score": 0.19555555555555557,
        "support": 251.0
    },
    "accuracy": 0.4920339883165162,
    "macro avg": {
        "precision": 0.48192280020925027,
        "recall": 0.4831586559637072,
        "f1-score": 0.48140205136765035,
        "support": 7532.0
    },
    "weighted avg": {
        "precision": 0.48929260287081444,
        "recall": 0.4920339883165162,
        "f1-score": 0.48953720724833166,
        "support": 7532.0
    },
    "roc_auc": {
        "0": 0.8960023851049156,
        "1": 0.8993161010815773,
        "2": 0.8745695804111263,
        "3": 0.8794932258617733,
        "4": 0.8835598988950046,
        "5": 0.9112044028001696,
        "6": 0.9091649972355657,
        "7": 0.9258288461974,
        "8": 0.9206760604254804,
        "9": 0.9691085382837998,
        "10": 0.9740501541249732,
        "11": 0.9326490804910087,
        "12": 0.8557470397882542,
        "13": 0.9328543280337003,
        "14": 0.9257527098122154,
        "15": 0.9395389478933778,
        "16": 0.9040048260890895,
        "17": 0.9587996384524815,
        "18": 0.875890424420007,
        "19": 0.8605025031039145
    },
    "model": "LogisticRegression",
    "params": {
        "max_iter": 5000,
        "random_state": 42,
        "C": 0.9
    },
    "mode": "training"
}