{
    "0": {
        "precision": 0.5628997867803838,
        "recall": 0.55,
        "f1-score": 0.5563751317175974,
        "support": 480.0
    },
    "1": {
        "precision": 0.5345454545454545,
        "recall": 0.5034246575342466,
        "f1-score": 0.5185185185185185,
        "support": 584.0
    },
    "2": {
        "precision": 0.4822429906542056,
        "recall": 0.4365482233502538,
        "f1-score": 0.458259325044405,
        "support": 591.0
    },
    "3": {
        "precision": 0.48872180451127817,
        "recall": 0.4406779661016949,
        "f1-score": 0.46345811051693403,
        "support": 590.0
    },
    "4": {
        "precision": 0.4981684981684982,
        "recall": 0.47058823529411764,
        "f1-score": 0.48398576512455516,
        "support": 578.0
    },
    "5": {
        "precision": 0.5439739413680782,
        "recall": 0.5632377740303541,
        "f1-score": 0.5534382767191384,
        "support": 593.0
    },
    "6": {
        "precision": 0.48348348348348347,
        "recall": 0.5504273504273505,
        "f1-score": 0.5147881694644284,
        "support": 585.0
    },
    "7": {
        "precision": 0.5391014975041597,
        "recall": 0.5454545454545454,
        "f1-score": 0.5422594142259414,
        "support": 594.0
    },
    "8": {
        "precision": 0.5488,
        "recall": 0.5735785953177257,
        "f1-score": 0.5609157808667212,
        "support": 598.0
    },
    "9": {
        "precision": 0.7426229508196721,
        "recall": 0.7587939698492462,
        "f1-score": 0.7506213753106876,
        "support": 597.0
    },
    "10": {
        "precision": 0.7625201938610663,
        "recall": 0.7866666666666666,
        "f1-score": 0.7744052502050861,
        "support": 600.0
    },
    "11": {
        "precision": 0.7354409317803661,
        "recall": 0.7428571428571429,
        "f1-score": 0.7391304347826086,
        "support": 595.0
    },
    "12": {
        "precision": 0.49907235621521334,
        "recall": 0.45516074450084604,
        "f1-score": 0.4761061946902655,
        "support": 591.0
    },
    "13": {
        "precision": 0.6858475894245724,
        "recall": 0.7424242424242424,
        "f1-score": 0.7130153597413096,
        "support": 594.0
    },
    "14": {
        "precision": 0.6012084592145015,
        "recall": 0.6711635750421585,
        "f1-score": 0.6342629482071713,
        "support": 593.0
    },
    "15": {
        "precision": 0.5772113943028486,
        "recall": 0.6427378964941569,
        "f1-score": 0.608214849921011,
        "support": 599.0
    },
    "16": {
        "precision": 0.664179104477612,
        "recall": 0.652014652014652,
        "f1-score": 0.6580406654343808,
        "support": 546.0
    },
    "17": {
        "precision": 0.7239669421487603,
        "recall": 0.776595744680851,
        "f1-score": 0.7493584260051326,
        "support": 564.0
    },
    "18": {
        "precision": 0.5964125560538116,
        "recall": 0.5720430107526882,
        "f1-score": 0.58397365532382,
        "support": 465.0
    },
    "19": {
        "precision": 0.4274193548387097,
        "recall": 0.28116710875331563,
        "f1-score": 0.3392,
        "support": 377.0
    },
    "accuracy": 0.5919215131695245,
    "macro avg": {
        "precision": 0.5848919645076338,
        "recall": 0.5857781050773128,
        "f1-score": 0.5839163825909857,
        "support": 11314.0
    },
    "weighted avg": {
        "precision": 0.5877644783489109,
        "recall": 0.5919215131695245,
        "f1-score": 0.5886520802690284,
        "support": 11314.0
    },
    "roc_auc": null,
    "model": "LogisticRegression",
    "params": {
        "max_iter": 200,
        "random_state": 42,
        "C": 0.9
    },
    "mode": "training"
}