{
    "0": {
        "precision": 0.5639412997903563,
        "recall": 0.5604166666666667,
        "f1-score": 0.5621734587251829,
        "support": 480.0
    },
    "1": {
        "precision": 0.538878842676311,
        "recall": 0.5102739726027398,
        "f1-score": 0.5241864555848724,
        "support": 584.0
    },
    "2": {
        "precision": 0.48863636363636365,
        "recall": 0.4365482233502538,
        "f1-score": 0.46112600536193027,
        "support": 591.0
    },
    "3": {
        "precision": 0.49904397705544934,
        "recall": 0.4423728813559322,
        "f1-score": 0.46900269541778977,
        "support": 590.0
    },
    "4": {
        "precision": 0.5018315018315018,
        "recall": 0.4740484429065744,
        "f1-score": 0.4875444839857651,
        "support": 578.0
    },
    "5": {
        "precision": 0.5500821018062397,
        "recall": 0.5649241146711635,
        "f1-score": 0.5574043261231281,
        "support": 593.0
    },
    "6": {
        "precision": 0.49390243902439024,
        "recall": 0.5538461538461539,
        "f1-score": 0.5221595487510072,
        "support": 585.0
    },
    "7": {
        "precision": 0.548922056384743,
        "recall": 0.5572390572390572,
        "f1-score": 0.5530492898913951,
        "support": 594.0
    },
    "8": {
        "precision": 0.5573505654281099,
        "recall": 0.5769230769230769,
        "f1-score": 0.5669679539852095,
        "support": 598.0
    },
    "9": {
        "precision": 0.740924092409241,
        "recall": 0.7520938023450586,
        "f1-score": 0.7464671654197839,
        "support": 597.0
    },
    "10": {
        "precision": 0.7641357027463651,
        "recall": 0.7883333333333333,
        "f1-score": 0.7760459392945037,
        "support": 600.0
    },
    "11": {
        "precision": 0.7266775777414075,
        "recall": 0.746218487394958,
        "f1-score": 0.736318407960199,
        "support": 595.0
    },
    "12": {
        "precision": 0.5,
        "recall": 0.4653130287648054,
        "f1-score": 0.4820333041191937,
        "support": 591.0
    },
    "13": {
        "precision": 0.6890625,
        "recall": 0.7424242424242424,
        "f1-score": 0.7147487844408428,
        "support": 594.0
    },
    "14": {
        "precision": 0.5975975975975976,
        "recall": 0.6711635750421585,
        "f1-score": 0.6322478157267672,
        "support": 593.0
    },
    "15": {
        "precision": 0.5804511278195489,
        "recall": 0.6444073455759599,
        "f1-score": 0.6107594936708861,
        "support": 599.0
    },
    "16": {
        "precision": 0.6697936210131332,
        "recall": 0.6538461538461539,
        "f1-score": 0.6617238183503243,
        "support": 546.0
    },
    "17": {
        "precision": 0.7211221122112211,
        "recall": 0.774822695035461,
        "f1-score": 0.747008547008547,
        "support": 564.0
    },
    "18": {
        "precision": 0.5866666666666667,
        "recall": 0.567741935483871,
        "f1-score": 0.5770491803278689,
        "support": 465.0
    },
    "19": {
        "precision": 0.4251968503937008,
        "recall": 0.2864721485411141,
        "f1-score": 0.34231378763866877,
        "support": 377.0
    },
    "accuracy": 0.5945730952801839,
    "macro avg": {
        "precision": 0.5872108498116173,
        "recall": 0.5884714668674367,
        "f1-score": 0.5865165230891933,
        "support": 11314.0
    },
    "weighted avg": {
        "precision": 0.5903073233818235,
        "recall": 0.5945730952801839,
        "f1-score": 0.5913161212540149,
        "support": 11314.0
    },
    "roc_auc": null,
    "model": "LogisticRegression",
    "params": {
        "max_iter": 5000,
        "random_state": 42,
        "C": 42
    },
    "mode": "training"
}