{
    "0": {
        "precision": 0.6537785588752196,
        "recall": 0.5391304347826087,
        "f1-score": 0.5909451945988881,
        "support": 690.0
    },
    "1": {
        "precision": 0.6078914919852034,
        "recall": 0.7144927536231884,
        "f1-score": 0.6568954030646236,
        "support": 690.0
    },
    "accuracy": 0.6268115942028986,
    "macro avg": {
        "precision": 0.6308350254302115,
        "recall": 0.6268115942028986,
        "f1-score": 0.6239202988317558,
        "support": 1380.0
    },
    "weighted avg": {
        "precision": 0.6308350254302115,
        "recall": 0.6268115942028986,
        "f1-score": 0.6239202988317558,
        "support": 1380.0
    },
    "roc_auc": {
        "0": 0.680838059231254,
        "1": 0.680838059231254
    },
    "model": "LogisticRegression",
    "params": {
        "max_iter": 1500,
        "C": 0.7,
        "grid_search": false
    },
    "mode": "training"
}