{
    "processing_time_seconds": 364.5612404346466,
    "memory_usage_mb": 942.86328125,
    "successful_samples": 10098,
    "total_samples": 10098,
    "error_rate": 0.0,
    "samples_per_second": 27.699049926318832,
    "timestamp": "2025-06-03 00:44:52"
}