{
    "processing_time_seconds": 48.019049644470215,
    "memory_usage_mb": 179.5078125,
    "successful_samples": 1380,
    "total_samples": 1380,
    "error_rate": 0.0,
    "samples_per_second": 28.738594583137868,
    "timestamp": "2025-06-03 00:46:06"
}