{
    "0": {
        "precision": 0.7029411764705882,
        "recall": 0.6927536231884058,
        "f1-score": 0.6978102189781021,
        "support": 690.0
    },
    "1": {
        "precision": 0.6971428571428572,
        "recall": 0.7072463768115942,
        "f1-score": 0.702158273381295,
        "support": 690.0
    },
    "accuracy": 0.7,
    "macro avg": {
        "precision": 0.7000420168067227,
        "recall": 0.7,
        "f1-score": 0.6999842461796986,
        "support": 1380.0
    },
    "weighted avg": {
        "precision": 0.7000420168067227,
        "recall": 0.7,
        "f1-score": 0.6999842461796986,
        "support": 1380.0
    },
    "model": "LogisticRegression"
}