{
    "0": {
        "precision": 0.7637362637362637,
        "recall": 0.7489224137931034,
        "f1-score": 0.7562568008705114,
        "support": 928.0
    },
    "1": {
        "precision": 0.7900900900900901,
        "recall": 0.8031135531135531,
        "f1-score": 0.7965485921889192,
        "support": 1092.0
    },
    "accuracy": 0.7782178217821782,
    "macro avg": {
        "precision": 0.776913176913177,
        "recall": 0.7760179834533283,
        "f1-score": 0.7764026965297153,
        "support": 2020.0
    },
    "weighted avg": {
        "precision": 0.7779829857057581,
        "recall": 0.7782178217821782,
        "f1-score": 0.7780383039000666,
        "support": 2020.0
    },
    "roc_auc": null,
    "model": "LogisticRegression",
    "params": {
        "max_iter": 1000,
        "C": 1
    },
    "mode": "training"
}