{
    "0": {
        "precision": 0.9169960474308301,
        "recall": 0.672463768115942,
        "f1-score": 0.7759197324414716,
        "support": 690.0
    },
    "1": {
        "precision": 0.7414187643020596,
        "recall": 0.9391304347826087,
        "f1-score": 0.8286445012787724,
        "support": 690.0
    },
    "accuracy": 0.8057971014492754,
    "macro avg": {
        "precision": 0.8292074058664448,
        "recall": 0.8057971014492753,
        "f1-score": 0.802282116860122,
        "support": 1380.0
    },
    "weighted avg": {
        "precision": 0.8292074058664448,
        "recall": 0.8057971014492754,
        "f1-score": 0.8022821168601221,
        "support": 1380.0
    },
    "roc_auc": {
        "0": 0.8931358958202057,
        "1": 0.8931358958202059
    },
    "model": "LogisticRegression",
    "params": {
        "max_iter": 1500,
        "C": 0.7
    },
    "mode": "training"
}