{
    "0": {
        "precision": 0.8793658088235294,
        "recall": 0.8368685764268533,
        "f1-score": 0.8575910364145658,
        "support": 4573.0
    },
    "1": {
        "precision": 0.8701705534284719,
        "recall": 0.9049773755656109,
        "f1-score": 0.8872327211427558,
        "support": 5525.0
    },
    "accuracy": 0.8741334917805506,
    "macro avg": {
        "precision": 0.8747681811260006,
        "recall": 0.870922975996232,
        "f1-score": 0.8724118787786608,
        "support": 10098.0
    },
    "weighted avg": {
        "precision": 0.8743347347437421,
        "recall": 0.8741334917805506,
        "f1-score": 0.8738091299106293,
        "support": 10098.0
    },
    "roc_auc": null,
    "model": "LogisticRegression",
    "params": {
        "max_iter": 1500,
        "C": 0.7
    },
    "mode": "training"
}