{
    "processing_time_seconds": 1741.972357749939,
    "memory_usage_mb": -1983.578125,
    "successful_samples": 10098,
    "total_samples": 10098,
    "error_rate": 0.0,
    "samples_per_second": 5.796877289742604,
    "timestamp": "2025-06-03 02:13:35"
}