{
    "processing_time_seconds": 270.8588037490845,
    "memory_usage_mb": -719.4375,
    "successful_samples": 1380,
    "total_samples": 1380,
    "error_rate": 0.0,
    "samples_per_second": 5.094905466976775,
    "timestamp": "2025-06-03 02:18:13"
}