{
    "0": {
        "precision": 0.7987711213517665,
        "recall": 0.7536231884057971,
        "f1-score": 0.7755406413124534,
        "support": 690.0
    },
    "1": {
        "precision": 0.766803840877915,
        "recall": 0.8101449275362319,
        "f1-score": 0.7878787878787878,
        "support": 690.0
    },
    "accuracy": 0.7818840579710145,
    "macro avg": {
        "precision": 0.7827874811148408,
        "recall": 0.7818840579710145,
        "f1-score": 0.7817097145956207,
        "support": 1380.0
    },
    "weighted avg": {
        "precision": 0.7827874811148408,
        "recall": 0.7818840579710145,
        "f1-score": 0.7817097145956206,
        "support": 1380.0
    },
    "model": "LogisticRegression"
}