{
    "0": {
        "precision": 0.39689455755367187,
        "recall": 0.28911073922326735,
        "f1-score": 0.3345352564102564,
        "support": 17329.0
    },
    "1": {
        "precision": 0.5336116910229645,
        "recall": 0.6341884398800406,
        "f1-score": 0.5795689808151113,
        "support": 46349.0
    },
    "2": {
        "precision": 0.3444531194548939,
        "recall": 0.222543220066951,
        "f1-score": 0.270392244261199,
        "support": 21807.0
    },
    "3": {
        "precision": 0.5219753173235822,
        "recall": 0.6257719139250111,
        "f1-score": 0.569180189592539,
        "support": 47447.0
    },
    "4": {
        "precision": 0.36820474500280215,
        "recall": 0.17756756756756756,
        "f1-score": 0.23959156384853825,
        "support": 11100.0
    },
    "accuracy": 0.49238363696956233,
    "macro avg": {
        "precision": 0.43302788607158293,
        "recall": 0.3898363761325675,
        "f1-score": 0.3986536469855288,
        "support": 144032.0
    },
    "weighted avg": {
        "precision": 0.4719428931182441,
        "recall": 0.49238363696956233,
        "f1-score": 0.4736545117408136,
        "support": 144032.0
    },
    "roc_auc": null,
    "model": "LogisticRegression",
    "params": {
        "max_iter": 5000,
        "random_state": 42,
        "C": 0.9
    },
    "mode": "training"
}