{
    "0": {
        "precision": 0.4528897523069451,
        "recall": 0.34335159018732453,
        "f1-score": 0.39058614099845546,
        "support": 21727.0
    },
    "1": {
        "precision": 0.5977937104282357,
        "recall": 0.689144651700516,
        "f1-score": 0.6402269921931357,
        "support": 57953.0
    },
    "2": {
        "precision": 0.4135363790186125,
        "recall": 0.31485571260306244,
        "f1-score": 0.35751154577560446,
        "support": 27168.0
    },
    "3": {
        "precision": 0.580044612216884,
        "recall": 0.6834700857580914,
        "f1-score": 0.627524383358213,
        "support": 59353.0
    },
    "4": {
        "precision": 0.41055718475073316,
        "recall": 0.18209408194233687,
        "f1-score": 0.25229013365370173,
        "support": 13839.0
    },
    "accuracy": 0.5500888691401911,
    "macro avg": {
        "precision": 0.49096432774428206,
        "recall": 0.44258322443826625,
        "f1-score": 0.45362783919582206,
        "support": 180040.0
    },
    "weighted avg": {
        "precision": 0.5322590515589443,
        "recall": 0.5500888691401911,
        "f1-score": 0.5334320791200148,
        "support": 180040.0
    },
    "roc_auc": null,
    "model": "LogisticRegression",
    "params": {
        "max_iter": 5000,
        "random_state": 42,
        "C": 0.9
    },
    "mode": "training"
}