{
    "0": {
        "precision": 0.432287954383464,
        "recall": 0.33499033416183377,
        "f1-score": 0.37747004823401276,
        "support": 3621.0
    },
    "1": {
        "precision": 0.6002499553651134,
        "recall": 0.6922680943065994,
        "f1-score": 0.642983504661726,
        "support": 9713.0
    },
    "2": {
        "precision": 0.4063756461803561,
        "recall": 0.30956027127543206,
        "f1-score": 0.3514218303737737,
        "support": 4571.0
    },
    "3": {
        "precision": 0.5750043007053157,
        "recall": 0.6754572092553299,
        "f1-score": 0.621195929935418,
        "support": 9897.0
    },
    "4": {
        "precision": 0.39450441609421,
        "recall": 0.1723103300471496,
        "f1-score": 0.2398568019093079,
        "support": 2333.0
    },
    "accuracy": 0.5455118632818982,
    "macro avg": {
        "precision": 0.48168445454569186,
        "recall": 0.4369172478092689,
        "f1-score": 0.44658562302284766,
        "support": 30135.0
    },
    "weighted avg": {
        "precision": 0.5264404162867953,
        "recall": 0.5455118632818982,
        "f1-score": 0.5284894325368664,
        "support": 30135.0
    },
    "roc_auc": {
        "0": 0.8143008793695189,
        "1": 0.8229182054390042,
        "2": 0.767018692298679,
        "3": 0.8014888787858154,
        "4": 0.8052051949748255
    },
    "model": "LogisticRegression",
    "params": {
        "max_iter": 5000,
        "random_state": 42,
        "C": 0.9
    },
    "mode": "training"
}