{
    "0": {
        "precision": 0.3992977976380466,
        "recall": 0.2844474761255116,
        "f1-score": 0.3322267959102377,
        "support": 4398.0
    },
    "1": {
        "precision": 0.53774470851694,
        "recall": 0.6415029300241296,
        "f1-score": 0.5850591425315361,
        "support": 11604.0
    },
    "2": {
        "precision": 0.33247274813539873,
        "recall": 0.2161910091400858,
        "f1-score": 0.2620097208093139,
        "support": 5361.0
    },
    "3": {
        "precision": 0.5255951127027596,
        "recall": 0.6286746178397447,
        "f1-score": 0.57253222166979,
        "support": 11906.0
    },
    "4": {
        "precision": 0.36168582375478925,
        "recall": 0.17232566630156992,
        "f1-score": 0.2334322453016815,
        "support": 2739.0
    },
    "accuracy": 0.4946400799822262,
    "macro avg": {
        "precision": 0.4313592381495869,
        "recall": 0.3886283398862083,
        "f1-score": 0.39705202524451183,
        "support": 36008.0
    },
    "weighted avg": {
        "precision": 0.47286382463619187,
        "recall": 0.4946400799822262,
        "f1-score": 0.4751925517298857,
        "support": 36008.0
    },
    "roc_auc": null,
    "model": "LogisticRegression",
    "params": {
        "max_iter": 5000,
        "random_state": 42,
        "C": 0.9
    },
    "mode": "training"
}