{
    "0": {
        "precision": 0.5705521472392638,
        "recall": 0.5830721003134797,
        "f1-score": 0.5767441860465117,
        "support": 319.0
    },
    "1": {
        "precision": 0.5807228915662651,
        "recall": 0.6195372750642674,
        "f1-score": 0.599502487562189,
        "support": 389.0
    },
    "2": {
        "precision": 0.6037735849056604,
        "recall": 0.5685279187817259,
        "f1-score": 0.5856209150326798,
        "support": 394.0
    },
    "3": {
        "precision": 0.5321782178217822,
        "recall": 0.548469387755102,
        "f1-score": 0.5402010050251256,
        "support": 392.0
    },
    "4": {
        "precision": 0.6143250688705234,
        "recall": 0.5792207792207792,
        "f1-score": 0.5962566844919787,
        "support": 385.0
    },
    "5": {
        "precision": 0.7284595300261096,
        "recall": 0.7063291139240506,
        "f1-score": 0.7172236503856041,
        "support": 395.0
    },
    "6": {
        "precision": 0.7157622739018088,
        "recall": 0.7102564102564103,
        "f1-score": 0.712998712998713,
        "support": 390.0
    },
    "7": {
        "precision": 0.7354988399071926,
        "recall": 0.8005050505050505,
        "f1-score": 0.7666263603385731,
        "support": 396.0
    },
    "8": {
        "precision": 0.7731958762886598,
        "recall": 0.7537688442211056,
        "f1-score": 0.7633587786259542,
        "support": 398.0
    },
    "9": {
        "precision": 0.8527918781725888,
        "recall": 0.8463476070528967,
        "f1-score": 0.8495575221238938,
        "support": 397.0
    },
    "10": {
        "precision": 0.8916876574307305,
        "recall": 0.8872180451127819,
        "f1-score": 0.8894472361809045,
        "support": 399.0
    },
    "11": {
        "precision": 0.784,
        "recall": 0.7424242424242424,
        "f1-score": 0.7626459143968871,
        "support": 396.0
    },
    "12": {
        "precision": 0.5704225352112676,
        "recall": 0.6183206106870229,
        "f1-score": 0.5934065934065934,
        "support": 393.0
    },
    "13": {
        "precision": 0.8463611859838275,
        "recall": 0.7929292929292929,
        "f1-score": 0.81877444589309,
        "support": 396.0
    },
    "14": {
        "precision": 0.8286445012787724,
        "recall": 0.8223350253807107,
        "f1-score": 0.8254777070063695,
        "support": 394.0
    },
    "15": {
        "precision": 0.7388235294117647,
        "recall": 0.7889447236180904,
        "f1-score": 0.7630619684082625,
        "support": 398.0
    },
    "16": {
        "precision": 0.6029411764705882,
        "recall": 0.6758241758241759,
        "f1-score": 0.6373056994818653,
        "support": 364.0
    },
    "17": {
        "precision": 0.8914956011730205,
        "recall": 0.8085106382978723,
        "f1-score": 0.8479776847977685,
        "support": 376.0
    },
    "18": {
        "precision": 0.556420233463035,
        "recall": 0.4612903225806452,
        "f1-score": 0.5044091710758377,
        "support": 310.0
    },
    "19": {
        "precision": 0.4336917562724014,
        "recall": 0.4820717131474104,
        "f1-score": 0.45660377358490567,
        "support": 251.0
    },
    "accuracy": 0.6976898566117897,
    "macro avg": {
        "precision": 0.692587424269763,
        "recall": 0.6897951638548556,
        "f1-score": 0.6903600248431854,
        "support": 7532.0
    },
    "weighted avg": {
        "precision": 0.7006770868709321,
        "recall": 0.6976898566117897,
        "f1-score": 0.6984013522677045,
        "support": 7532.0
    },
    "roc_auc": {
        "0": 0.9537516509506737,
        "1": 0.9518873889874387,
        "2": 0.9495557486705173,
        "3": 0.953233078945864,
        "4": 0.9539350812892159,
        "5": 0.9731440540737075,
        "6": 0.9776587036598238,
        "7": 0.9808518197671785,
        "8": 0.9865214775869818,
        "9": 0.9924609765956658,
        "10": 0.99541437358994,
        "11": 0.9800042889658921,
        "12": 0.9566909642657416,
        "13": 0.9802764188974951,
        "14": 0.9780715353445419,
        "15": 0.9861555464454316,
        "16": 0.9655853702658949,
        "17": 0.9889699760950489,
        "18": 0.9179143477367542,
        "19": 0.9369126980609357
    },
    "model": "LogisticRegression",
    "params": {
        "max_iter": 200,
        "random_state": 42,
        "C": 0.9
    },
    "mode": "training"
}