{
    "0": {
        "precision": 0.9772727272727273,
        "recall": 0.9854166666666667,
        "f1-score": 0.9813278008298755,
        "support": 480.0
    },
    "1": {
        "precision": 0.9061433447098977,
        "recall": 0.9092465753424658,
        "f1-score": 0.9076923076923077,
        "support": 584.0
    },
    "2": {
        "precision": 0.9126050420168067,
        "recall": 0.9187817258883249,
        "f1-score": 0.9156829679595279,
        "support": 591.0
    },
    "3": {
        "precision": 0.8678260869565217,
        "recall": 0.8457627118644068,
        "f1-score": 0.8566523605150215,
        "support": 590.0
    },
    "4": {
        "precision": 0.9168110918544194,
        "recall": 0.9152249134948097,
        "f1-score": 0.9160173160173161,
        "support": 578.0
    },
    "5": {
        "precision": 0.9529411764705882,
        "recall": 0.9561551433389545,
        "f1-score": 0.9545454545454546,
        "support": 593.0
    },
    "6": {
        "precision": 0.9465776293823038,
        "recall": 0.9692307692307692,
        "f1-score": 0.9577702702702703,
        "support": 585.0
    },
    "7": {
        "precision": 0.9814814814814815,
        "recall": 0.9814814814814815,
        "f1-score": 0.9814814814814815,
        "support": 594.0
    },
    "8": {
        "precision": 0.9817275747508306,
        "recall": 0.9882943143812709,
        "f1-score": 0.985,
        "support": 598.0
    },
    "9": {
        "precision": 1.0,
        "recall": 1.0,
        "f1-score": 1.0,
        "support": 597.0
    },
    "10": {
        "precision": 1.0,
        "recall": 1.0,
        "f1-score": 1.0,
        "support": 600.0
    },
    "11": {
        "precision": 0.9949066213921901,
        "recall": 0.984873949579832,
        "f1-score": 0.9898648648648649,
        "support": 595.0
    },
    "12": {
        "precision": 0.9388794567062818,
        "recall": 0.9357021996615905,
        "f1-score": 0.9372881355932203,
        "support": 591.0
    },
    "13": {
        "precision": 1.0,
        "recall": 1.0,
        "f1-score": 1.0,
        "support": 594.0
    },
    "14": {
        "precision": 0.9949664429530202,
        "recall": 1.0,
        "f1-score": 0.9974768713204374,
        "support": 593.0
    },
    "15": {
        "precision": 0.989983305509182,
        "recall": 0.989983305509182,
        "f1-score": 0.989983305509182,
        "support": 599.0
    },
    "16": {
        "precision": 0.9890510948905109,
        "recall": 0.9926739926739927,
        "f1-score": 0.9908592321755028,
        "support": 546.0
    },
    "17": {
        "precision": 0.9964664310954063,
        "recall": 1.0,
        "f1-score": 0.9982300884955753,
        "support": 564.0
    },
    "18": {
        "precision": 0.9934497816593887,
        "recall": 0.978494623655914,
        "f1-score": 0.9859154929577465,
        "support": 465.0
    },
    "19": {
        "precision": 0.9811320754716981,
        "recall": 0.9655172413793104,
        "f1-score": 0.9732620320855615,
        "support": 377.0
    },
    "accuracy": 0.9655294325614283,
    "macro avg": {
        "precision": 0.9661110682286628,
        "recall": 0.9658419807074484,
        "f1-score": 0.9659524991156673,
        "support": 11314.0
    },
    "weighted avg": {
        "precision": 0.9654595837326945,
        "recall": 0.9655294325614283,
        "f1-score": 0.965471479458574,
        "support": 11314.0
    },
    "roc_auc": null,
    "model": "LogisticRegression",
    "params": {
        "max_iter": 200,
        "random_state": 42,
        "C": 0.9
    },
    "mode": "training"
}