{
    "0": {
        "precision": 0.804635761589404,
        "recall": 0.7617554858934169,
        "f1-score": 0.782608695652174,
        "support": 319.0
    },
    "1": {
        "precision": 0.6157303370786517,
        "recall": 0.7043701799485861,
        "f1-score": 0.657074340527578,
        "support": 389.0
    },
    "2": {
        "precision": 0.7514450867052023,
        "recall": 0.6598984771573604,
        "f1-score": 0.7027027027027027,
        "support": 394.0
    },
    "3": {
        "precision": 0.6233480176211453,
        "recall": 0.7219387755102041,
        "f1-score": 0.6690307328605201,
        "support": 392.0
    },
    "4": {
        "precision": 0.7358024691358025,
        "recall": 0.7740259740259741,
        "f1-score": 0.7544303797468355,
        "support": 385.0
    },
    "5": {
        "precision": 0.7855227882037533,
        "recall": 0.7417721518987341,
        "f1-score": 0.7630208333333334,
        "support": 395.0
    },
    "6": {
        "precision": 0.7889908256880734,
        "recall": 0.882051282051282,
        "f1-score": 0.8329297820823245,
        "support": 390.0
    },
    "7": {
        "precision": 0.8631578947368421,
        "recall": 0.8282828282828283,
        "f1-score": 0.845360824742268,
        "support": 396.0
    },
    "8": {
        "precision": 0.8842364532019704,
        "recall": 0.9020100502512562,
        "f1-score": 0.8930348258706468,
        "support": 398.0
    },
    "9": {
        "precision": 0.8948717948717949,
        "recall": 0.8790931989924433,
        "f1-score": 0.8869123252858958,
        "support": 397.0
    },
    "10": {
        "precision": 0.9381188118811881,
        "recall": 0.949874686716792,
        "f1-score": 0.9439601494396015,
        "support": 399.0
    },
    "11": {
        "precision": 0.935656836461126,
        "recall": 0.8813131313131313,
        "f1-score": 0.9076723016905072,
        "support": 396.0
    },
    "12": {
        "precision": 0.6732186732186732,
        "recall": 0.6972010178117048,
        "f1-score": 0.685,
        "support": 393.0
    },
    "13": {
        "precision": 0.8619718309859155,
        "recall": 0.7727272727272727,
        "f1-score": 0.8149134487350199,
        "support": 396.0
    },
    "14": {
        "precision": 0.9097938144329897,
        "recall": 0.8959390862944162,
        "f1-score": 0.9028132992327366,
        "support": 394.0
    },
    "15": {
        "precision": 0.7430406852248393,
        "recall": 0.871859296482412,
        "f1-score": 0.8023121387283237,
        "support": 398.0
    },
    "16": {
        "precision": 0.7639902676399026,
        "recall": 0.8626373626373627,
        "f1-score": 0.8103225806451613,
        "support": 364.0
    },
    "17": {
        "precision": 0.9544072948328267,
        "recall": 0.8351063829787234,
        "f1-score": 0.8907801418439716,
        "support": 376.0
    },
    "18": {
        "precision": 0.7883817427385892,
        "recall": 0.6129032258064516,
        "f1-score": 0.6896551724137931,
        "support": 310.0
    },
    "19": {
        "precision": 0.6954545454545454,
        "recall": 0.6095617529880478,
        "f1-score": 0.6496815286624203,
        "support": 251.0
    },
    "accuracy": 0.7979288369622942,
    "macro avg": {
        "precision": 0.8005887965851619,
        "recall": 0.79221608098842,
        "f1-score": 0.7942108102097907,
        "support": 7532.0
    },
    "weighted avg": {
        "precision": 0.8029386074398714,
        "recall": 0.7979288369622942,
        "f1-score": 0.798345344274551,
        "support": 7532.0
    },
    "roc_auc": {
        "0": 0.970689024997099,
        "1": 0.96189412972666,
        "2": 0.9666007910760027,
        "3": 0.9664890956382554,
        "4": 0.9780283799032924,
        "5": 0.9712164987948345,
        "6": 0.9916557166347141,
        "7": 0.9885213542374417,
        "8": 0.9940982597315142,
        "9": 0.9949773970511139,
        "10": 0.9989508328510889,
        "11": 0.9947421241563618,
        "12": 0.9708909986965482,
        "13": 0.9849334148661504,
        "14": 0.9931278650192791,
        "15": 0.9868712077347771,
        "16": 0.9870107222576531,
        "17": 0.9944251513385584,
        "18": 0.9386056047382103,
        "19": 0.9427112317109806
    },
    "model": "LogisticRegression",
    "params": {
        "max_iter": 4000,
        "random_state": 42,
        "C": 0.9,
        "grid_search": false,
        "tol": 1e-05,
        "normalize": true
    },
    "mode": "training"
}