{
    "training_time_seconds": 11.625576496124268,
    "memory_usage_mb": 354.1015625,
    "documents_per_second": 973.1990498511501,
    "model_parameters": {
        "max_features": 20000,
        "ngram_range": [
            1,
            3
        ]
    },
    "dataset_stats": {
        "num_documents": 11314
    },
    "timestamp": "2025-05-24 10:52:36"
}