{
    "processing_time_seconds": 1.9339683055877686,
    "memory_usage_mb": 35.77734375,
    "successful_samples": 7532,
    "total_samples": 7532,
    "error_rate": 0.0,
    "samples_per_second": 3894.5829558002433,
    "timestamp": "2025-05-24 10:52:40"
}