{
    "0": {
        "precision": 0.7106598984771574,
        "recall": 0.7427055702917772,
        "f1-score": 0.7263294422827496,
        "support": 754.0
    },
    "1": {
        "precision": 0.5103896103896104,
        "recall": 0.6055469953775039,
        "f1-score": 0.5539112050739958,
        "support": 649.0
    },
    "2": {
        "precision": 0.6375545851528385,
        "recall": 0.7411167512690355,
        "f1-score": 0.6854460093896714,
        "support": 394.0
    },
    "3": {
        "precision": 1.0,
        "recall": 0.29545454545454547,
        "f1-score": 0.45614035087719296,
        "support": 44.0
    },
    "4": {
        "precision": 0.6842105263157895,
        "recall": 0.5,
        "f1-score": 0.5777777777777777,
        "support": 156.0
    },
    "5": {
        "precision": 0.5597826086956522,
        "recall": 0.5754189944134078,
        "f1-score": 0.5674931129476584,
        "support": 358.0
    },
    "6": {
        "precision": 0.6568791946308725,
        "recall": 0.7073170731707317,
        "f1-score": 0.6811657242279252,
        "support": 1107.0
    },
    "7": {
        "precision": 0.6689478186484175,
        "recall": 0.7555555555555555,
        "f1-score": 0.7096188747731398,
        "support": 1035.0
    },
    "8": {
        "precision": 0.21875,
        "recall": 0.055666003976143144,
        "f1-score": 0.08874801901743265,
        "support": 503.0
    },
    "accuracy": 0.627,
    "macro avg": {
        "precision": 0.6274638047011486,
        "recall": 0.5531979432787445,
        "f1-score": 0.5607367240408382,
        "support": 5000.0
    },
    "weighted avg": {
        "precision": 0.5997946907841293,
        "recall": 0.627,
        "f1-score": 0.604743757631444,
        "support": 5000.0
    },
    "roc_auc": {
        "0": 0.9441671424876713,
        "1": 0.8878995990861956,
        "2": 0.9696445378021605,
        "3": 0.9640839386602099,
        "4": 0.9668622562408689,
        "5": 0.9339194721982194,
        "6": 0.9109758766052427,
        "7": 0.9266916436695484,
        "8": 0.6896853258921012
    },
    "model": "LogisticRegression",
    "params": {
        "max_iter": 1500,
        "random_state": 42,
        "penalty": "l2",
        "solver": "lbfgs",
        "C": 0.7
    },
    "mode": "training"
}