{
    "0": {
        "precision": 0.7103521313211544,
        "recall": 0.7423907028223575,
        "f1-score": 0.7260181301583006,
        "support": 3614.0
    },
    "1": {
        "precision": 0.5394769613947696,
        "recall": 0.645218945487042,
        "f1-score": 0.5876288659793815,
        "support": 3357.0
    },
    "2": {
        "precision": 0.6474730737365368,
        "recall": 0.7446403049070986,
        "f1-score": 0.6926656326168845,
        "support": 2099.0
    },
    "3": {
        "precision": 0.7123287671232876,
        "recall": 0.2549019607843137,
        "f1-score": 0.37545126353790614,
        "support": 204.0
    },
    "4": {
        "precision": 0.6511156186612576,
        "recall": 0.4553191489361702,
        "f1-score": 0.5358931552587646,
        "support": 705.0
    },
    "5": {
        "precision": 0.5793064241046049,
        "recall": 0.5890173410404624,
        "f1-score": 0.584121524792204,
        "support": 1730.0
    },
    "6": {
        "precision": 0.6526798885428619,
        "recall": 0.7363165680473372,
        "f1-score": 0.691980189416978,
        "support": 5408.0
    },
    "7": {
        "precision": 0.6983210912906611,
        "recall": 0.7504228528472092,
        "f1-score": 0.7234350937584926,
        "support": 5321.0
    },
    "8": {
        "precision": 0.32461538461538464,
        "recall": 0.0823575331772053,
        "f1-score": 0.13138231631382316,
        "support": 2562.0
    },
    "accuracy": 0.6396,
    "macro avg": {
        "precision": 0.6128521489767242,
        "recall": 0.5556205953387996,
        "f1-score": 0.5609529079814151,
        "support": 25000.0
    },
    "weighted avg": {
        "precision": 0.6168383366600884,
        "recall": 0.6396,
        "f1-score": 0.6177424100443748,
        "support": 25000.0
    },
    "roc_auc": null,
    "model": "LogisticRegression",
    "params": {
        "max_iter": 1500,
        "random_state": 42,
        "penalty": "l2",
        "solver": "lbfgs",
        "C": 0.7
    },
    "mode": "training"
}