{
    "0": {
        "precision": 0.8805044308111792,
        "recall": 0.8611333333333333,
        "f1-score": 0.870711156049882,
        "support": 30000.0
    },
    "1": {
        "precision": 0.9172792921735736,
        "recall": 0.9399666666666666,
        "f1-score": 0.9284844094695598,
        "support": 30000.0
    },
    "2": {
        "precision": 0.8081451265214075,
        "recall": 0.8122666666666667,
        "f1-score": 0.8102006549964258,
        "support": 30000.0
    },
    "3": {
        "precision": 0.8290609776583235,
        "recall": 0.8225666666666667,
        "f1-score": 0.8258010541286707,
        "support": 30000.0
    },
    "accuracy": 0.8589833333333333,
    "macro avg": {
        "precision": 0.8587474567911209,
        "recall": 0.8589833333333334,
        "f1-score": 0.8587993186611346,
        "support": 120000.0
    },
    "weighted avg": {
        "precision": 0.858747456791121,
        "recall": 0.8589833333333333,
        "f1-score": 0.8587993186611345,
        "support": 120000.0
    },
    "roc_auc": null,
    "model": "LogisticRegression",
    "params": {
        "max_iter": 200,
        "random_state": 42,
        "C": 0.9
    },
    "mode": "training"
}