{
    "0": {
        "precision": 0.8697723663313923,
        "recall": 0.8647368421052631,
        "f1-score": 0.867247294800739,
        "support": 1900.0
    },
    "1": {
        "precision": 0.918724279835391,
        "recall": 0.94,
        "f1-score": 0.9292403746097815,
        "support": 1900.0
    },
    "2": {
        "precision": 0.806998939554613,
        "recall": 0.8010526315789473,
        "f1-score": 0.8040147913365029,
        "support": 1900.0
    },
    "3": {
        "precision": 0.835725677830941,
        "recall": 0.8273684210526315,
        "f1-score": 0.8315260513091774,
        "support": 1900.0
    },
    "accuracy": 0.8582894736842105,
    "macro avg": {
        "precision": 0.8578053158880843,
        "recall": 0.8582894736842104,
        "f1-score": 0.8580071280140502,
        "support": 7600.0
    },
    "weighted avg": {
        "precision": 0.8578053158880843,
        "recall": 0.8582894736842105,
        "f1-score": 0.8580071280140502,
        "support": 7600.0
    },
    "roc_auc": {
        "0": 0.9626803324099723,
        "1": 0.9886470914127423,
        "2": 0.9479574330563252,
        "3": 0.9622274238227148
    },
    "model": "LogisticRegression",
    "params": {
        "max_iter": 200,
        "random_state": 42,
        "C": 0.9
    },
    "mode": "training"
}