{
    "0": {
        "precision": 0.9692962796952039,
        "recall": 0.9457686420293024,
        "f1-score": 0.957387935805202,
        "support": 4573.0
    },
    "1": {
        "precision": 0.9559971611071683,
        "recall": 0.9752036199095022,
        "f1-score": 0.9655048830749933,
        "support": 5525.0
    },
    "accuracy": 0.9618736383442266,
    "macro avg": {
        "precision": 0.9626467204011862,
        "recall": 0.9604861309694024,
        "f1-score": 0.9614464094400976,
        "support": 10098.0
    },
    "weighted avg": {
        "precision": 0.9620198259222889,
        "recall": 0.9618736383442266,
        "f1-score": 0.9618290264831182,
        "support": 10098.0
    },
    "roc_auc": null,
    "model": "XGBClassifier",
    "params": {
        "learning_rate": 0.1,
        "max_depth": 3,
        "n_estimators": 500,
        "num_class": 2,
        "eval_metric": "mlogloss",
        "objective": "multi:softmax"
    },
    "mode": "training"
}