{
    "0": {
        "precision": 0.793205317577548,
        "recall": 0.7782608695652173,
        "f1-score": 0.7856620336503292,
        "support": 690.0
    },
    "1": {
        "precision": 0.7823613086770982,
        "recall": 0.7971014492753623,
        "f1-score": 0.7896625987078248,
        "support": 690.0
    },
    "accuracy": 0.7876811594202898,
    "macro avg": {
        "precision": 0.7877833131273231,
        "recall": 0.7876811594202898,
        "f1-score": 0.787662316179077,
        "support": 1380.0
    },
    "weighted avg": {
        "precision": 0.7877833131273231,
        "recall": 0.7876811594202898,
        "f1-score": 0.787662316179077,
        "support": 1380.0
    },
    "roc_auc": {
        "0": 0.8724091577399706,
        "1": 0.8724091577399707
    },
    "model": "XGBClassifier",
    "params": {
        "learning_rate": 0.1,
        "max_depth": 3,
        "n_estimators": 500,
        "num_class": 2,
        "eval_metric": "mlogloss",
        "objective": "multi:softmax"
    },
    "mode": "training"
}