{
    "0": {
        "precision": 0.6396761133603239,
        "recall": 0.4952978056426332,
        "f1-score": 0.558303886925795,
        "support": 319.0
    },
    "1": {
        "precision": 0.6481481481481481,
        "recall": 0.6298200514138818,
        "f1-score": 0.6388526727509778,
        "support": 389.0
    },
    "2": {
        "precision": 0.5630841121495327,
        "recall": 0.6116751269035533,
        "f1-score": 0.5863746958637469,
        "support": 394.0
    },
    "3": {
        "precision": 0.5710455764075067,
        "recall": 0.5433673469387755,
        "f1-score": 0.5568627450980392,
        "support": 392.0
    },
    "4": {
        "precision": 0.6309859154929578,
        "recall": 0.5818181818181818,
        "f1-score": 0.6054054054054054,
        "support": 385.0
    },
    "5": {
        "precision": 0.6683291770573566,
        "recall": 0.6784810126582278,
        "f1-score": 0.6733668341708543,
        "support": 395.0
    },
    "6": {
        "precision": 0.5791505791505791,
        "recall": 0.7692307692307693,
        "f1-score": 0.6607929515418502,
        "support": 390.0
    },
    "7": {
        "precision": 0.7948717948717948,
        "recall": 0.7828282828282829,
        "f1-score": 0.7888040712468194,
        "support": 396.0
    },
    "8": {
        "precision": 0.7762803234501348,
        "recall": 0.7236180904522613,
        "f1-score": 0.7490247074122237,
        "support": 398.0
    },
    "9": {
        "precision": 0.875,
        "recall": 0.8639798488664987,
        "f1-score": 0.8694550063371356,
        "support": 397.0
    },
    "10": {
        "precision": 0.9270833333333334,
        "recall": 0.8922305764411027,
        "f1-score": 0.909323116219668,
        "support": 399.0
    },
    "11": {
        "precision": 0.7774936061381074,
        "recall": 0.7676767676767676,
        "f1-score": 0.772554002541296,
        "support": 396.0
    },
    "12": {
        "precision": 0.5751295336787565,
        "recall": 0.5648854961832062,
        "f1-score": 0.5699614890885751,
        "support": 393.0
    },
    "13": {
        "precision": 0.8488063660477454,
        "recall": 0.8080808080808081,
        "f1-score": 0.8279430789133247,
        "support": 396.0
    },
    "14": {
        "precision": 0.7654028436018957,
        "recall": 0.8197969543147208,
        "f1-score": 0.7916666666666666,
        "support": 394.0
    },
    "15": {
        "precision": 0.5750421585160203,
        "recall": 0.8567839195979899,
        "f1-score": 0.6881937436932392,
        "support": 398.0
    },
    "16": {
        "precision": 0.5908045977011495,
        "recall": 0.7060439560439561,
        "f1-score": 0.6433041301627034,
        "support": 364.0
    },
    "17": {
        "precision": 0.8205128205128205,
        "recall": 0.851063829787234,
        "f1-score": 0.835509138381201,
        "support": 376.0
    },
    "18": {
        "precision": 0.5819672131147541,
        "recall": 0.45806451612903226,
        "f1-score": 0.5126353790613718,
        "support": 310.0
    },
    "19": {
        "precision": 0.5263157894736842,
        "recall": 0.11952191235059761,
        "f1-score": 0.19480519480519481,
        "support": 251.0
    },
    "accuracy": 0.6910515135422198,
    "macro avg": {
        "precision": 0.6867565001103302,
        "recall": 0.676213262667924,
        "f1-score": 0.6716569458143045,
        "support": 7532.0
    },
    "weighted avg": {
        "precision": 0.6920136327925074,
        "recall": 0.6910515135422198,
        "f1-score": 0.6838705776884617,
        "support": 7532.0
    },
    "roc_auc": {
        "0": 0.9534365632932875,
        "1": 0.9497122139819414,
        "2": 0.9492417788258453,
        "3": 0.9471331389698736,
        "4": 0.9508888481044631,
        "5": 0.9702548494829051,
        "6": 0.98129375525063,
        "7": 0.9754187757621054,
        "8": 0.980878248827541,
        "9": 0.9911360430982897,
        "10": 0.9945134812356842,
        "11": 0.9731012479050597,
        "12": 0.9233280118846874,
        "13": 0.9838873601485709,
        "14": 0.9775733793395752,
        "15": 0.977658477416519,
        "16": 0.9605687978316327,
        "17": 0.9821415297979377,
        "18": 0.9357943023557052,
        "19": 0.9251027752744002
    },
    "model": "LogisticRegression",
    "params": {
        "max_iter": 200,
        "random_state": 42,
        "C": 0.9
    },
    "mode": "training"
}