{
    "0": {
        "precision": 0.7534562211981567,
        "recall": 0.68125,
        "f1-score": 0.7155361050328227,
        "support": 480.0
    },
    "1": {
        "precision": 0.7075812274368231,
        "recall": 0.6712328767123288,
        "f1-score": 0.6889279437609842,
        "support": 584.0
    },
    "2": {
        "precision": 0.6858108108108109,
        "recall": 0.6869712351945855,
        "f1-score": 0.6863905325443787,
        "support": 591.0
    },
    "3": {
        "precision": 0.6447368421052632,
        "recall": 0.5813559322033899,
        "f1-score": 0.6114081996434938,
        "support": 590.0
    },
    "4": {
        "precision": 0.6846689895470384,
        "recall": 0.6799307958477508,
        "f1-score": 0.6822916666666666,
        "support": 578.0
    },
    "5": {
        "precision": 0.7158555729984302,
        "recall": 0.7689713322091062,
        "f1-score": 0.7414634146341463,
        "support": 593.0
    },
    "6": {
        "precision": 0.6390374331550802,
        "recall": 0.8170940170940171,
        "f1-score": 0.7171792948237059,
        "support": 585.0
    },
    "7": {
        "precision": 0.7863105175292153,
        "recall": 0.7929292929292929,
        "f1-score": 0.7896060352053647,
        "support": 594.0
    },
    "8": {
        "precision": 0.8333333333333334,
        "recall": 0.802675585284281,
        "f1-score": 0.817717206132879,
        "support": 598.0
    },
    "9": {
        "precision": 0.8830313014827018,
        "recall": 0.897822445561139,
        "f1-score": 0.8903654485049833,
        "support": 597.0
    },
    "10": {
        "precision": 0.9319727891156463,
        "recall": 0.9133333333333333,
        "f1-score": 0.9225589225589226,
        "support": 600.0
    },
    "11": {
        "precision": 0.8618968386023295,
        "recall": 0.8705882352941177,
        "f1-score": 0.8662207357859532,
        "support": 595.0
    },
    "12": {
        "precision": 0.7240143369175627,
        "recall": 0.6835871404399323,
        "f1-score": 0.7032201914708442,
        "support": 591.0
    },
    "13": {
        "precision": 0.9055649241146712,
        "recall": 0.9040404040404041,
        "f1-score": 0.9048020219039595,
        "support": 594.0
    },
    "14": {
        "precision": 0.8409090909090909,
        "recall": 0.8735244519392917,
        "f1-score": 0.8569065343258891,
        "support": 593.0
    },
    "15": {
        "precision": 0.6735483870967742,
        "recall": 0.8714524207011686,
        "f1-score": 0.759825327510917,
        "support": 599.0
    },
    "16": {
        "precision": 0.7787456445993032,
        "recall": 0.8186813186813187,
        "f1-score": 0.7982142857142858,
        "support": 546.0
    },
    "17": {
        "precision": 0.864406779661017,
        "recall": 0.9042553191489362,
        "f1-score": 0.8838821490467937,
        "support": 564.0
    },
    "18": {
        "precision": 0.7627494456762749,
        "recall": 0.7397849462365591,
        "f1-score": 0.7510917030567685,
        "support": 465.0
    },
    "19": {
        "precision": 0.8434782608695652,
        "recall": 0.2572944297082228,
        "f1-score": 0.3943089430894309,
        "support": 377.0
    },
    "accuracy": 0.7713452359908078,
    "macro avg": {
        "precision": 0.7760554373579545,
        "recall": 0.7608387756279589,
        "f1-score": 0.7590958330706595,
        "support": 11314.0
    },
    "weighted avg": {
        "precision": 0.7753721047754912,
        "recall": 0.7713452359908078,
        "f1-score": 0.7665609008110964,
        "support": 11314.0
    },
    "roc_auc": null,
    "model": "LogisticRegression",
    "params": {
        "max_iter": 200,
        "random_state": 42,
        "C": 0.9
    },
    "mode": "training"
}