{
    "0": {
        "precision": 0.650820961557369,
        "recall": 0.6093340083766742,
        "f1-score": 0.6293945660700279,
        "support": 21727.0
    },
    "1": {
        "precision": 0.8619837264393861,
        "recall": 0.866460752678895,
        "f1-score": 0.8642164413503489,
        "support": 57953.0
    },
    "2": {
        "precision": 0.6885442394304809,
        "recall": 0.6977694346289752,
        "f1-score": 0.693126142595978,
        "support": 27168.0
    },
    "3": {
        "precision": 0.857319640647349,
        "recall": 0.898775125098984,
        "f1-score": 0.8775580706718431,
        "support": 59353.0
    },
    "4": {
        "precision": 0.6346992899307041,
        "recall": 0.536093648384999,
        "f1-score": 0.5812441240990285,
        "support": 13839.0
    },
    "accuracy": 0.7952343923572539,
    "macro avg": {
        "precision": 0.7386735716010578,
        "recall": 0.7216865938337055,
        "f1-score": 0.7291078689574453,
        "support": 180040.0
    },
    "weighted avg": {
        "precision": 0.7913207949991065,
        "recall": 0.7952343923572539,
        "f1-score": 0.7927081971040887,
        "support": 180040.0
    },
    "roc_auc": null,
    "model": "LogisticRegression",
    "params": {
        "max_iter": 200,
        "random_state": 42,
        "C": 0.9
    },
    "mode": "training"
}