{
    "0": {
        "precision": 0.6222606689734718,
        "recall": 0.5959679646506489,
        "f1-score": 0.6088305825927494,
        "support": 3621.0
    },
    "1": {
        "precision": 0.8608551609897505,
        "recall": 0.8560691856275096,
        "f1-score": 0.8584555027875284,
        "support": 9713.0
    },
    "2": {
        "precision": 0.6852300242130751,
        "recall": 0.6810325968059505,
        "f1-score": 0.6831248628483652,
        "support": 4571.0
    },
    "3": {
        "precision": 0.8446980504041846,
        "recall": 0.897443669798929,
        "f1-score": 0.8702723887909073,
        "support": 9897.0
    },
    "4": {
        "precision": 0.6087179487179487,
        "recall": 0.508786969567081,
        "f1-score": 0.5542843801074013,
        "support": 2333.0
    },
    "accuracy": 0.7849676455948233,
    "macro avg": {
        "precision": 0.724352370659686,
        "recall": 0.7078600772900239,
        "f1-score": 0.7149935434253903,
        "support": 30135.0
    },
    "weighted avg": {
        "precision": 0.7807198964968822,
        "recall": 0.7849676455948233,
        "f1-score": 0.7821984030820529,
        "support": 30135.0
    },
    "roc_auc": {
        "0": 0.9316330555395671,
        "1": 0.957903637853663,
        "2": 0.9335955124968759,
        "3": 0.9632743895186935,
        "4": 0.9336827245064935
    },
    "model": "LogisticRegression",
    "params": {
        "max_iter": 200,
        "random_state": 42,
        "C": 0.9
    },
    "mode": "training"
}