{
    "0": {
        "precision": 0.6048522699975979,
        "recall": 0.5725329695316053,
        "f1-score": 0.5882490363275318,
        "support": 4398.0
    },
    "1": {
        "precision": 0.8171486727164786,
        "recall": 0.8303171320234402,
        "f1-score": 0.8236802735627271,
        "support": 11604.0
    },
    "2": {
        "precision": 0.5881481481481482,
        "recall": 0.5924267860473792,
        "f1-score": 0.5902797137812471,
        "support": 5361.0
    },
    "3": {
        "precision": 0.8181891935745579,
        "recall": 0.8470519066017134,
        "f1-score": 0.8323704192802905,
        "support": 11906.0
    },
    "4": {
        "precision": 0.5601374570446735,
        "recall": 0.4760861628331508,
        "f1-score": 0.5147029800671008,
        "support": 2739.0
    },
    "accuracy": 0.7420017773828038,
    "macro avg": {
        "precision": 0.6776951482962913,
        "recall": 0.6636829914074578,
        "f1-score": 0.6698564846037796,
        "support": 36008.0
    },
    "weighted avg": {
        "precision": 0.7379185941295746,
        "recall": 0.7420017773828038,
        "f1-score": 0.7395458891392626,
        "support": 36008.0
    },
    "roc_auc": null,
    "model": "LogisticRegression",
    "params": {
        "max_iter": 5000,
        "random_state": 42,
        "C": 0.9
    },
    "mode": "training"
}