{
    "0": {
        "precision": 0.6096963761018609,
        "recall": 0.5747590743839807,
        "f1-score": 0.5917124610129214,
        "support": 17329.0
    },
    "1": {
        "precision": 0.8234705393837439,
        "recall": 0.8343437830373902,
        "f1-score": 0.8288715035901832,
        "support": 46349.0
    },
    "2": {
        "precision": 0.616816020482809,
        "recall": 0.6186545604622369,
        "f1-score": 0.6177339224799102,
        "support": 21807.0
    },
    "3": {
        "precision": 0.8177710539586485,
        "recall": 0.8544481210613948,
        "f1-score": 0.8357073653398198,
        "support": 47447.0
    },
    "4": {
        "precision": 0.5972222222222222,
        "recall": 0.49972972972972973,
        "f1-score": 0.5441436138905238,
        "support": 11100.0
    },
    "accuracy": 0.7512913796934014,
    "macro avg": {
        "precision": 0.692995242429857,
        "recall": 0.6763870537349466,
        "f1-score": 0.6836337732626717,
        "support": 144032.0
    },
    "weighted avg": {
        "precision": 0.747148698580021,
        "recall": 0.7512913796934014,
        "f1-score": 0.7486799855711019,
        "support": 144032.0
    },
    "roc_auc": null,
    "model": "LogisticRegression",
    "params": {
        "max_iter": 5000,
        "random_state": 42,
        "C": 0.9
    },
    "mode": "training"
}