{
    "0": {
        "precision": 0.5586592178770949,
        "recall": 0.6,
        "f1-score": 0.5785920925747348,
        "support": 500.0
    },
    "1": {
        "precision": 0.41416309012875535,
        "recall": 0.386,
        "f1-score": 0.3995859213250518,
        "support": 500.0
    },
    "2": {
        "precision": 0.5551537070524413,
        "recall": 0.614,
        "f1-score": 0.5830959164292497,
        "support": 500.0
    },
    "3": {
        "precision": 0.5602968460111317,
        "recall": 0.604,
        "f1-score": 0.5813282001924928,
        "support": 500.0
    },
    "4": {
        "precision": 0.76,
        "recall": 0.76,
        "f1-score": 0.76,
        "support": 500.0
    },
    "5": {
        "precision": 0.2054263565891473,
        "recall": 0.106,
        "f1-score": 0.13984168865435356,
        "support": 500.0
    },
    "6": {
        "precision": 0.5594989561586639,
        "recall": 0.536,
        "f1-score": 0.5474974463738509,
        "support": 500.0
    },
    "7": {
        "precision": 0.6362098138747885,
        "recall": 0.752,
        "f1-score": 0.689275893675527,
        "support": 500.0
    },
    "8": {
        "precision": 0.6117850953206239,
        "recall": 0.706,
        "f1-score": 0.6555246053853296,
        "support": 500.0
    },
    "accuracy": 0.5626666666666666,
    "macro avg": {
        "precision": 0.5401325647791829,
        "recall": 0.5626666666666666,
        "f1-score": 0.5483046405122877,
        "support": 4500.0
    },
    "weighted avg": {
        "precision": 0.5401325647791828,
        "recall": 0.5626666666666666,
        "f1-score": 0.5483046405122879,
        "support": 4500.0
    },
    "model": "LogisticRegression"
}