{
    "0": {
        "precision": 0.5872727272727273,
        "recall": 0.6396039603960396,
        "f1-score": 0.6123222748815166,
        "support": 505.0
    },
    "1": {
        "precision": 0.39278131634819535,
        "recall": 0.3862212943632568,
        "f1-score": 0.3894736842105263,
        "support": 479.0
    },
    "2": {
        "precision": 0.5309278350515464,
        "recall": 0.6410788381742739,
        "f1-score": 0.5808270676691729,
        "support": 482.0
    },
    "3": {
        "precision": 0.5623869801084991,
        "recall": 0.591254752851711,
        "f1-score": 0.5764596848934198,
        "support": 526.0
    },
    "4": {
        "precision": 0.779874213836478,
        "recall": 0.7515151515151515,
        "f1-score": 0.7654320987654321,
        "support": 495.0
    },
    "5": {
        "precision": 0.205761316872428,
        "recall": 0.09823182711198428,
        "f1-score": 0.13297872340425532,
        "support": 509.0
    },
    "6": {
        "precision": 0.5681341719077568,
        "recall": 0.5334645669291339,
        "f1-score": 0.550253807106599,
        "support": 508.0
    },
    "7": {
        "precision": 0.6233552631578947,
        "recall": 0.7302504816955684,
        "f1-score": 0.6725820763087844,
        "support": 519.0
    },
    "8": {
        "precision": 0.6029684601113172,
        "recall": 0.6813417190775681,
        "f1-score": 0.639763779527559,
        "support": 477.0
    },
    "accuracy": 0.5611111111111111,
    "macro avg": {
        "precision": 0.5392735871852048,
        "recall": 0.5614402880127431,
        "f1-score": 0.5466770218630295,
        "support": 4500.0
    },
    "weighted avg": {
        "precision": 0.5393238863008306,
        "recall": 0.5611111111111111,
        "f1-score": 0.5465107773273777,
        "support": 4500.0
    },
    "roc_auc": null,
    "model": "LogisticRegression",
    "params": {
        "max_iter": 1000,
        "C": 100,
        "grid_search": false
    },
    "mode": "training"
}