{
    "0": {
        "precision": 0.941544885177453,
        "recall": 0.9395833333333333,
        "f1-score": 0.940563086548488,
        "support": 480.0
    },
    "1": {
        "precision": 0.905940594059406,
        "recall": 0.940068493150685,
        "f1-score": 0.9226890756302522,
        "support": 584.0
    },
    "2": {
        "precision": 0.9208754208754208,
        "recall": 0.9255499153976311,
        "f1-score": 0.9232067510548523,
        "support": 591.0
    },
    "3": {
        "precision": 0.9008695652173913,
        "recall": 0.8779661016949153,
        "f1-score": 0.8892703862660944,
        "support": 590.0
    },
    "4": {
        "precision": 0.9363957597173145,
        "recall": 0.916955017301038,
        "f1-score": 0.9265734265734266,
        "support": 578.0
    },
    "5": {
        "precision": 0.9451827242524917,
        "recall": 0.9595278246205734,
        "f1-score": 0.9523012552301255,
        "support": 593.0
    },
    "6": {
        "precision": 0.8978583196046128,
        "recall": 0.9316239316239316,
        "f1-score": 0.9144295302013423,
        "support": 585.0
    },
    "7": {
        "precision": 0.9488054607508533,
        "recall": 0.936026936026936,
        "f1-score": 0.9423728813559322,
        "support": 594.0
    },
    "8": {
        "precision": 0.9710884353741497,
        "recall": 0.9548494983277592,
        "f1-score": 0.9629005059021922,
        "support": 598.0
    },
    "9": {
        "precision": 0.9735537190082645,
        "recall": 0.9865996649916248,
        "f1-score": 0.9800332778702163,
        "support": 597.0
    },
    "10": {
        "precision": 0.9850249584026622,
        "recall": 0.9866666666666667,
        "f1-score": 0.9858451290591174,
        "support": 600.0
    },
    "11": {
        "precision": 0.9812925170068028,
        "recall": 0.9697478991596639,
        "f1-score": 0.9754860524091293,
        "support": 595.0
    },
    "12": {
        "precision": 0.9176672384219554,
        "recall": 0.9052453468697124,
        "f1-score": 0.9114139693356048,
        "support": 591.0
    },
    "13": {
        "precision": 0.9573070607553367,
        "recall": 0.9814814814814815,
        "f1-score": 0.969243557772236,
        "support": 594.0
    },
    "14": {
        "precision": 0.9696969696969697,
        "recall": 0.9713322091062394,
        "f1-score": 0.970513900589722,
        "support": 593.0
    },
    "15": {
        "precision": 0.9220985691573926,
        "recall": 0.9682804674457429,
        "f1-score": 0.9446254071661238,
        "support": 599.0
    },
    "16": {
        "precision": 0.9449378330373002,
        "recall": 0.9743589743589743,
        "f1-score": 0.9594229035166817,
        "support": 546.0
    },
    "17": {
        "precision": 0.9788732394366197,
        "recall": 0.9858156028368794,
        "f1-score": 0.9823321554770318,
        "support": 564.0
    },
    "18": {
        "precision": 0.9307359307359307,
        "recall": 0.9247311827956989,
        "f1-score": 0.9277238403451996,
        "support": 465.0
    },
    "19": {
        "precision": 0.9805825242718447,
        "recall": 0.8037135278514589,
        "f1-score": 0.8833819241982507,
        "support": 377.0
    },
    "accuracy": 0.94475870602793,
    "macro avg": {
        "precision": 0.9455165862480088,
        "recall": 0.9420062037520476,
        "f1-score": 0.9432164508251007,
        "support": 11314.0
    },
    "weighted avg": {
        "precision": 0.9451102061889521,
        "recall": 0.94475870602793,
        "f1-score": 0.9445319447102243,
        "support": 11314.0
    },
    "roc_auc": null,
    "model": "XGBClassifier",
    "params": {
        "learning_rate": 0.1,
        "max_depth": 3,
        "n_estimators": 100,
        "num_class": 20,
        "eval_metric": "mlogloss",
        "objective": "multi:softmax"
    },
    "mode": "training"
}