{
    "0": {
        "precision": 0.0,
        "recall": 0.0,
        "f1-score": 0.0,
        "support": 319.0
    },
    "1": {
        "precision": 0.5,
        "recall": 0.002570694087403599,
        "f1-score": 0.005115089514066497,
        "support": 389.0
    },
    "2": {
        "precision": 0.0,
        "recall": 0.0,
        "f1-score": 0.0,
        "support": 394.0
    },
    "3": {
        "precision": 0.0,
        "recall": 0.0,
        "f1-score": 0.0,
        "support": 392.0
    },
    "4": {
        "precision": 0.0,
        "recall": 0.0,
        "f1-score": 0.0,
        "support": 385.0
    },
    "5": {
        "precision": 0.0,
        "recall": 0.0,
        "f1-score": 0.0,
        "support": 395.0
    },
    "6": {
        "precision": 0.16466234967622573,
        "recall": 0.9128205128205128,
        "f1-score": 0.27899686520376177,
        "support": 390.0
    },
    "7": {
        "precision": 0.1843191196698762,
        "recall": 0.3383838383838384,
        "f1-score": 0.23864648263579696,
        "support": 396.0
    },
    "8": {
        "precision": 0.09401709401709402,
        "recall": 0.02763819095477387,
        "f1-score": 0.04271844660194175,
        "support": 398.0
    },
    "9": {
        "precision": 0.25,
        "recall": 0.007556675062972292,
        "f1-score": 0.014669926650366748,
        "support": 397.0
    },
    "10": {
        "precision": 1.0,
        "recall": 0.020050125313283207,
        "f1-score": 0.03931203931203931,
        "support": 399.0
    },
    "11": {
        "precision": 0.42857142857142855,
        "recall": 0.18181818181818182,
        "f1-score": 0.2553191489361702,
        "support": 396.0
    },
    "12": {
        "precision": 0.0,
        "recall": 0.0,
        "f1-score": 0.0,
        "support": 393.0
    },
    "13": {
        "precision": 0.1694915254237288,
        "recall": 0.10101010101010101,
        "f1-score": 0.12658227848101267,
        "support": 396.0
    },
    "14": {
        "precision": 0.47619047619047616,
        "recall": 0.025380710659898477,
        "f1-score": 0.04819277108433735,
        "support": 394.0
    },
    "15": {
        "precision": 0.25,
        "recall": 0.002512562814070352,
        "f1-score": 0.004975124378109453,
        "support": 398.0
    },
    "16": {
        "precision": 0.18900343642611683,
        "recall": 0.1510989010989011,
        "f1-score": 0.16793893129770993,
        "support": 364.0
    },
    "17": {
        "precision": 0.08655373213340392,
        "recall": 0.8696808510638298,
        "f1-score": 0.15743861338468945,
        "support": 376.0
    },
    "18": {
        "precision": 0.0,
        "recall": 0.0,
        "f1-score": 0.0,
        "support": 310.0
    },
    "19": {
        "precision": 0.5,
        "recall": 0.00398406374501992,
        "f1-score": 0.007905138339920948,
        "support": 251.0
    },
    "accuracy": 0.13528943175783326,
    "macro avg": {
        "precision": 0.2146404581054175,
        "recall": 0.13222527044163931,
        "f1-score": 0.06939054279099614,
        "support": 7532.0
    },
    "weighted avg": {
        "precision": 0.2148394746049122,
        "recall": 0.13528943175783326,
        "f1-score": 0.07147183438698053,
        "support": 7532.0
    },
    "roc_auc": {
        "0": 0.7849468066843782,
        "1": 0.7721259456558941,
        "2": 0.8003763371275209,
        "3": 0.8423562282055679,
        "4": 0.7522851291705356,
        "5": 0.7667016067099073,
        "6": 0.921343227854009,
        "7": 0.763617466707433,
        "8": 0.7706763421818935,
        "9": 0.7825110896545394,
        "10": 0.8939803595628634,
        "11": 0.8039238375911582,
        "12": 0.7045491079177666,
        "13": 0.7513144689609095,
        "14": 0.8213732038293654,
        "15": 0.7773152276662257,
        "16": 0.791505439315149,
        "17": 0.7869006666032374,
        "18": 0.7005945096077398,
        "19": 0.7079841600498159
    },
    "model": "XGBClassifier",
    "params": {
        "learning_rate": 0.1,
        "max_depth": 3,
        "n_estimators": 100,
        "num_class": 20,
        "eval_metric": "mlogloss",
        "objective": "multi:softmax"
    },
    "mode": "training"
}