{
    "0": {
        "precision": 0.7263157894736842,
        "recall": 0.6489028213166145,
        "f1-score": 0.6854304635761589,
        "support": 319.0
    },
    "1": {
        "precision": 0.6485260770975056,
        "recall": 0.7352185089974294,
        "f1-score": 0.689156626506024,
        "support": 389.0
    },
    "2": {
        "precision": 0.7429378531073446,
        "recall": 0.6675126903553299,
        "f1-score": 0.7032085561497327,
        "support": 394.0
    },
    "3": {
        "precision": 0.6666666666666666,
        "recall": 0.6632653061224489,
        "f1-score": 0.6649616368286445,
        "support": 392.0
    },
    "4": {
        "precision": 0.7480916030534351,
        "recall": 0.7636363636363637,
        "f1-score": 0.7557840616966581,
        "support": 385.0
    },
    "5": {
        "precision": 0.8365650969529086,
        "recall": 0.7645569620253164,
        "f1-score": 0.798941798941799,
        "support": 395.0
    },
    "6": {
        "precision": 0.812807881773399,
        "recall": 0.8461538461538461,
        "f1-score": 0.8291457286432161,
        "support": 390.0
    },
    "7": {
        "precision": 0.8197530864197531,
        "recall": 0.8383838383838383,
        "f1-score": 0.8289637952559301,
        "support": 396.0
    },
    "8": {
        "precision": 0.8954081632653061,
        "recall": 0.8819095477386935,
        "f1-score": 0.8886075949367088,
        "support": 398.0
    },
    "9": {
        "precision": 0.8623188405797102,
        "recall": 0.8992443324937027,
        "f1-score": 0.8803945745992602,
        "support": 397.0
    },
    "10": {
        "precision": 0.9263959390862944,
        "recall": 0.9147869674185464,
        "f1-score": 0.9205548549810845,
        "support": 399.0
    },
    "11": {
        "precision": 0.8817204301075269,
        "recall": 0.8282828282828283,
        "f1-score": 0.8541666666666666,
        "support": 396.0
    },
    "12": {
        "precision": 0.6436781609195402,
        "recall": 0.712468193384224,
        "f1-score": 0.6763285024154589,
        "support": 393.0
    },
    "13": {
        "precision": 0.8455497382198953,
        "recall": 0.8156565656565656,
        "f1-score": 0.8303341902313625,
        "support": 396.0
    },
    "14": {
        "precision": 0.8683544303797468,
        "recall": 0.8705583756345178,
        "f1-score": 0.8694550063371356,
        "support": 394.0
    },
    "15": {
        "precision": 0.75177304964539,
        "recall": 0.7989949748743719,
        "f1-score": 0.7746650426309378,
        "support": 398.0
    },
    "16": {
        "precision": 0.7015945330296127,
        "recall": 0.8461538461538461,
        "f1-score": 0.7671232876712328,
        "support": 364.0
    },
    "17": {
        "precision": 0.9451219512195121,
        "recall": 0.824468085106383,
        "f1-score": 0.8806818181818182,
        "support": 376.0
    },
    "18": {
        "precision": 0.6140350877192983,
        "recall": 0.5645161290322581,
        "f1-score": 0.5882352941176471,
        "support": 310.0
    },
    "19": {
        "precision": 0.5042016806722689,
        "recall": 0.47808764940239046,
        "f1-score": 0.49079754601226994,
        "support": 251.0
    },
    "accuracy": 0.7769516728624535,
    "macro avg": {
        "precision": 0.77209080296944,
        "recall": 0.7681378916084758,
        "f1-score": 0.7688468523189874,
        "support": 7532.0
    },
    "weighted avg": {
        "precision": 0.7796596653229171,
        "recall": 0.7769516728624535,
        "f1-score": 0.777057404625085,
        "support": 7532.0
    },
    "roc_auc": {
        "0": 0.9736230343419471,
        "1": 0.9735750786269621,
        "2": 0.9683985617834341,
        "3": 0.9668024352598181,
        "4": 0.9834764927251285,
        "5": 0.9824171770218667,
        "6": 0.9890402745765388,
        "7": 0.9896594164741586,
        "8": 0.9960670326682473,
        "9": 0.9957646610263734,
        "10": 0.9972934579544332,
        "11": 0.9909188578611224,
        "12": 0.9722407861059222,
        "13": 0.9855020921094352,
        "14": 0.9919950134619461,
        "15": 0.98965038255477,
        "16": 0.9843326490752552,
        "17": 0.9964057092396799,
        "18": 0.92483897767574,
        "19": 0.935865383405261
    },
    "model": "XGBClassifier",
    "params": {
        "learning_rate": 0.1,
        "max_depth": 3,
        "n_estimators": 1000,
        "num_class": 20,
        "eval_metric": "mlogloss",
        "objective": "multi:softmax"
    },
    "mode": "training"
}