{
    "processing_time_seconds": 18.524306774139404,
    "memory_usage_mb": 129.640625,
    "successful_samples": 7532,
    "total_samples": 7532,
    "error_rate": 0.0,
    "samples_per_second": 406.600910459707,
    "timestamp": "2025-05-24 13:01:45"
}