{
    "processing_time_seconds": 38.844046115875244,
    "memory_usage_mb": 27.828125,
    "successful_samples": 11314,
    "total_samples": 11314,
    "error_rate": 0.0,
    "samples_per_second": 291.26728884651544,
    "timestamp": "2025-05-24 13:01:11"
}