{
    "0": {
        "precision": 0.0,
        "recall": 0.0,
        "f1-score": 0.0,
        "support": 319.0
    },
    "1": {
        "precision": 0.5,
        "recall": 0.002570694087403599,
        "f1-score": 0.005115089514066497,
        "support": 389.0
    },
    "2": {
        "precision": 0.0,
        "recall": 0.0,
        "f1-score": 0.0,
        "support": 394.0
    },
    "3": {
        "precision": 0.0,
        "recall": 0.0,
        "f1-score": 0.0,
        "support": 392.0
    },
    "4": {
        "precision": 0.0,
        "recall": 0.0,
        "f1-score": 0.0,
        "support": 385.0
    },
    "5": {
        "precision": 0.0,
        "recall": 0.0,
        "f1-score": 0.0,
        "support": 395.0
    },
    "6": {
        "precision": 0.16466234967622573,
        "recall": 0.9128205128205128,
        "f1-score": 0.27899686520376177,
        "support": 390.0
    },
    "7": {
        "precision": 0.1843191196698762,
        "recall": 0.3383838383838384,
        "f1-score": 0.23864648263579696,
        "support": 396.0
    },
    "8": {
        "precision": 0.09401709401709402,
        "recall": 0.02763819095477387,
        "f1-score": 0.04271844660194175,
        "support": 398.0
    },
    "9": {
        "precision": 0.25,
        "recall": 0.007556675062972292,
        "f1-score": 0.014669926650366748,
        "support": 397.0
    },
    "10": {
        "precision": 1.0,
        "recall": 0.020050125313283207,
        "f1-score": 0.03931203931203931,
        "support": 399.0
    },
    "11": {
        "precision": 0.42857142857142855,
        "recall": 0.18181818181818182,
        "f1-score": 0.2553191489361702,
        "support": 396.0
    },
    "12": {
        "precision": 0.0,
        "recall": 0.0,
        "f1-score": 0.0,
        "support": 393.0
    },
    "13": {
        "precision": 0.1694915254237288,
        "recall": 0.10101010101010101,
        "f1-score": 0.12658227848101267,
        "support": 396.0
    },
    "14": {
        "precision": 0.47619047619047616,
        "recall": 0.025380710659898477,
        "f1-score": 0.04819277108433735,
        "support": 394.0
    },
    "15": {
        "precision": 0.25,
        "recall": 0.002512562814070352,
        "f1-score": 0.004975124378109453,
        "support": 398.0
    },
    "16": {
        "precision": 0.18900343642611683,
        "recall": 0.1510989010989011,
        "f1-score": 0.16793893129770993,
        "support": 364.0
    },
    "17": {
        "precision": 0.08655373213340392,
        "recall": 0.8696808510638298,
        "f1-score": 0.15743861338468945,
        "support": 376.0
    },
    "18": {
        "precision": 0.0,
        "recall": 0.0,
        "f1-score": 0.0,
        "support": 310.0
    },
    "19": {
        "precision": 0.5,
        "recall": 0.00398406374501992,
        "f1-score": 0.007905138339920948,
        "support": 251.0
    },
    "accuracy": 0.13528943175783326,
    "macro avg": {
        "precision": 0.2146404581054175,
        "recall": 0.13222527044163931,
        "f1-score": 0.06939054279099614,
        "support": 7532.0
    },
    "weighted avg": {
        "precision": 0.2148394746049122,
        "recall": 0.13528943175783326,
        "f1-score": 0.07147183438698053,
        "support": 7532.0
    },
    "model": "XGBClassifier"
}