{
    "0": {
        "precision": 0.6107834877843302,
        "recall": 0.6006628003314002,
        "f1-score": 0.6056808688387636,
        "support": 3621.0
    },
    "1": {
        "precision": 0.8770330467212266,
        "recall": 0.871615360856584,
        "f1-score": 0.8743158112155324,
        "support": 9713.0
    },
    "2": {
        "precision": 0.6845046206748334,
        "recall": 0.6967840735068913,
        "f1-score": 0.690589765828274,
        "support": 4571.0
    },
    "3": {
        "precision": 0.8651077398782491,
        "recall": 0.9046175608770335,
        "f1-score": 0.8844216141460042,
        "support": 9897.0
    },
    "4": {
        "precision": 0.6149035956227201,
        "recall": 0.5057865409344192,
        "f1-score": 0.555032925682032,
        "support": 2333.0
    },
    "accuracy": 0.7950555832088934,
    "macro avg": {
        "precision": 0.7304664981362718,
        "recall": 0.7158932673012657,
        "f1-score": 0.7220081971421213,
        "support": 30135.0
    },
    "weighted avg": {
        "precision": 0.79162704507509,
        "recall": 0.7950555832088934,
        "f1-score": 0.792769147198336,
        "support": 30135.0
    },
    "roc_auc": {
        "0": 0.9356038308962557,
        "1": 0.965709242287235,
        "2": 0.9379630409970322,
        "3": 0.9689628701867,
        "4": 0.9373337799631605
    },
    "model": "LogisticRegression",
    "params": {
        "max_iter": 1000,
        "random_state": 42,
        "C": 0.9
    },
    "mode": "training"
}