{
    "0": {
        "precision": 0.6405247263118158,
        "recall": 0.6247526119574722,
        "f1-score": 0.6325403667373425,
        "support": 21727.0
    },
    "1": {
        "precision": 0.8768704794955933,
        "recall": 0.8807136817766121,
        "f1-score": 0.8787878787878788,
        "support": 57953.0
    },
    "2": {
        "precision": 0.6984723083093303,
        "recall": 0.7051310365135454,
        "f1-score": 0.7017858778276399,
        "support": 27168.0
    },
    "3": {
        "precision": 0.8739764232783642,
        "recall": 0.9081091099017742,
        "f1-score": 0.8907158910629297,
        "support": 59353.0
    },
    "4": {
        "precision": 0.6461924976176038,
        "recall": 0.5389840306380519,
        "f1-score": 0.5877393428413836,
        "support": 13839.0
    },
    "accuracy": 0.8060930904243502,
    "macro avg": {
        "precision": 0.7472072870025415,
        "recall": 0.731538094157491,
        "f1-score": 0.738313871451435,
        "support": 180040.0
    },
    "weighted avg": {
        "precision": 0.802742901156985,
        "recall": 0.8060930904243502,
        "f1-score": 0.8039219188189152,
        "support": 180040.0
    },
    "roc_auc": null,
    "model": "LogisticRegression",
    "params": {
        "max_iter": 1000,
        "random_state": 42,
        "C": 0.9
    },
    "mode": "training"
}