{
    "0": {
        "precision": 0.967948717948718,
        "recall": 0.94375,
        "f1-score": 0.9556962025316456,
        "support": 480.0
    },
    "1": {
        "precision": 0.869983948635634,
        "recall": 0.928082191780822,
        "f1-score": 0.8980944490472246,
        "support": 584.0
    },
    "2": {
        "precision": 0.9126853377265239,
        "recall": 0.937394247038917,
        "f1-score": 0.9248747913188647,
        "support": 591.0
    },
    "3": {
        "precision": 0.8909395973154363,
        "recall": 0.9,
        "f1-score": 0.8954468802698144,
        "support": 590.0
    },
    "4": {
        "precision": 0.9581056466302368,
        "recall": 0.9100346020761245,
        "f1-score": 0.9334516415261757,
        "support": 578.0
    },
    "5": {
        "precision": 0.9528619528619529,
        "recall": 0.954468802698145,
        "f1-score": 0.953664700926706,
        "support": 593.0
    },
    "6": {
        "precision": 0.8794212218649518,
        "recall": 0.935042735042735,
        "f1-score": 0.9063794531897266,
        "support": 585.0
    },
    "7": {
        "precision": 0.9430485762144054,
        "recall": 0.9478114478114478,
        "f1-score": 0.945424013434089,
        "support": 594.0
    },
    "8": {
        "precision": 0.9879725085910653,
        "recall": 0.9615384615384616,
        "f1-score": 0.9745762711864406,
        "support": 598.0
    },
    "9": {
        "precision": 0.9736408566721582,
        "recall": 0.9899497487437185,
        "f1-score": 0.9817275747508306,
        "support": 597.0
    },
    "10": {
        "precision": 0.9949494949494949,
        "recall": 0.985,
        "f1-score": 0.9899497487437185,
        "support": 600.0
    },
    "11": {
        "precision": 0.9896013864818024,
        "recall": 0.9596638655462185,
        "f1-score": 0.9744027303754266,
        "support": 595.0
    },
    "12": {
        "precision": 0.9177631578947368,
        "recall": 0.9441624365482234,
        "f1-score": 0.9307756463719766,
        "support": 591.0
    },
    "13": {
        "precision": 0.9896013864818024,
        "recall": 0.9612794612794613,
        "f1-score": 0.9752348420153715,
        "support": 594.0
    },
    "14": {
        "precision": 0.984641638225256,
        "recall": 0.9730185497470489,
        "f1-score": 0.9787955894826124,
        "support": 593.0
    },
    "15": {
        "precision": 0.9184952978056427,
        "recall": 0.9782971619365609,
        "f1-score": 0.9474535165723524,
        "support": 599.0
    },
    "16": {
        "precision": 0.9622302158273381,
        "recall": 0.9798534798534798,
        "f1-score": 0.9709618874773139,
        "support": 546.0
    },
    "17": {
        "precision": 0.9946236559139785,
        "recall": 0.9840425531914894,
        "f1-score": 0.9893048128342246,
        "support": 564.0
    },
    "18": {
        "precision": 0.9777777777777777,
        "recall": 0.946236559139785,
        "f1-score": 0.9617486338797814,
        "support": 465.0
    },
    "19": {
        "precision": 0.96,
        "recall": 0.8275862068965517,
        "f1-score": 0.8888888888888888,
        "support": 377.0
    },
    "accuracy": 0.9496199398974722,
    "macro avg": {
        "precision": 0.9513146187909456,
        "recall": 0.9473606255434595,
        "f1-score": 0.9488426137411592,
        "support": 11314.0
    },
    "weighted avg": {
        "precision": 0.950705328192767,
        "recall": 0.9496199398974722,
        "f1-score": 0.9497437845297494,
        "support": 11314.0
    },
    "roc_auc": null,
    "model": "LogisticRegression",
    "params": {
        "C": 1,
        "max_iter": 100,
        "penalty": "l2",
        "solver": "lbfgs",
        "tol": 1e-05
    },
    "mode": "training"
}