{
    "0": {
        "precision": 0.68561872909699,
        "recall": 0.6426332288401254,
        "f1-score": 0.6634304207119741,
        "support": 319.0
    },
    "1": {
        "precision": 0.588865096359743,
        "recall": 0.7069408740359897,
        "f1-score": 0.6425233644859814,
        "support": 389.0
    },
    "2": {
        "precision": 0.7372654155495979,
        "recall": 0.6979695431472082,
        "f1-score": 0.7170795306388527,
        "support": 394.0
    },
    "3": {
        "precision": 0.6774193548387096,
        "recall": 0.6964285714285714,
        "f1-score": 0.6867924528301886,
        "support": 392.0
    },
    "4": {
        "precision": 0.793010752688172,
        "recall": 0.7662337662337663,
        "f1-score": 0.7793923381770145,
        "support": 385.0
    },
    "5": {
        "precision": 0.7927170868347339,
        "recall": 0.7164556962025317,
        "f1-score": 0.7526595744680851,
        "support": 395.0
    },
    "6": {
        "precision": 0.8285024154589372,
        "recall": 0.8794871794871795,
        "f1-score": 0.8532338308457711,
        "support": 390.0
    },
    "7": {
        "precision": 0.8298969072164949,
        "recall": 0.8131313131313131,
        "f1-score": 0.8214285714285714,
        "support": 396.0
    },
    "8": {
        "precision": 0.8765432098765432,
        "recall": 0.8919597989949749,
        "f1-score": 0.8841843088418431,
        "support": 398.0
    },
    "9": {
        "precision": 0.8245192307692307,
        "recall": 0.8639798488664987,
        "f1-score": 0.8437884378843789,
        "support": 397.0
    },
    "10": {
        "precision": 0.9181141439205955,
        "recall": 0.9273182957393483,
        "f1-score": 0.9226932668329177,
        "support": 399.0
    },
    "11": {
        "precision": 0.9488636363636364,
        "recall": 0.8434343434343434,
        "f1-score": 0.893048128342246,
        "support": 396.0
    },
    "12": {
        "precision": 0.6492890995260664,
        "recall": 0.6972010178117048,
        "f1-score": 0.6723926380368098,
        "support": 393.0
    },
    "13": {
        "precision": 0.7823834196891192,
        "recall": 0.7626262626262627,
        "f1-score": 0.7723785166240409,
        "support": 396.0
    },
    "14": {
        "precision": 0.8781094527363185,
        "recall": 0.8959390862944162,
        "f1-score": 0.8869346733668342,
        "support": 394.0
    },
    "15": {
        "precision": 0.7319148936170212,
        "recall": 0.864321608040201,
        "f1-score": 0.7926267281105991,
        "support": 398.0
    },
    "16": {
        "precision": 0.6939655172413793,
        "recall": 0.8846153846153846,
        "f1-score": 0.7777777777777778,
        "support": 364.0
    },
    "17": {
        "precision": 0.9495268138801262,
        "recall": 0.800531914893617,
        "f1-score": 0.8686868686868687,
        "support": 376.0
    },
    "18": {
        "precision": 0.686046511627907,
        "recall": 0.5709677419354838,
        "f1-score": 0.6232394366197183,
        "support": 310.0
    },
    "19": {
        "precision": 0.6463414634146342,
        "recall": 0.42231075697211157,
        "f1-score": 0.5108433734939759,
        "support": 251.0
    },
    "accuracy": 0.7769516728624535,
    "macro avg": {
        "precision": 0.7759456575352978,
        "recall": 0.7672243116365516,
        "f1-score": 0.7682567119102225,
        "support": 7532.0
    },
    "weighted avg": {
        "precision": 0.7805468133823658,
        "recall": 0.7769516728624535,
        "f1-score": 0.7758398275774754,
        "support": 7532.0
    },
    "roc_auc": {
        "0": 0.968629438226956,
        "1": 0.961053426746375,
        "2": 0.9669997425660616,
        "3": 0.9708108243297319,
        "4": 0.98041499566615,
        "5": 0.9719117524471332,
        "6": 0.9906221054218814,
        "7": 0.9864412765547854,
        "8": 0.9955302867012381,
        "9": 0.9921481892045986,
        "10": 0.9963788624793444,
        "11": 0.9896746331023237,
        "12": 0.9615633154371555,
        "13": 0.9678086923042079,
        "14": 0.9934094778357913,
        "15": 0.9841261958798759,
        "16": 0.9780453572655023,
        "17": 0.9907461228785843,
        "18": 0.9310409054769924,
        "19": 0.9443177708066237
    },
    "model": "LogisticRegression",
    "params": {
        "C": 1,
        "max_iter": 100,
        "penalty": "l2",
        "solver": "lbfgs",
        "tol": 1e-05
    },
    "mode": "training"
}