{
    "processing_time_seconds": 3.04121732711792,
    "memory_usage_mb": 26.23046875,
    "successful_samples": 7532,
    "total_samples": 7532,
    "error_rate": 0.0,
    "samples_per_second": 2476.6398418286913,
    "timestamp": "2025-06-01 20:40:12"
}