{
    "0": {
        "precision": 0.9617868675995694,
        "recall": 0.9405263157894737,
        "f1-score": 0.951037786056413,
        "support": 1900.0
    },
    "1": {
        "precision": 0.9404580152671755,
        "recall": 0.9726315789473684,
        "f1-score": 0.95627425614489,
        "support": 1900.0
    },
    "2": {
        "precision": 0.9362719065321295,
        "recall": 0.9278947368421052,
        "f1-score": 0.9320644990748084,
        "support": 1900.0
    },
    "3": {
        "precision": 0.9276663146779303,
        "recall": 0.9247368421052632,
        "f1-score": 0.9261992619926199,
        "support": 1900.0
    },
    "accuracy": 0.9414473684210526,
    "macro avg": {
        "precision": 0.9415457760192012,
        "recall": 0.9414473684210526,
        "f1-score": 0.9413939508171829,
        "support": 7600.0
    },
    "weighted avg": {
        "precision": 0.9415457760192011,
        "recall": 0.9414473684210526,
        "f1-score": 0.9413939508171828,
        "support": 7600.0
    },
    "roc_auc": {
        "0": 0.9948587719298245,
        "1": 0.9974196675900276,
        "2": 0.9917171283471838,
        "3": 0.9931469067405355
    },
    "model": "XGBClassifier",
    "params": {
        "learning_rate": 0.1,
        "max_depth": 3,
        "n_estimators": 500,
        "num_class": 20,
        "eval_metric": "mlogloss",
        "objective": "multi:softmax"
    },
    "mode": "training"
}