{
    "0": {
        "precision": 0.970048941890122,
        "recall": 0.9381666666666667,
        "f1-score": 0.9538414613481547,
        "support": 30000.0
    },
    "1": {
        "precision": 0.9482124849549461,
        "recall": 0.9716333333333333,
        "f1-score": 0.9597800497193,
        "support": 30000.0
    },
    "2": {
        "precision": 0.9397836498208245,
        "recall": 0.9353666666666667,
        "f1-score": 0.9375699560634156,
        "support": 30000.0
    },
    "3": {
        "precision": 0.9251299940762193,
        "recall": 0.9370333333333334,
        "f1-score": 0.931043619381976,
        "support": 30000.0
    },
    "accuracy": 0.94555,
    "macro avg": {
        "precision": 0.945793767685528,
        "recall": 0.94555,
        "f1-score": 0.9455587716282114,
        "support": 120000.0
    },
    "weighted avg": {
        "precision": 0.945793767685528,
        "recall": 0.94555,
        "f1-score": 0.9455587716282114,
        "support": 120000.0
    },
    "roc_auc": null,
    "model": "XGBClassifier",
    "params": {
        "learning_rate": 0.1,
        "max_depth": 3,
        "n_estimators": 500,
        "num_class": 20,
        "eval_metric": "mlogloss",
        "objective": "multi:softmax"
    },
    "mode": "training"
}