{
    "0": {
        "precision": 0.5380764163372859,
        "recall": 0.4643019554342883,
        "f1-score": 0.49847430733553033,
        "support": 4398.0
    },
    "1": {
        "precision": 0.7218977518201456,
        "recall": 0.7775766976904516,
        "f1-score": 0.7487034808944945,
        "support": 11604.0
    },
    "2": {
        "precision": 0.48881659211061407,
        "recall": 0.4484238015295654,
        "f1-score": 0.4677497811071116,
        "support": 5361.0
    },
    "3": {
        "precision": 0.7114323463122717,
        "recall": 0.7688560389719469,
        "f1-score": 0.7390303959956405,
        "support": 11906.0
    },
    "4": {
        "precision": 0.4955935717988595,
        "recall": 0.34903249361080685,
        "f1-score": 0.40959725792630675,
        "support": 2739.0
    },
    "accuracy": 0.6548267051766274,
    "macro avg": {
        "precision": 0.5911633356758352,
        "recall": 0.5616381974474118,
        "f1-score": 0.5727110446518167,
        "support": 36008.0
    },
    "weighted avg": {
        "precision": 0.6440694192909447,
        "recall": 0.6548267051766274,
        "f1-score": 0.6473182225244626,
        "support": 36008.0
    },
    "roc_auc": null,
    "model": "LogisticRegression",
    "params": {
        "max_iter": 5000,
        "random_state": 42,
        "C": 0.9
    },
    "mode": "training"
}