{
    "0": {
        "precision": 0.549954562463249,
        "recall": 0.4735122198186588,
        "f1-score": 0.5088786664688134,
        "support": 21727.0
    },
    "1": {
        "precision": 0.7355164533090409,
        "recall": 0.7941262747398754,
        "f1-score": 0.7636985164780459,
        "support": 57953.0
    },
    "2": {
        "precision": 0.5342170671085336,
        "recall": 0.4746760895170789,
        "f1-score": 0.5026896390426444,
        "support": 27168.0
    },
    "3": {
        "precision": 0.7233419281998078,
        "recall": 0.7987801796033899,
        "f1-score": 0.759191647450679,
        "support": 59353.0
    },
    "4": {
        "precision": 0.5445533649080295,
        "recall": 0.35725124647734663,
        "f1-score": 0.4314512610175408,
        "support": 13839.0
    },
    "accuracy": 0.6751832926016441,
    "macro avg": {
        "precision": 0.6175166751977322,
        "recall": 0.5796692020312699,
        "f1-score": 0.5931819460915447,
        "support": 180040.0
    },
    "weighted avg": {
        "precision": 0.6640549020099306,
        "recall": 0.6751832926016441,
        "f1-score": 0.6665366300693877,
        "support": 180040.0
    },
    "roc_auc": null,
    "model": "LogisticRegression",
    "params": {
        "max_iter": 5000,
        "random_state": 42,
        "C": 0.9
    },
    "mode": "training"
}