{
    "0": {
        "precision": 0.5469143576826196,
        "recall": 0.47970173985086995,
        "f1-score": 0.5111078416948653,
        "support": 3621.0
    },
    "1": {
        "precision": 0.7350678947868199,
        "recall": 0.7969731287964583,
        "f1-score": 0.764769808338273,
        "support": 9713.0
    },
    "2": {
        "precision": 0.5335012594458438,
        "recall": 0.4633559396193393,
        "f1-score": 0.495960660344222,
        "support": 4571.0
    },
    "3": {
        "precision": 0.7173160961398398,
        "recall": 0.796099828230777,
        "f1-score": 0.754657343996935,
        "support": 9897.0
    },
    "4": {
        "precision": 0.5352781546811397,
        "recall": 0.33819117016716677,
        "f1-score": 0.4144996059889677,
        "support": 2333.0
    },
    "accuracy": 0.6724406835905093,
    "macro avg": {
        "precision": 0.6136155525472526,
        "recall": 0.5748643613329222,
        "f1-score": 0.5881990520726526,
        "support": 30135.0
    },
    "weighted avg": {
        "precision": 0.6605875874075724,
        "recall": 0.6724406835905093,
        "f1-score": 0.663077422794429,
        "support": 30135.0
    },
    "roc_auc": {
        "0": 0.8806642500144313,
        "1": 0.908547860568243,
        "2": 0.8467029279956113,
        "3": 0.9020655413073064,
        "4": 0.8742615367817608
    },
    "model": "LogisticRegression",
    "params": {
        "max_iter": 5000,
        "random_state": 42,
        "C": 0.9
    },
    "mode": "training"
}