{
    "0": {
        "precision": 0.5213732300293882,
        "recall": 0.4504587685382884,
        "f1-score": 0.4833286895142565,
        "support": 17329.0
    },
    "1": {
        "precision": 0.7214636591478697,
        "recall": 0.7763490042935123,
        "f1-score": 0.7479007316262055,
        "support": 46349.0
    },
    "2": {
        "precision": 0.49464121669898947,
        "recall": 0.4444444444444444,
        "f1-score": 0.46820125117750777,
        "support": 21807.0
    },
    "3": {
        "precision": 0.7047280415145109,
        "recall": 0.7727991232322381,
        "f1-score": 0.7371955326356846,
        "support": 47447.0
    },
    "4": {
        "precision": 0.5111757704007407,
        "recall": 0.3481981981981982,
        "f1-score": 0.41423289212796743,
        "support": 11100.0
    },
    "accuracy": 0.652723005998667,
    "macro avg": {
        "precision": 0.5906763835582998,
        "recall": 0.5584499077413363,
        "f1-score": 0.5701718194163243,
        "support": 144032.0
    },
    "weighted avg": {
        "precision": 0.6413291441538405,
        "recall": 0.652723005998667,
        "f1-score": 0.6444805327618115,
        "support": 144032.0
    },
    "roc_auc": null,
    "model": "LogisticRegression",
    "params": {
        "max_iter": 5000,
        "random_state": 42,
        "C": 0.9
    },
    "mode": "training"
}