{
    "0": {
        "precision": 0.9229517091698318,
        "recall": 0.8952631578947369,
        "f1-score": 0.9088966069997328,
        "support": 1900.0
    },
    "1": {
        "precision": 0.9596899224806201,
        "recall": 0.9773684210526316,
        "f1-score": 0.9684485006518905,
        "support": 1900.0
    },
    "2": {
        "precision": 0.8723739495798319,
        "recall": 0.8742105263157894,
        "f1-score": 0.8732912723449001,
        "support": 1900.0
    },
    "3": {
        "precision": 0.8795620437956204,
        "recall": 0.8878947368421053,
        "f1-score": 0.8837087480356207,
        "support": 1900.0
    },
    "accuracy": 0.9086842105263158,
    "macro avg": {
        "precision": 0.908644406256476,
        "recall": 0.9086842105263158,
        "f1-score": 0.9085862820080359,
        "support": 7600.0
    },
    "weighted avg": {
        "precision": 0.9086444062564761,
        "recall": 0.9086842105263158,
        "f1-score": 0.908586282008036,
        "support": 7600.0
    },
    "roc_auc": {
        "0": 0.9793831024930748,
        "1": 0.996031486611265,
        "2": 0.9748903970452447,
        "3": 0.9799071098799631
    },
    "model": "XGBClassifier",
    "params": {
        "learning_rate": 0.1,
        "max_depth": 3,
        "n_estimators": 500,
        "num_class": 20,
        "eval_metric": "mlogloss",
        "objective": "multi:softmax"
    },
    "mode": "training"
}