{
    "0": {
        "precision": 0.9489464594127807,
        "recall": 0.9157333333333333,
        "f1-score": 0.9320441051738761,
        "support": 30000.0
    },
    "1": {
        "precision": 0.9683161848766945,
        "recall": 0.9881666666666666,
        "f1-score": 0.9781407242431741,
        "support": 30000.0
    },
    "2": {
        "precision": 0.9014187948589552,
        "recall": 0.9000666666666667,
        "f1-score": 0.9007422233341673,
        "support": 30000.0
    },
    "3": {
        "precision": 0.9037073490813649,
        "recall": 0.9181666666666667,
        "f1-score": 0.9108796296296297,
        "support": 30000.0
    },
    "accuracy": 0.9305333333333333,
    "macro avg": {
        "precision": 0.9305971970574488,
        "recall": 0.9305333333333333,
        "f1-score": 0.9304516705952118,
        "support": 120000.0
    },
    "weighted avg": {
        "precision": 0.9305971970574489,
        "recall": 0.9305333333333333,
        "f1-score": 0.9304516705952118,
        "support": 120000.0
    },
    "roc_auc": null,
    "model": "XGBClassifier",
    "params": {
        "learning_rate": 0.1,
        "max_depth": 3,
        "n_estimators": 500,
        "num_class": 20,
        "eval_metric": "mlogloss",
        "objective": "multi:softmax"
    },
    "mode": "training"
}