{
    "0": {
        "precision": 0.997872340425532,
        "recall": 0.9770833333333333,
        "f1-score": 0.9873684210526316,
        "support": 480.0
    },
    "1": {
        "precision": 0.9681208053691275,
        "recall": 0.988013698630137,
        "f1-score": 0.9779661016949153,
        "support": 584.0
    },
    "2": {
        "precision": 0.9964664310954063,
        "recall": 0.9543147208121827,
        "f1-score": 0.9749351771823682,
        "support": 591.0
    },
    "3": {
        "precision": 0.9777777777777777,
        "recall": 0.9694915254237289,
        "f1-score": 0.9736170212765958,
        "support": 590.0
    },
    "4": {
        "precision": 0.9739583333333334,
        "recall": 0.9705882352941176,
        "f1-score": 0.9722703639514731,
        "support": 578.0
    },
    "5": {
        "precision": 0.9862542955326461,
        "recall": 0.9679595278246206,
        "f1-score": 0.9770212765957447,
        "support": 593.0
    },
    "6": {
        "precision": 0.96,
        "recall": 0.9846153846153847,
        "f1-score": 0.9721518987341772,
        "support": 585.0
    },
    "7": {
        "precision": 0.9862778730703259,
        "recall": 0.968013468013468,
        "f1-score": 0.9770603228547153,
        "support": 594.0
    },
    "8": {
        "precision": 0.9864636209813875,
        "recall": 0.9749163879598662,
        "f1-score": 0.9806560134566863,
        "support": 598.0
    },
    "9": {
        "precision": 0.9881956155143339,
        "recall": 0.981574539363484,
        "f1-score": 0.984873949579832,
        "support": 597.0
    },
    "10": {
        "precision": 0.99830220713073,
        "recall": 0.98,
        "f1-score": 0.9890664423885618,
        "support": 600.0
    },
    "11": {
        "precision": 1.0,
        "recall": 0.9815126050420168,
        "f1-score": 0.9906700593723494,
        "support": 595.0
    },
    "12": {
        "precision": 0.855072463768116,
        "recall": 0.9983079526226735,
        "f1-score": 0.9211553473848556,
        "support": 591.0
    },
    "13": {
        "precision": 0.9751243781094527,
        "recall": 0.98989898989899,
        "f1-score": 0.9824561403508771,
        "support": 594.0
    },
    "14": {
        "precision": 0.9982668977469671,
        "recall": 0.9713322091062394,
        "f1-score": 0.9846153846153847,
        "support": 593.0
    },
    "15": {
        "precision": 0.9752883031301482,
        "recall": 0.988313856427379,
        "f1-score": 0.9817578772802653,
        "support": 599.0
    },
    "16": {
        "precision": 1.0,
        "recall": 0.9835164835164835,
        "f1-score": 0.9916897506925207,
        "support": 546.0
    },
    "17": {
        "precision": 1.0,
        "recall": 0.9929078014184397,
        "f1-score": 0.99644128113879,
        "support": 564.0
    },
    "18": {
        "precision": 0.9891540130151844,
        "recall": 0.9806451612903225,
        "f1-score": 0.9848812095032398,
        "support": 465.0
    },
    "19": {
        "precision": 0.9972527472527473,
        "recall": 0.9628647214854111,
        "f1-score": 0.979757085020243,
        "support": 377.0
    },
    "accuracy": 0.9785221849036592,
    "macro avg": {
        "precision": 0.9804924051626609,
        "recall": 0.9782935301039138,
        "f1-score": 0.9790205562063112,
        "support": 11314.0
    },
    "weighted avg": {
        "precision": 0.9798399786462783,
        "recall": 0.9785221849036592,
        "f1-score": 0.978799210848695,
        "support": 11314.0
    },
    "roc_auc": null,
    "model": "SVM",
    "params": {
        "max_iter": 100,
        "random_state": 42,
        "C": 0.9,
        "grid_search": false,
        "tol": 0.001,
        "normalize": false
    },
    "mode": "training"
}