{
    "processing_time_seconds": 88.98431944847107,
    "memory_usage_mb": 30.22265625,
    "successful_samples": 7532,
    "total_samples": 7532,
    "error_rate": 0.0,
    "samples_per_second": 84.64412659088347,
    "timestamp": "2025-05-24 12:06:16"
}