{
    "processing_time_seconds": 155.10246205329895,
    "memory_usage_mb": 45.19140625,
    "successful_samples": 11314,
    "total_samples": 11314,
    "error_rate": 0.0,
    "samples_per_second": 72.94532820576433,
    "timestamp": "2025-05-24 12:04:45"
}