{
    "0": {
        "precision": 0.8210862619808307,
        "recall": 0.8056426332288401,
        "f1-score": 0.8132911392405063,
        "support": 319.0
    },
    "1": {
        "precision": 0.8046272493573264,
        "recall": 0.8046272493573264,
        "f1-score": 0.8046272493573264,
        "support": 389.0
    },
    "2": {
        "precision": 0.9369369369369369,
        "recall": 0.7918781725888325,
        "f1-score": 0.8583218707015131,
        "support": 394.0
    },
    "3": {
        "precision": 0.7931873479318735,
        "recall": 0.8316326530612245,
        "f1-score": 0.8119551681195517,
        "support": 392.0
    },
    "4": {
        "precision": 0.903954802259887,
        "recall": 0.8311688311688312,
        "f1-score": 0.8660351826792964,
        "support": 385.0
    },
    "5": {
        "precision": 0.9121813031161473,
        "recall": 0.8151898734177215,
        "f1-score": 0.8609625668449198,
        "support": 395.0
    },
    "6": {
        "precision": 0.9285714285714286,
        "recall": 0.9333333333333333,
        "f1-score": 0.9309462915601023,
        "support": 390.0
    },
    "7": {
        "precision": 0.850253807106599,
        "recall": 0.8459595959595959,
        "f1-score": 0.8481012658227848,
        "support": 396.0
    },
    "8": {
        "precision": 0.8568181818181818,
        "recall": 0.9472361809045227,
        "f1-score": 0.8997613365155132,
        "support": 398.0
    },
    "9": {
        "precision": 0.8951406649616368,
        "recall": 0.8816120906801007,
        "f1-score": 0.8883248730964467,
        "support": 397.0
    },
    "10": {
        "precision": 0.9381188118811881,
        "recall": 0.949874686716792,
        "f1-score": 0.9439601494396015,
        "support": 399.0
    },
    "11": {
        "precision": 0.994475138121547,
        "recall": 0.9090909090909091,
        "f1-score": 0.9498680738786279,
        "support": 396.0
    },
    "12": {
        "precision": 0.6080402010050251,
        "recall": 0.9236641221374046,
        "f1-score": 0.7333333333333333,
        "support": 393.0
    },
    "13": {
        "precision": 0.7867298578199052,
        "recall": 0.8383838383838383,
        "f1-score": 0.8117359413202934,
        "support": 396.0
    },
    "14": {
        "precision": 0.9648648648648649,
        "recall": 0.9060913705583756,
        "f1-score": 0.9345549738219895,
        "support": 394.0
    },
    "15": {
        "precision": 0.8734491315136477,
        "recall": 0.8844221105527639,
        "f1-score": 0.8789013732833958,
        "support": 398.0
    },
    "16": {
        "precision": 0.9323943661971831,
        "recall": 0.9093406593406593,
        "f1-score": 0.9207232267037552,
        "support": 364.0
    },
    "17": {
        "precision": 0.990909090909091,
        "recall": 0.8696808510638298,
        "f1-score": 0.9263456090651558,
        "support": 376.0
    },
    "18": {
        "precision": 0.8547854785478548,
        "recall": 0.8354838709677419,
        "f1-score": 0.8450244698205547,
        "support": 310.0
    },
    "19": {
        "precision": 0.8148148148148148,
        "recall": 0.701195219123506,
        "f1-score": 0.7537473233404711,
        "support": 251.0
    },
    "accuracy": 0.8645778013807753,
    "macro avg": {
        "precision": 0.8730669869857983,
        "recall": 0.8607754125818075,
        "f1-score": 0.8640260708972569,
        "support": 7532.0
    },
    "weighted avg": {
        "precision": 0.8744639469728177,
        "recall": 0.8645778013807753,
        "f1-score": 0.8665886989336572,
        "support": 7532.0
    },
    "model": "SVM"
}