{
    "0": {
        "precision": 0.8698884758364313,
        "recall": 0.6782608695652174,
        "f1-score": 0.762214983713355,
        "support": 690.0
    },
    "1": {
        "precision": 0.7363420427553444,
        "recall": 0.8985507246376812,
        "f1-score": 0.8093994778067886,
        "support": 690.0
    },
    "accuracy": 0.7884057971014493,
    "macro avg": {
        "precision": 0.8031152592958879,
        "recall": 0.7884057971014493,
        "f1-score": 0.7858072307600719,
        "support": 1380.0
    },
    "weighted avg": {
        "precision": 0.8031152592958878,
        "recall": 0.7884057971014493,
        "f1-score": 0.7858072307600716,
        "support": 1380.0
    },
    "roc_auc": null,
    "model": "SVM",
    "params": {
        "max_iter": 3000,
        "C": 1
    },
    "mode": "training"
}