{
    "0": {
        "precision": 0.9232505643340858,
        "recall": 0.1788760113710912,
        "f1-score": 0.2996885876534164,
        "support": 4573.0
    },
    "1": {
        "precision": 0.5923795049934868,
        "recall": 0.9876923076923076,
        "f1-score": 0.7405849223044039,
        "support": 5525.0
    },
    "accuracy": 0.6214101802337096,
    "macro avg": {
        "precision": 0.7578150346637863,
        "recall": 0.5832841595316994,
        "f1-score": 0.5201367549789101,
        "support": 10098.0
    },
    "weighted avg": {
        "precision": 0.7422184190719736,
        "recall": 0.6214101802337096,
        "f1-score": 0.5409197471846806,
        "support": 10098.0
    },
    "roc_auc": null,
    "model": "SVM",
    "params": {
        "max_iter": 1500,
        "C": 1,
        "normalize": true
    },
    "mode": "training"
}