{
    "0": {
        "precision": 0.8464608834486429,
        "recall": 0.6956046359064072,
        "f1-score": 0.7636538230704597,
        "support": 4573.0
    },
    "1": {
        "precision": 0.7804416403785489,
        "recall": 0.8955656108597285,
        "f1-score": 0.8340497260851243,
        "support": 5525.0
    },
    "accuracy": 0.8050108932461874,
    "macro avg": {
        "precision": 0.8134512619135958,
        "recall": 0.7955851233830679,
        "f1-score": 0.798851774577792,
        "support": 10098.0
    },
    "weighted avg": {
        "precision": 0.8103392437217395,
        "recall": 0.8050108932461874,
        "f1-score": 0.8021700999724226,
        "support": 10098.0
    },
    "roc_auc": null,
    "model": "SVM",
    "params": {
        "max_iter": 3000,
        "random_state": 42,
        "C": 1,
        "tol": 0.0009,
        "normalize": true
    },
    "mode": "training"
}