{
    "0": {
        "precision": 0.8605974395448079,
        "recall": 0.6614913623441941,
        "f1-score": 0.7480217606330366,
        "support": 4573.0
    },
    "1": {
        "precision": 0.7648488531064864,
        "recall": 0.9113122171945701,
        "f1-score": 0.8316815328708292,
        "support": 5525.0
    },
    "accuracy": 0.7981778570013864,
    "macro avg": {
        "precision": 0.8127231463256472,
        "recall": 0.7864017897693821,
        "f1-score": 0.789851646751933,
        "support": 10098.0
    },
    "weighted avg": {
        "precision": 0.8082097449447162,
        "recall": 0.7981778570013864,
        "f1-score": 0.7937952050392363,
        "support": 10098.0
    },
    "roc_auc": null,
    "model": "SVM",
    "params": {
        "max_iter": 3000,
        "C": 1
    },
    "mode": "training"
}