{
    "0": {
        "precision": 0.8634751773049646,
        "recall": 0.7057971014492753,
        "f1-score": 0.7767145135566188,
        "support": 690.0
    },
    "1": {
        "precision": 0.7512254901960784,
        "recall": 0.8884057971014493,
        "f1-score": 0.8140770252324038,
        "support": 690.0
    },
    "accuracy": 0.7971014492753623,
    "macro avg": {
        "precision": 0.8073503337505215,
        "recall": 0.7971014492753623,
        "f1-score": 0.7953957693945113,
        "support": 1380.0
    },
    "weighted avg": {
        "precision": 0.8073503337505216,
        "recall": 0.7971014492753623,
        "f1-score": 0.7953957693945112,
        "support": 1380.0
    },
    "roc_auc": null,
    "model": "SVM",
    "params": {
        "max_iter": 3000,
        "random_state": 42,
        "C": 1,
        "tol": 0.0009,
        "normalize": true
    },
    "mode": "training"
}