{
    "0": {
        "precision": 0.39245770581822587,
        "recall": 0.4473696322547982,
        "f1-score": 0.4181184668989547,
        "support": 21727.0
    },
    "1": {
        "precision": 0.6352034930157434,
        "recall": 0.6175348989698549,
        "f1-score": 0.6262445972666981,
        "support": 57953.0
    },
    "2": {
        "precision": 0.3799074172232234,
        "recall": 0.39572290930506476,
        "f1-score": 0.38765392034903634,
        "support": 27168.0
    },
    "3": {
        "precision": 0.6751243394466895,
        "recall": 0.585480093676815,
        "f1-score": 0.6271148206632078,
        "support": 59353.0
    },
    "4": {
        "precision": 0.25661499921715986,
        "recall": 0.35530023845653586,
        "f1-score": 0.298,
        "support": 13839.0
    },
    "accuracy": 0.5328038213730282,
    "macro avg": {
        "precision": 0.4678615909442084,
        "recall": 0.4802815545326137,
        "f1-score": 0.47142636103557944,
        "support": 180040.0
    },
    "weighted avg": {
        "precision": 0.5514449633943576,
        "recall": 0.5328038213730282,
        "f1-score": 0.5401808638890054,
        "support": 180040.0
    },
    "roc_auc": null,
    "model": "SVM",
    "params": {
        "max_iter": 200,
        "random_state'": 42,
        "C": 0.7,
        "tol": 0.0005,
        "normalize": true
    },
    "mode": "training"
}