{
    "0": {
        "precision": 0.38124702522608284,
        "recall": 0.4424192212096106,
        "f1-score": 0.40956154927777066,
        "support": 3621.0
    },
    "1": {
        "precision": 0.6333509234828496,
        "recall": 0.6178317718521569,
        "f1-score": 0.6254951011048572,
        "support": 9713.0
    },
    "2": {
        "precision": 0.3859869939165093,
        "recall": 0.40253773791292935,
        "f1-score": 0.39408866995073893,
        "support": 4571.0
    },
    "3": {
        "precision": 0.6664723032069971,
        "recall": 0.5774477114277053,
        "f1-score": 0.6187743611953227,
        "support": 9897.0
    },
    "4": {
        "precision": 0.25866495507060333,
        "recall": 0.34547792541791683,
        "f1-score": 0.29583409799963295,
        "support": 2333.0
    },
    "accuracy": 0.5297494607599137,
    "macro avg": {
        "precision": 0.4651444401806085,
        "recall": 0.47714287356406376,
        "f1-score": 0.46875075590566445,
        "support": 30135.0
    },
    "weighted avg": {
        "precision": 0.5474073758866532,
        "recall": 0.5297494607599137,
        "f1-score": 0.5367189779556782,
        "support": 30135.0
    },
    "roc_auc": null,
    "model": "SVM",
    "params": {
        "max_iter": 200,
        "random_state'": 42,
        "C": 0.7,
        "tol": 0.0005,
        "normalize": true
    },
    "mode": "training"
}