{
    "0": {
        "precision": 0.7224111282843895,
        "recall": 0.8066965826717294,
        "f1-score": 0.7622309197651663,
        "support": 2897.0
    },
    "1": {
        "precision": 0.6137871358523219,
        "recall": 0.7878563495001851,
        "f1-score": 0.6900129701686122,
        "support": 2701.0
    },
    "2": {
        "precision": 0.7942583732057417,
        "recall": 0.7025392986698912,
        "f1-score": 0.7455887070901508,
        "support": 1654.0
    },
    "3": {
        "precision": 0.0,
        "recall": 0.0,
        "f1-score": 0.0,
        "support": 162.0
    },
    "4": {
        "precision": 0.0,
        "recall": 0.0,
        "f1-score": 0.0,
        "support": 554.0
    },
    "5": {
        "precision": 0.8146911519198664,
        "recall": 0.3523465703971119,
        "f1-score": 0.49193548387096775,
        "support": 1385.0
    },
    "6": {
        "precision": 0.6526460955007757,
        "recall": 0.8751733703190014,
        "f1-score": 0.7477041572035154,
        "support": 4326.0
    },
    "7": {
        "precision": 0.7132409545804465,
        "recall": 0.8715898400752587,
        "f1-score": 0.7845046570702794,
        "support": 4252.0
    },
    "8": {
        "precision": 0.9707112970711297,
        "recall": 0.11213146447559208,
        "f1-score": 0.20103986135181975,
        "support": 2069.0
    },
    "accuracy": 0.69195,
    "macro avg": {
        "precision": 0.5868606818238524,
        "recall": 0.5009259417898634,
        "f1-score": 0.49144630628005687,
        "support": 20000.0
    },
    "weighted avg": {
        "precision": 0.7028581954460446,
        "recall": 0.69195,
        "f1-score": 0.648633791636783,
        "support": 20000.0
    },
    "roc_auc": null,
    "model": "LogisticRegression",
    "params": {
        "max_iter": 2000,
        "random_state": 42,
        "C": 0.3
    },
    "mode": "training"
}