{
    "0": {
        "precision": 0.7755165936130244,
        "recall": 0.855022437003797,
        "f1-score": 0.813331144311279,
        "support": 2897.0
    },
    "1": {
        "precision": 0.6731391585760518,
        "recall": 0.8470936690114772,
        "f1-score": 0.7501639344262295,
        "support": 2701.0
    },
    "2": {
        "precision": 0.8056900726392252,
        "recall": 0.8047158403869408,
        "f1-score": 0.8052026618269812,
        "support": 1654.0
    },
    "3": {
        "precision": 0.0,
        "recall": 0.0,
        "f1-score": 0.0,
        "support": 162.0
    },
    "4": {
        "precision": 0.0,
        "recall": 0.0,
        "f1-score": 0.0,
        "support": 554.0
    },
    "5": {
        "precision": 0.8354577056778679,
        "recall": 0.5205776173285198,
        "f1-score": 0.641459074733096,
        "support": 1385.0
    },
    "6": {
        "precision": 0.735310787832987,
        "recall": 0.8996763754045307,
        "f1-score": 0.8092317288699449,
        "support": 4326.0
    },
    "7": {
        "precision": 0.7750354036010519,
        "recall": 0.9009877704609596,
        "f1-score": 0.833278955954323,
        "support": 4252.0
    },
    "8": {
        "precision": 0.9664634146341463,
        "recall": 0.30642822619623006,
        "f1-score": 0.4653211009174312,
        "support": 2069.0
    },
    "accuracy": 0.7587,
    "macro avg": {
        "precision": 0.6185125707304839,
        "recall": 0.5705002150880506,
        "f1-score": 0.5686654001154762,
        "support": 20000.0
    },
    "weighted avg": {
        "precision": 0.7515279275337597,
        "recall": 0.7587,
        "f1-score": 0.7304613535364758,
        "support": 20000.0
    },
    "roc_auc": null,
    "model": "LogisticRegression",
    "params": {
        "max_iter": 200,
        "random_state": 42,
        "C": 0.5
    },
    "mode": "training"
}