{
    "0": {
        "precision": 0.5644768856447688,
        "recall": 0.6471408647140865,
        "f1-score": 0.6029889538661468,
        "support": 717.0
    },
    "1": {
        "precision": 0.44883720930232557,
        "recall": 0.5884146341463414,
        "f1-score": 0.5092348284960422,
        "support": 656.0
    },
    "2": {
        "precision": 0.6633165829145728,
        "recall": 0.5932584269662922,
        "f1-score": 0.6263345195729537,
        "support": 445.0
    },
    "3": {
        "precision": 0.0,
        "recall": 0.0,
        "f1-score": 0.0,
        "support": 42.0
    },
    "4": {
        "precision": 0.0,
        "recall": 0.0,
        "f1-score": 0.0,
        "support": 151.0
    },
    "5": {
        "precision": 0.6474358974358975,
        "recall": 0.2927536231884058,
        "f1-score": 0.4031936127744511,
        "support": 345.0
    },
    "6": {
        "precision": 0.551255940257977,
        "recall": 0.7504621072088724,
        "f1-score": 0.6356164383561644,
        "support": 1082.0
    },
    "7": {
        "precision": 0.619309262166405,
        "recall": 0.7380729653882133,
        "f1-score": 0.6734955185659411,
        "support": 1069.0
    },
    "8": {
        "precision": 0.29411764705882354,
        "recall": 0.010141987829614604,
        "f1-score": 0.0196078431372549,
        "support": 493.0
    },
    "accuracy": 0.5642,
    "macro avg": {
        "precision": 0.42097215830897444,
        "recall": 0.4022494010490918,
        "f1-score": 0.3856079683076616,
        "support": 5000.0
    },
    "weighted avg": {
        "precision": 0.5242417857874024,
        "recall": 0.5642,
        "f1-score": 0.5203184294695218,
        "support": 5000.0
    },
    "roc_auc": null,
    "model": "LogisticRegression",
    "params": {
        "max_iter": 1000,
        "random_state": 42,
        "C": 0.8
    },
    "mode": "training"
}