{
    "0": {
        "precision": 0.8588815789473684,
        "recall": 0.9012771832930618,
        "f1-score": 0.8795688057941722,
        "support": 2897.0
    },
    "1": {
        "precision": 0.781459063395986,
        "recall": 0.9081821547574972,
        "f1-score": 0.8400684931506849,
        "support": 2701.0
    },
    "2": {
        "precision": 0.8529241459177765,
        "recall": 0.8905683192261185,
        "f1-score": 0.8713398402839396,
        "support": 1654.0
    },
    "3": {
        "precision": 1.0,
        "recall": 0.024691358024691357,
        "f1-score": 0.04819277108433735,
        "support": 162.0
    },
    "4": {
        "precision": 1.0,
        "recall": 0.17328519855595667,
        "f1-score": 0.2953846153846154,
        "support": 554.0
    },
    "5": {
        "precision": 0.8926056338028169,
        "recall": 0.7321299638989169,
        "f1-score": 0.8044426814756049,
        "support": 1385.0
    },
    "6": {
        "precision": 0.824664770418529,
        "recall": 0.9382801664355063,
        "f1-score": 0.8778114186851211,
        "support": 4326.0
    },
    "7": {
        "precision": 0.8519618239660658,
        "recall": 0.9447318908748824,
        "f1-score": 0.8959518233522917,
        "support": 4252.0
    },
    "8": {
        "precision": 0.963963963963964,
        "recall": 0.568873852102465,
        "f1-score": 0.715501519756839,
        "support": 2069.0
    },
    "accuracy": 0.8452,
    "macro avg": {
        "precision": 0.8918289978236119,
        "recall": 0.6757800096854552,
        "f1-score": 0.6920291076630674,
        "support": 20000.0
    },
    "weighted avg": {
        "precision": 0.8573189559191849,
        "recall": 0.8452,
        "f1-score": 0.8315653670200241,
        "support": 20000.0
    },
    "roc_auc": null,
    "model": "LogisticRegression",
    "params": {
        "max_iter": 5000,
        "random_state": 42,
        "C": 0.9
    },
    "mode": "training"
}