{
    "0": {
        "precision": 0.5726495726495726,
        "recall": 0.6541143654114365,
        "f1-score": 0.6106770833333334,
        "support": 717.0
    },
    "1": {
        "precision": 0.44803695150115475,
        "recall": 0.5914634146341463,
        "f1-score": 0.5098554533508541,
        "support": 656.0
    },
    "2": {
        "precision": 0.6650717703349283,
        "recall": 0.6247191011235955,
        "f1-score": 0.6442641946697567,
        "support": 445.0
    },
    "3": {
        "precision": 0.0,
        "recall": 0.0,
        "f1-score": 0.0,
        "support": 42.0
    },
    "4": {
        "precision": 0.0,
        "recall": 0.0,
        "f1-score": 0.0,
        "support": 151.0
    },
    "5": {
        "precision": 0.6449704142011834,
        "recall": 0.3159420289855073,
        "f1-score": 0.42412451361867703,
        "support": 345.0
    },
    "6": {
        "precision": 0.5575589459084604,
        "recall": 0.7430683918669131,
        "f1-score": 0.6370839936608558,
        "support": 1082.0
    },
    "7": {
        "precision": 0.6268774703557313,
        "recall": 0.7418147801683816,
        "f1-score": 0.6795201371036846,
        "support": 1069.0
    },
    "8": {
        "precision": 0.3333333333333333,
        "recall": 0.014198782961460446,
        "f1-score": 0.027237354085603113,
        "support": 493.0
    },
    "accuracy": 0.5696,
    "macro avg": {
        "precision": 0.42761093980937376,
        "recall": 0.4094800961279379,
        "f1-score": 0.3925291922025294,
        "support": 5000.0
    },
    "weighted avg": {
        "precision": 0.5321435686179034,
        "recall": 0.5696,
        "f1-score": 0.5269002186487465,
        "support": 5000.0
    },
    "roc_auc": null,
    "model": "LogisticRegression",
    "params": {
        "max_iter": 200,
        "random_state": 42,
        "C": 0.5
    },
    "mode": "training"
}