{
    "0": {
        "precision": 0.5674300254452926,
        "recall": 0.6220362622036262,
        "f1-score": 0.5934797072521624,
        "support": 717.0
    },
    "1": {
        "precision": 0.44138755980861244,
        "recall": 0.5625,
        "f1-score": 0.49463806970509383,
        "support": 656.0
    },
    "2": {
        "precision": 0.6884272997032641,
        "recall": 0.5213483146067416,
        "f1-score": 0.5933503836317136,
        "support": 445.0
    },
    "3": {
        "precision": 0.0,
        "recall": 0.0,
        "f1-score": 0.0,
        "support": 42.0
    },
    "4": {
        "precision": 0.0,
        "recall": 0.0,
        "f1-score": 0.0,
        "support": 151.0
    },
    "5": {
        "precision": 0.672566371681416,
        "recall": 0.22028985507246376,
        "f1-score": 0.3318777292576419,
        "support": 345.0
    },
    "6": {
        "precision": 0.5184490306441526,
        "recall": 0.7661737523105361,
        "f1-score": 0.618425960462514,
        "support": 1082.0
    },
    "7": {
        "precision": 0.5965309200603318,
        "recall": 0.7399438727782974,
        "f1-score": 0.6605427974947808,
        "support": 1069.0
    },
    "8": {
        "precision": 0.3333333333333333,
        "recall": 0.002028397565922921,
        "f1-score": 0.004032258064516129,
        "support": 493.0
    },
    "accuracy": 0.5488,
    "macro avg": {
        "precision": 0.42423606007515585,
        "recall": 0.38159116161528756,
        "f1-score": 0.36626076731871365,
        "support": 5000.0
    },
    "weighted avg": {
        "precision": 0.5195539704223133,
        "recall": 0.5488,
        "f1-score": 0.5011582608209016,
        "support": 5000.0
    },
    "roc_auc": null,
    "model": "LogisticRegression",
    "params": {
        "max_iter": 2000,
        "random_state": 42,
        "C": 0.3
    },
    "mode": "training"
}