{
    "0": {
        "precision": 0.5896805896805897,
        "recall": 0.6694560669456067,
        "f1-score": 0.6270411495754409,
        "support": 717.0
    },
    "1": {
        "precision": 0.4630484988452656,
        "recall": 0.6112804878048781,
        "f1-score": 0.5269382391590013,
        "support": 656.0
    },
    "2": {
        "precision": 0.6493506493506493,
        "recall": 0.6741573033707865,
        "f1-score": 0.6615214994487321,
        "support": 445.0
    },
    "3": {
        "precision": 0.0,
        "recall": 0.0,
        "f1-score": 0.0,
        "support": 42.0
    },
    "4": {
        "precision": 1.0,
        "recall": 0.013245033112582781,
        "f1-score": 0.026143790849673203,
        "support": 151.0
    },
    "5": {
        "precision": 0.6192660550458715,
        "recall": 0.391304347826087,
        "f1-score": 0.47957371225577267,
        "support": 345.0
    },
    "6": {
        "precision": 0.5822320117474302,
        "recall": 0.732902033271719,
        "f1-score": 0.648936170212766,
        "support": 1082.0
    },
    "7": {
        "precision": 0.6537828947368421,
        "recall": 0.7436856875584659,
        "f1-score": 0.6958424507658644,
        "support": 1069.0
    },
    "8": {
        "precision": 0.35,
        "recall": 0.04259634888438134,
        "f1-score": 0.0759493670886076,
        "support": 493.0
    },
    "accuracy": 0.5854,
    "macro avg": {
        "precision": 0.545262299934072,
        "recall": 0.4309585898638341,
        "f1-score": 0.41577181992842865,
        "support": 5000.0
    },
    "weighted avg": {
        "precision": 0.5763175154359491,
        "recall": 0.5854,
        "f1-score": 0.5484970507097459,
        "support": 5000.0
    },
    "roc_auc": null,
    "model": "LogisticRegression",
    "params": {
        "max_iter": 5000,
        "random_state": 42,
        "C": 0.9
    },
    "mode": "training"
}