{
    "0": {
        "precision": 0.867169563791407,
        "recall": 0.9126682775284778,
        "f1-score": 0.8893373696602758,
        "support": 2897.0
    },
    "1": {
        "precision": 0.7927295918367347,
        "recall": 0.9203998519067013,
        "f1-score": 0.8518074353263663,
        "support": 2701.0
    },
    "2": {
        "precision": 0.8920557913887205,
        "recall": 0.8893591293833132,
        "f1-score": 0.8907054193157735,
        "support": 1654.0
    },
    "3": {
        "precision": 0.0,
        "recall": 0.0,
        "f1-score": 0.0,
        "support": 162.0
    },
    "4": {
        "precision": 1.0,
        "recall": 0.016245487364620937,
        "f1-score": 0.03197158081705151,
        "support": 554.0
    },
    "5": {
        "precision": 0.937560975609756,
        "recall": 0.6938628158844765,
        "f1-score": 0.7975103734439835,
        "support": 1385.0
    },
    "6": {
        "precision": 0.8176249753013238,
        "recall": 0.9565418400369856,
        "f1-score": 0.8816448279535528,
        "support": 4326.0
    },
    "7": {
        "precision": 0.8455958549222798,
        "recall": 0.9595484477892756,
        "f1-score": 0.8989754324115897,
        "support": 4252.0
    },
    "8": {
        "precision": 0.9911717495987159,
        "recall": 0.596906718221363,
        "f1-score": 0.7450980392156863,
        "support": 2069.0
    },
    "accuracy": 0.8512,
    "macro avg": {
        "precision": 0.7937676113832154,
        "recall": 0.6606147297905793,
        "f1-score": 0.66522783090492,
        "support": 20000.0
    },
    "weighted avg": {
        "precision": 0.8582294326116993,
        "recall": 0.8512,
        "f1-score": 0.8325340018370796,
        "support": 20000.0
    },
    "roc_auc": null,
    "model": "LogisticRegression",
    "params": {
        "max_iter": 1000,
        "random_state": 42,
        "C": 0.8
    },
    "mode": "training"
}