{
    "0": {
        "precision": 0.625748502994012,
        "recall": 0.5543766578249337,
        "f1-score": 0.5879043600562588,
        "support": 754.0
    },
    "1": {
        "precision": 0.4129032258064516,
        "recall": 0.5916795069337443,
        "f1-score": 0.4863837872070931,
        "support": 649.0
    },
    "2": {
        "precision": 0.6089887640449438,
        "recall": 0.6878172588832487,
        "f1-score": 0.6460071513706794,
        "support": 394.0
    },
    "3": {
        "precision": 0.0,
        "recall": 0.0,
        "f1-score": 0.0,
        "support": 44.0
    },
    "4": {
        "precision": 0.0,
        "recall": 0.0,
        "f1-score": 0.0,
        "support": 156.0
    },
    "5": {
        "precision": 0.5219512195121951,
        "recall": 0.2988826815642458,
        "f1-score": 0.38010657193605685,
        "support": 358.0
    },
    "6": {
        "precision": 0.5646209386281589,
        "recall": 0.7064137308039747,
        "f1-score": 0.6276083467094703,
        "support": 1107.0
    },
    "7": {
        "precision": 0.5633284241531664,
        "recall": 0.7391304347826086,
        "f1-score": 0.6393648140409528,
        "support": 1035.0
    },
    "8": {
        "precision": 0.2222222222222222,
        "recall": 0.003976143141153081,
        "f1-score": 0.0078125,
        "support": 503.0
    },
    "accuracy": 0.5458,
    "macro avg": {
        "precision": 0.3910848108179056,
        "recall": 0.3980307126593232,
        "f1-score": 0.37502083681339016,
        "support": 5000.0
    },
    "weighted avg": {
        "precision": 0.4972893500525246,
        "recall": 0.5458,
        "f1-score": 0.5019965291225497,
        "support": 5000.0
    },
    "model": "LogisticRegression"
}