{
    "0": {
        "precision": 0.6210995542347697,
        "recall": 0.5543766578249337,
        "f1-score": 0.5858444288717589,
        "support": 754.0
    },
    "1": {
        "precision": 0.43207126948775054,
        "recall": 0.5978428351309707,
        "f1-score": 0.5016160310277957,
        "support": 649.0
    },
    "2": {
        "precision": 0.5841995841995842,
        "recall": 0.7131979695431472,
        "f1-score": 0.6422857142857142,
        "support": 394.0
    },
    "3": {
        "precision": 0.0,
        "recall": 0.0,
        "f1-score": 0.0,
        "support": 44.0
    },
    "4": {
        "precision": 0.0,
        "recall": 0.0,
        "f1-score": 0.0,
        "support": 156.0
    },
    "5": {
        "precision": 0.5037037037037037,
        "recall": 0.37988826815642457,
        "f1-score": 0.43312101910828027,
        "support": 358.0
    },
    "6": {
        "precision": 0.5911477869467366,
        "recall": 0.7118337850045167,
        "f1-score": 0.6459016393442623,
        "support": 1107.0
    },
    "7": {
        "precision": 0.5902140672782875,
        "recall": 0.7458937198067633,
        "f1-score": 0.6589842082799829,
        "support": 1035.0
    },
    "8": {
        "precision": 0.2702702702702703,
        "recall": 0.019880715705765408,
        "f1-score": 0.037037037037037035,
        "support": 503.0
    },
    "accuracy": 0.5586,
    "macro avg": {
        "precision": 0.3991895817912336,
        "recall": 0.41365710568583575,
        "f1-score": 0.38942111977275906,
        "support": 5000.0
    },
    "weighted avg": {
        "precision": 0.5120883971240279,
        "recall": 0.5586,
        "f1-score": 0.5182169599458384,
        "support": 5000.0
    },
    "model": "LogisticRegression"
}