{
    "0": {
        "precision": 0.6423248882265276,
        "recall": 0.5716180371352785,
        "f1-score": 0.6049122807017544,
        "support": 754.0
    },
    "1": {
        "precision": 0.44776119402985076,
        "recall": 0.600924499229584,
        "f1-score": 0.5131578947368421,
        "support": 649.0
    },
    "2": {
        "precision": 0.5748502994011976,
        "recall": 0.7309644670050761,
        "f1-score": 0.6435754189944134,
        "support": 394.0
    },
    "3": {
        "precision": 0.0,
        "recall": 0.0,
        "f1-score": 0.0,
        "support": 44.0
    },
    "4": {
        "precision": 0.8,
        "recall": 0.02564102564102564,
        "f1-score": 0.049689440993788817,
        "support": 156.0
    },
    "5": {
        "precision": 0.5058479532163743,
        "recall": 0.48324022346368717,
        "f1-score": 0.4942857142857143,
        "support": 358.0
    },
    "6": {
        "precision": 0.6141176470588235,
        "recall": 0.7073170731707317,
        "f1-score": 0.6574307304785895,
        "support": 1107.0
    },
    "7": {
        "precision": 0.6142292490118577,
        "recall": 0.7507246376811594,
        "f1-score": 0.6756521739130434,
        "support": 1035.0
    },
    "8": {
        "precision": 0.2714285714285714,
        "recall": 0.03777335984095427,
        "f1-score": 0.06631762652705062,
        "support": 503.0
    },
    "accuracy": 0.573,
    "macro avg": {
        "precision": 0.4967288669303559,
        "recall": 0.43424481368527745,
        "f1-score": 0.411669031181244,
        "support": 5000.0
    },
    "weighted avg": {
        "precision": 0.5518757290627342,
        "recall": 0.573,
        "f1-score": 0.5375702943418708,
        "support": 5000.0
    },
    "model": "LogisticRegression"
}