{
    "0": {
        "precision": 0.652317880794702,
        "recall": 0.5225464190981433,
        "f1-score": 0.5802650957290133,
        "support": 754.0
    },
    "1": {
        "precision": 0.4324618736383442,
        "recall": 0.6117103235747303,
        "f1-score": 0.5067007019783025,
        "support": 649.0
    },
    "2": {
        "precision": 0.5647058823529412,
        "recall": 0.7309644670050761,
        "f1-score": 0.6371681415929203,
        "support": 394.0
    },
    "3": {
        "precision": 0.0,
        "recall": 0.0,
        "f1-score": 0.0,
        "support": 44.0
    },
    "4": {
        "precision": 0.0,
        "recall": 0.0,
        "f1-score": 0.0,
        "support": 156.0
    },
    "5": {
        "precision": 0.4890282131661442,
        "recall": 0.43575418994413406,
        "f1-score": 0.4608567208271787,
        "support": 358.0
    },
    "6": {
        "precision": 0.5973622963537626,
        "recall": 0.6955736224028907,
        "f1-score": 0.6427378964941569,
        "support": 1107.0
    },
    "7": {
        "precision": 0.58649468892261,
        "recall": 0.7468599033816425,
        "f1-score": 0.657033574160646,
        "support": 1035.0
    },
    "8": {
        "precision": 0.30952380952380953,
        "recall": 0.02584493041749503,
        "f1-score": 0.047706422018348627,
        "support": 503.0
    },
    "accuracy": 0.5582,
    "macro avg": {
        "precision": 0.40354384941692373,
        "recall": 0.4188059839804569,
        "f1-score": 0.3924965058667296,
        "support": 5000.0
    },
    "weighted avg": {
        "precision": 0.5188148394720044,
        "recall": 0.5582,
        "f1-score": 0.519587304511573,
        "support": 5000.0
    },
    "model": "LogisticRegression"
}