{
    "0": {
        "precision": 0.6158647844041103,
        "recall": 0.6413,
        "f1-score": 0.6283250869543918,
        "support": 10000.0
    },
    "1": {
        "precision": 0.41932281901400686,
        "recall": 0.3802,
        "f1-score": 0.39880421670949806,
        "support": 10000.0
    },
    "2": {
        "precision": 0.5430379746835443,
        "recall": 0.6006,
        "f1-score": 0.5703703703703704,
        "support": 10000.0
    },
    "3": {
        "precision": 0.5591197314434913,
        "recall": 0.5996,
        "f1-score": 0.5786527697355723,
        "support": 10000.0
    },
    "4": {
        "precision": 0.7281007534015518,
        "recall": 0.7905982905982906,
        "f1-score": 0.758063571972136,
        "support": 8190.0
    },
    "5": {
        "precision": 0.25431357839459867,
        "recall": 0.1017,
        "f1-score": 0.1452960925780413,
        "support": 10000.0
    },
    "6": {
        "precision": 0.5957466481738326,
        "recall": 0.6443,
        "f1-score": 0.619072784049964,
        "support": 10000.0
    },
    "7": {
        "precision": 0.6696155154814563,
        "recall": 0.7872,
        "f1-score": 0.7236624379481522,
        "support": 10000.0
    },
    "8": {
        "precision": 0.6226991189043007,
        "recall": 0.7138,
        "f1-score": 0.6651446675674416,
        "support": 10000.0
    },
    "accuracy": 0.5801338020183694,
    "macro avg": {
        "precision": 0.5564245471000991,
        "recall": 0.5843664767331433,
        "f1-score": 0.5652657775428409,
        "support": 88190.0
    },
    "weighted avg": {
        "precision": 0.552901087145392,
        "recall": 0.5801338020183694,
        "f1-score": 0.5613088208820287,
        "support": 88190.0
    },
    "roc_auc": null,
    "model": "LogisticRegression",
    "params": {
        "max_iter": 1500,
        "C": 0.7
    },
    "mode": "training"
}