{
    "0": {
        "precision": 0.6239151398264223,
        "recall": 0.647,
        "f1-score": 0.635247913598429,
        "support": 2000.0
    },
    "1": {
        "precision": 0.4522712310730744,
        "recall": 0.3435,
        "f1-score": 0.39045183290707586,
        "support": 2000.0
    },
    "2": {
        "precision": 0.5749397590361446,
        "recall": 0.5965,
        "f1-score": 0.5855214723926381,
        "support": 2000.0
    },
    "3": {
        "precision": 0.5580541532813217,
        "recall": 0.608,
        "f1-score": 0.581957406078009,
        "support": 2000.0
    },
    "4": {
        "precision": 0.48010269576379977,
        "recall": 0.8095238095238095,
        "f1-score": 0.6027397260273972,
        "support": 462.0
    },
    "5": {
        "precision": 0.23789764868603042,
        "recall": 0.086,
        "f1-score": 0.12633125229526257,
        "support": 2000.0
    },
    "6": {
        "precision": 0.5631028938906752,
        "recall": 0.7005,
        "f1-score": 0.6243315508021391,
        "support": 2000.0
    },
    "7": {
        "precision": 0.6845667870036101,
        "recall": 0.7585,
        "f1-score": 0.719639468690702,
        "support": 2000.0
    },
    "8": {
        "precision": 0.5692076228686058,
        "recall": 0.7160883280757098,
        "f1-score": 0.6342553785973736,
        "support": 1585.0
    },
    "accuracy": 0.5601670094098585,
    "macro avg": {
        "precision": 0.5271175479366316,
        "recall": 0.5850680152888355,
        "f1-score": 0.5444973334876697,
        "support": 16047.0
    },
    "weighted avg": {
        "precision": 0.5305351002233547,
        "recall": 0.5601670094098585,
        "f1-score": 0.5365939005440272,
        "support": 16047.0
    },
    "roc_auc": {
        "0": 0.9281918559122945,
        "1": 0.8196023350181533,
        "2": 0.897848615362711,
        "3": 0.9069932369901046,
        "4": 0.9731596176254502,
        "5": 0.6308514629458247,
        "6": 0.9196513490425002,
        "7": 0.9607414750480531,
        "8": 0.9402741962292565
    },
    "model": "LogisticRegression",
    "params": {
        "max_iter": 1500,
        "C": 0.7
    },
    "mode": "training"
}