{
    "processing_time_seconds": 1229.1187281608582,
    "memory_usage_mb": 21.53125,
    "successful_samples": 16047,
    "total_samples": 16047,
    "error_rate": 0.0,
    "samples_per_second": 13.05569562349056,
    "timestamp": "2025-06-03 13:50:38"
}