{
    "processing_time_seconds": 7823.4584608078,
    "memory_usage_mb": 0.0,
    "successful_samples": 88190,
    "total_samples": 88190,
    "error_rate": 0.0,
    "samples_per_second": 11.272508244505214,
    "timestamp": "2025-06-03 13:27:57"
}