{
    "0": {
        "precision": 0.8470588235294118,
        "recall": 0.8347826086956521,
        "f1-score": 0.8408759124087591,
        "support": 690.0
    },
    "1": {
        "precision": 0.8371428571428572,
        "recall": 0.8492753623188406,
        "f1-score": 0.8431654676258993,
        "support": 690.0
    },
    "accuracy": 0.8420289855072464,
    "macro avg": {
        "precision": 0.8421008403361345,
        "recall": 0.8420289855072464,
        "f1-score": 0.8420206900173293,
        "support": 1380.0
    },
    "weighted avg": {
        "precision": 0.8421008403361344,
        "recall": 0.8420289855072464,
        "f1-score": 0.8420206900173292,
        "support": 1380.0
    },
    "roc_auc": {
        "0": 0.9173534971644611,
        "1": 0.9173534971644612
    },
    "model": "XGBClassifier",
    "params": {
        "learning_rate": 0.1,
        "max_depth": 3,
        "n_estimators": 500,
        "num_class": 2,
        "eval_metric": "mlogloss",
        "objective": "multi:softmax"
    },
    "mode": "training"
}