{
    "0": {
        "precision": 0.9913871260199456,
        "recall": 0.9564837087251258,
        "f1-score": 0.9736227045075125,
        "support": 4573.0
    },
    "1": {
        "precision": 0.9650017587055927,
        "recall": 0.9931221719457014,
        "f1-score": 0.9788600481669789,
        "support": 5525.0
    },
    "accuracy": 0.9765300059417706,
    "macro avg": {
        "precision": 0.9781944423627691,
        "recall": 0.9748029403354136,
        "f1-score": 0.9762413763372457,
        "support": 10098.0
    },
    "weighted avg": {
        "precision": 0.9769506876745504,
        "recall": 0.9765300059417706,
        "f1-score": 0.9764882544895439,
        "support": 10098.0
    },
    "roc_auc": null,
    "model": "XGBClassifier",
    "params": {
        "learning_rate": 0.1,
        "max_depth": 3,
        "n_estimators": 500,
        "num_class": 2,
        "eval_metric": "mlogloss",
        "objective": "multi:softmax"
    },
    "mode": "training"
}