{
    "0": {
        "precision": 0.9923215898825655,
        "recall": 0.9608572053356659,
        "f1-score": 0.9763359626708144,
        "support": 4573.0
    },
    "1": {
        "precision": 0.9684303350970017,
        "recall": 0.9938461538461538,
        "f1-score": 0.9809736489504243,
        "support": 5525.0
    },
    "accuracy": 0.9789067142008319,
    "macro avg": {
        "precision": 0.9803759624897836,
        "recall": 0.9773516795909098,
        "f1-score": 0.9786548058106193,
        "support": 10098.0
    },
    "weighted avg": {
        "precision": 0.9792497753955146,
        "recall": 0.9789067142008319,
        "f1-score": 0.9788734172850792,
        "support": 10098.0
    },
    "roc_auc": null,
    "model": "XGBClassifier",
    "params": {
        "learning_rate": 0.1,
        "max_depth": 3,
        "n_estimators": 500,
        "num_class": 20,
        "eval_metric": "mlogloss",
        "objective": "multi:softmax"
    },
    "mode": "training"
}