{
    "0": {
        "precision": 0.9831932773109243,
        "recall": 0.975,
        "f1-score": 0.9790794979079498,
        "support": 480.0
    },
    "1": {
        "precision": 0.9078726968174204,
        "recall": 0.928082191780822,
        "f1-score": 0.9178662150719729,
        "support": 584.0
    },
    "2": {
        "precision": 0.9432387312186978,
        "recall": 0.9560067681895094,
        "f1-score": 0.9495798319327731,
        "support": 591.0
    },
    "3": {
        "precision": 0.9015025041736227,
        "recall": 0.9152542372881356,
        "f1-score": 0.9083263246425568,
        "support": 590.0
    },
    "4": {
        "precision": 0.9662522202486679,
        "recall": 0.9411764705882353,
        "f1-score": 0.9535495179666958,
        "support": 578.0
    },
    "5": {
        "precision": 0.9743589743589743,
        "recall": 0.9612141652613828,
        "f1-score": 0.967741935483871,
        "support": 593.0
    },
    "6": {
        "precision": 0.9170731707317074,
        "recall": 0.9641025641025641,
        "f1-score": 0.94,
        "support": 585.0
    },
    "7": {
        "precision": 0.9731543624161074,
        "recall": 0.9764309764309764,
        "f1-score": 0.9747899159663865,
        "support": 594.0
    },
    "8": {
        "precision": 0.9966044142614601,
        "recall": 0.9816053511705686,
        "f1-score": 0.9890480202190396,
        "support": 598.0
    },
    "9": {
        "precision": 0.99,
        "recall": 0.9949748743718593,
        "f1-score": 0.9924812030075187,
        "support": 597.0
    },
    "10": {
        "precision": 0.9933110367892977,
        "recall": 0.99,
        "f1-score": 0.991652754590985,
        "support": 600.0
    },
    "11": {
        "precision": 0.9949494949494949,
        "recall": 0.9932773109243698,
        "f1-score": 0.9941126997476871,
        "support": 595.0
    },
    "12": {
        "precision": 0.9554030874785592,
        "recall": 0.9424703891708968,
        "f1-score": 0.948892674616695,
        "support": 591.0
    },
    "13": {
        "precision": 0.9898477157360406,
        "recall": 0.9848484848484849,
        "f1-score": 0.9873417721518988,
        "support": 594.0
    },
    "14": {
        "precision": 0.9932203389830508,
        "recall": 0.9881956155143339,
        "f1-score": 0.9907016060862215,
        "support": 593.0
    },
    "15": {
        "precision": 0.978441127694859,
        "recall": 0.9849749582637729,
        "f1-score": 0.9816971713810316,
        "support": 599.0
    },
    "16": {
        "precision": 0.9854014598540146,
        "recall": 0.989010989010989,
        "f1-score": 0.9872029250457038,
        "support": 546.0
    },
    "17": {
        "precision": 0.9964539007092199,
        "recall": 0.9964539007092199,
        "f1-score": 0.9964539007092199,
        "support": 564.0
    },
    "18": {
        "precision": 0.978494623655914,
        "recall": 0.978494623655914,
        "f1-score": 0.978494623655914,
        "support": 465.0
    },
    "19": {
        "precision": 0.9805013927576601,
        "recall": 0.9336870026525199,
        "f1-score": 0.9565217391304348,
        "support": 377.0
    },
    "accuracy": 0.9692416475163514,
    "macro avg": {
        "precision": 0.9699637265072845,
        "recall": 0.9687630436967275,
        "f1-score": 0.9692767164657278,
        "support": 11314.0
    },
    "weighted avg": {
        "precision": 0.9695632883785699,
        "recall": 0.9692416475163514,
        "f1-score": 0.9693234468411769,
        "support": 11314.0
    },
    "roc_auc": null,
    "model": "SVM",
    "params": {
        "max_iter": 2000,
        "random_state": 42,
        "C": 0.9,
        "grid_search": false,
        "tol": 0.001,
        "normalize": false
    },
    "mode": "training"
}