{
    "0": {
        "precision": 0.7045454545454546,
        "recall": 0.6802507836990596,
        "f1-score": 0.6921850079744817,
        "support": 319.0
    },
    "1": {
        "precision": 0.6467991169977925,
        "recall": 0.7532133676092545,
        "f1-score": 0.6959619952494062,
        "support": 389.0
    },
    "2": {
        "precision": 0.7764705882352941,
        "recall": 0.6700507614213198,
        "f1-score": 0.7193460490463215,
        "support": 394.0
    },
    "3": {
        "precision": 0.6743002544529262,
        "recall": 0.6760204081632653,
        "f1-score": 0.6751592356687898,
        "support": 392.0
    },
    "4": {
        "precision": 0.7454545454545455,
        "recall": 0.7454545454545455,
        "f1-score": 0.7454545454545455,
        "support": 385.0
    },
    "5": {
        "precision": 0.8609625668449198,
        "recall": 0.8151898734177215,
        "f1-score": 0.8374512353706112,
        "support": 395.0
    },
    "6": {
        "precision": 0.8171021377672208,
        "recall": 0.882051282051282,
        "f1-score": 0.8483353884093712,
        "support": 390.0
    },
    "7": {
        "precision": 0.9125964010282777,
        "recall": 0.8964646464646465,
        "f1-score": 0.9044585987261147,
        "support": 396.0
    },
    "8": {
        "precision": 0.9160671462829736,
        "recall": 0.9597989949748744,
        "f1-score": 0.9374233128834356,
        "support": 398.0
    },
    "9": {
        "precision": 0.9280397022332506,
        "recall": 0.9420654911838791,
        "f1-score": 0.935,
        "support": 397.0
    },
    "10": {
        "precision": 0.9744897959183674,
        "recall": 0.9573934837092731,
        "f1-score": 0.965865992414665,
        "support": 399.0
    },
    "11": {
        "precision": 0.937007874015748,
        "recall": 0.9015151515151515,
        "f1-score": 0.918918918918919,
        "support": 396.0
    },
    "12": {
        "precision": 0.7215189873417721,
        "recall": 0.7251908396946565,
        "f1-score": 0.7233502538071066,
        "support": 393.0
    },
    "13": {
        "precision": 0.8791773778920309,
        "recall": 0.8636363636363636,
        "f1-score": 0.8713375796178344,
        "support": 396.0
    },
    "14": {
        "precision": 0.9240837696335078,
        "recall": 0.8959390862944162,
        "f1-score": 0.9097938144329897,
        "support": 394.0
    },
    "15": {
        "precision": 0.7608247422680412,
        "recall": 0.9271356783919598,
        "f1-score": 0.8357870894677236,
        "support": 398.0
    },
    "16": {
        "precision": 0.6770186335403726,
        "recall": 0.8983516483516484,
        "f1-score": 0.7721369539551358,
        "support": 364.0
    },
    "17": {
        "precision": 0.975975975975976,
        "recall": 0.8643617021276596,
        "f1-score": 0.9167842031029619,
        "support": 376.0
    },
    "18": {
        "precision": 0.6502057613168725,
        "recall": 0.5096774193548387,
        "f1-score": 0.5714285714285714,
        "support": 310.0
    },
    "19": {
        "precision": 0.6265060240963856,
        "recall": 0.41434262948207173,
        "f1-score": 0.4988009592326139,
        "support": 251.0
    },
    "accuracy": 0.8105416887944769,
    "macro avg": {
        "precision": 0.8054573427920865,
        "recall": 0.7989052078498944,
        "f1-score": 0.7987489852580799,
        "support": 7532.0
    },
    "weighted avg": {
        "precision": 0.8121983838439151,
        "recall": 0.8105416887944769,
        "f1-score": 0.808355218883174,
        "support": 7532.0
    },
    "roc_auc": null,
    "model": "SVM",
    "params": {
        "max_iter": 2000,
        "random_state": 42,
        "C": 0.9,
        "grid_search": false,
        "tol": 0.001,
        "normalize": false
    },
    "mode": "training"
}