{
    "0": {
        "precision": 0.8762775685852608,
        "recall": 0.8573684210526316,
        "f1-score": 0.8667198723064645,
        "support": 1900.0
    },
    "1": {
        "precision": 0.9323269130661114,
        "recall": 0.9426315789473684,
        "f1-score": 0.9374509290761581,
        "support": 1900.0
    },
    "2": {
        "precision": 0.8136033229491173,
        "recall": 0.8247368421052632,
        "f1-score": 0.8191322530057501,
        "support": 1900.0
    },
    "3": {
        "precision": 0.8315733896515312,
        "recall": 0.8289473684210527,
        "f1-score": 0.8302583025830258,
        "support": 1900.0
    },
    "accuracy": 0.863421052631579,
    "macro avg": {
        "precision": 0.8634452985630052,
        "recall": 0.863421052631579,
        "f1-score": 0.8633903392428497,
        "support": 7600.0
    },
    "weighted avg": {
        "precision": 0.8634452985630052,
        "recall": 0.863421052631579,
        "f1-score": 0.8633903392428497,
        "support": 7600.0
    },
    "roc_auc": {
        "0": 0.9636773776546628,
        "1": 0.9924761772853186,
        "2": 0.9568464450600185,
        "3": 0.9646031394275162
    },
    "model": "LogisticRegression",
    "params": {
        "C": 0.5,
        "max_iter": 100,
        "penalty": "l2",
        "solver": "lbfgs",
        "tol": 1e-05
    },
    "mode": "training"
}