{
    "processing_time_seconds": 209.92805528640747,
    "memory_usage_mb": 137.015625,
    "successful_samples": 120000,
    "total_samples": 120000,
    "error_rate": 0.0,
    "samples_per_second": 571.6244064485926,
    "timestamp": "2025-05-25 18:24:45"
}