{
    "processing_time_seconds": 12.391521215438843,
    "memory_usage_mb": 9.9375,
    "successful_samples": 7600,
    "total_samples": 7600,
    "error_rate": 0.0,
    "samples_per_second": 613.3225992084821,
    "timestamp": "2025-05-25 18:25:09"
}