{
    "0": {
        "precision": 0.5771675565725909,
        "recall": 0.20895659778156211,
        "f1-score": 0.3068293177440611,
        "support": 21727.0
    },
    "1": {
        "precision": 0.8759579126626931,
        "recall": 0.4970407053992028,
        "f1-score": 0.6342129308541673,
        "support": 57953.0
    },
    "2": {
        "precision": 0.5092014722355577,
        "recall": 0.46849234393404005,
        "f1-score": 0.4879993865501112,
        "support": 27168.0
    },
    "3": {
        "precision": 0.6578162578162579,
        "recall": 0.8064630263002712,
        "f1-score": 0.7245946805128749,
        "support": 59353.0
    },
    "4": {
        "precision": 0.27739651809578847,
        "recall": 0.8324300888792543,
        "f1-score": 0.41612483745123535,
        "support": 13839.0
    },
    "accuracy": 0.5857531659631193,
    "macro avg": {
        "precision": 0.5795079434765775,
        "recall": 0.5626765524588662,
        "f1-score": 0.51395223062249,
        "support": 180040.0
    },
    "weighted avg": {
        "precision": 0.6666338190179145,
        "recall": 0.5857531659631193,
        "f1-score": 0.5856732370594229,
        "support": 180040.0
    },
    "roc_auc": null,
    "model": "SVM",
    "params": {
        "max_iter": 2000,
        "random_state'": 42,
        "C": 0.7,
        "tol": 0.0005,
        "normalize": true
    },
    "mode": "training"
}