{
    "0": {
        "precision": 0.8124499064921186,
        "recall": 0.8414499169894853,
        "f1-score": 0.8266956639934756,
        "support": 3614.0
    },
    "1": {
        "precision": 0.6765197992191857,
        "recall": 0.7226690497467977,
        "f1-score": 0.6988333573383264,
        "support": 3357.0
    },
    "2": {
        "precision": 0.7798657718120805,
        "recall": 0.8303954263935207,
        "f1-score": 0.8043377941855099,
        "support": 2099.0
    },
    "3": {
        "precision": 0.9951219512195122,
        "recall": 1.0,
        "f1-score": 0.9975550122249389,
        "support": 204.0
    },
    "4": {
        "precision": 0.7917847025495751,
        "recall": 0.7929078014184398,
        "f1-score": 0.7923458540042523,
        "support": 705.0
    },
    "5": {
        "precision": 0.7020010816657652,
        "recall": 0.7502890173410405,
        "f1-score": 0.725342274378318,
        "support": 1730.0
    },
    "6": {
        "precision": 0.7512144344205413,
        "recall": 0.8006656804733728,
        "f1-score": 0.7751521661296097,
        "support": 5408.0
    },
    "7": {
        "precision": 0.7737881508078994,
        "recall": 0.8099981206540124,
        "f1-score": 0.791479203011661,
        "support": 5321.0
    },
    "8": {
        "precision": 0.4761549925484352,
        "recall": 0.24941451990632318,
        "f1-score": 0.32735655737704916,
        "support": 2562.0
    },
    "accuracy": 0.742,
    "macro avg": {
        "precision": 0.750988976748346,
        "recall": 0.7553099481025547,
        "f1-score": 0.7487886536270156,
        "support": 25000.0
    },
    "weighted avg": {
        "precision": 0.7287875060162838,
        "recall": 0.742,
        "f1-score": 0.7312434071259168,
        "support": 25000.0
    },
    "roc_auc": null,
    "model": "LogisticRegression",
    "params": {
        "max_iter": 4000,
        "random_state": 42,
        "C": 0.9,
        "grid_search": false,
        "tol": 1e-05,
        "normalize": true
    },
    "mode": "training"
}