{
    "0": {
        "precision": 0.7473544973544973,
        "recall": 0.7493368700265252,
        "f1-score": 0.7483443708609272,
        "support": 754.0
    },
    "1": {
        "precision": 0.573373676248109,
        "recall": 0.5839753466872111,
        "f1-score": 0.5786259541984733,
        "support": 649.0
    },
    "2": {
        "precision": 0.6316964285714286,
        "recall": 0.7182741116751269,
        "f1-score": 0.672209026128266,
        "support": 394.0
    },
    "3": {
        "precision": 0.6176470588235294,
        "recall": 0.4772727272727273,
        "f1-score": 0.5384615384615384,
        "support": 44.0
    },
    "4": {
        "precision": 0.5899280575539568,
        "recall": 0.5256410256410257,
        "f1-score": 0.5559322033898305,
        "support": 156.0
    },
    "5": {
        "precision": 0.5718015665796344,
        "recall": 0.611731843575419,
        "f1-score": 0.5910931174089069,
        "support": 358.0
    },
    "6": {
        "precision": 0.6844783715012722,
        "recall": 0.7289972899728997,
        "f1-score": 0.7060367454068242,
        "support": 1107.0
    },
    "7": {
        "precision": 0.6969147005444646,
        "recall": 0.7420289855072464,
        "f1-score": 0.7187646233036967,
        "support": 1035.0
    },
    "8": {
        "precision": 0.26174496644295303,
        "recall": 0.1550695825049702,
        "f1-score": 0.1947565543071161,
        "support": 503.0
    },
    "accuracy": 0.6404,
    "macro avg": {
        "precision": 0.5972154804022051,
        "recall": 0.588036420318128,
        "f1-score": 0.5893582370517311,
        "support": 5000.0
    },
    "weighted avg": {
        "precision": 0.6238210797171706,
        "recall": 0.6404,
        "f1-score": 0.630025186550631,
        "support": 5000.0
    },
    "roc_auc": {
        "0": 0.9499026076656951,
        "1": 0.8945399442382407,
        "2": 0.9646896235543574,
        "3": 0.9679314329738059,
        "4": 0.9559936691439581,
        "5": 0.9368613990790908,
        "6": 0.9162822298657098,
        "7": 0.934094096289392,
        "8": 0.6653205074644417
    },
    "model": "LogisticRegression",
    "params": {
        "max_iter": 4000,
        "random_state": 42,
        "C": 0.9,
        "grid_search": false,
        "tol": 1e-05,
        "normalize": true
    },
    "mode": "training"
}