{
    "0": {
        "precision": 0.7843426883308715,
        "recall": 0.7695652173913043,
        "f1-score": 0.7768836869056328,
        "support": 690.0
    },
    "1": {
        "precision": 0.7738264580369844,
        "recall": 0.7884057971014493,
        "f1-score": 0.7810480976310122,
        "support": 690.0
    },
    "accuracy": 0.7789855072463768,
    "macro avg": {
        "precision": 0.779084573183928,
        "recall": 0.7789855072463768,
        "f1-score": 0.7789658922683225,
        "support": 1380.0
    },
    "weighted avg": {
        "precision": 0.7790845731839279,
        "recall": 0.7789855072463768,
        "f1-score": 0.7789658922683225,
        "support": 1380.0
    },
    "roc_auc": {
        "0": 0.8487523629489604,
        "1": 0.8487523629489603
    },
    "model": "LogisticRegression",
    "params": {
        "max_iter": 1500,
        "random_state": 42,
        "penalty": "l2",
        "solver": "lbfgs",
        "C": 0.7
    },
    "mode": "training"
}