{
    "0": {
        "precision": 0.7316491897044805,
        "recall": 0.6980445657116872,
        "f1-score": 0.7144519432161973,
        "support": 4398.0
    },
    "1": {
        "precision": 0.8962025316455696,
        "recall": 0.9152016546018614,
        "f1-score": 0.9056024558710668,
        "support": 11604.0
    },
    "2": {
        "precision": 0.775834084761046,
        "recall": 0.8024622271964186,
        "f1-score": 0.7889235283330277,
        "support": 5361.0
    },
    "3": {
        "precision": 0.9028632373451473,
        "recall": 0.924323870317487,
        "f1-score": 0.913467524382652,
        "support": 11906.0
    },
    "4": {
        "precision": 0.7504488330341114,
        "recall": 0.6104417670682731,
        "f1-score": 0.6732434064827864,
        "support": 2739.0
    },
    "accuracy": 0.8517273939124639,
    "macro avg": {
        "precision": 0.8113995752980709,
        "recall": 0.7900948169791454,
        "f1-score": 0.799137771657146,
        "support": 36008.0
    },
    "weighted avg": {
        "precision": 0.8492985697470344,
        "recall": 0.8517273939124639,
        "f1-score": 0.8498096982682254,
        "support": 36008.0
    },
    "roc_auc": null,
    "model": "LogisticRegression",
    "params": {
        "max_iter": 1000,
        "random_state": 42,
        "C": 0.9
    },
    "mode": "training"
}