{
    "0": {
        "precision": 0.7139472904945218,
        "recall": 0.6658381662524164,
        "f1-score": 0.6890540154329808,
        "support": 3621.0
    },
    "1": {
        "precision": 0.898036023201384,
        "recall": 0.9085761350767013,
        "f1-score": 0.9032753326509724,
        "support": 9713.0
    },
    "2": {
        "precision": 0.7683639398998331,
        "recall": 0.8055130168453293,
        "f1-score": 0.7865000534016875,
        "support": 4571.0
    },
    "3": {
        "precision": 0.8990483665260472,
        "recall": 0.9259371526725271,
        "f1-score": 0.9122946739671478,
        "support": 9897.0
    },
    "4": {
        "precision": 0.7297019527235354,
        "recall": 0.6086583797685383,
        "f1-score": 0.663706473475111,
        "support": 2333.0
    },
    "accuracy": 0.8462585034013606,
    "macro avg": {
        "precision": 0.8018195145690642,
        "recall": 0.7829045701231026,
        "f1-score": 0.79096610978558,
        "support": 30135.0
    },
    "weighted avg": {
        "precision": 0.8435472022807413,
        "recall": 0.8462585034013606,
        "f1-score": 0.8442368419077858,
        "support": 30135.0
    },
    "model": "LogisticRegression"
}