{
    "0": {
        "precision": 0.6272089082546599,
        "recall": 0.589131423374261,
        "f1-score": 0.6075741587524915,
        "support": 4398.0
    },
    "1": {
        "precision": 0.8401084010840109,
        "recall": 0.8548776284039986,
        "f1-score": 0.8474286690586025,
        "support": 11604.0
    },
    "2": {
        "precision": 0.6393320964749536,
        "recall": 0.6427905241559411,
        "f1-score": 0.6410566458934053,
        "support": 5361.0
    },
    "3": {
        "precision": 0.828760567873664,
        "recall": 0.872753233663699,
        "f1-score": 0.8501881852397316,
        "support": 11906.0
    },
    "4": {
        "precision": 0.6099953292853807,
        "recall": 0.47681635633442865,
        "f1-score": 0.5352459016393443,
        "support": 2739.0
    },
    "accuracy": 0.7679960008886914,
    "macro avg": {
        "precision": 0.7090810605945339,
        "recall": 0.6872738331864656,
        "f1-score": 0.696298712116715,
        "support": 36008.0
    },
    "weighted avg": {
        "precision": 0.7629566363558539,
        "recall": 0.7679960008886914,
        "f1-score": 0.7645733493289945,
        "support": 36008.0
    },
    "roc_auc": null,
    "model": "LogisticRegression",
    "params": {
        "max_iter": 5000,
        "random_state": 42,
        "C": 0.9
    },
    "mode": "training"
}