{
    "0": {
        "precision": 0.6272855999507481,
        "recall": 0.5879739165560621,
        "f1-score": 0.606993923507685,
        "support": 17329.0
    },
    "1": {
        "precision": 0.8428231999660571,
        "recall": 0.8571705969923838,
        "f1-score": 0.8499363547872967,
        "support": 46349.0
    },
    "2": {
        "precision": 0.6545933943935609,
        "recall": 0.6489200715366625,
        "f1-score": 0.6517443868739206,
        "support": 21807.0
    },
    "3": {
        "precision": 0.8266706149442306,
        "recall": 0.8825637026577022,
        "f1-score": 0.8537032884140996,
        "support": 47447.0
    },
    "4": {
        "precision": 0.6279541656719981,
        "recall": 0.47396396396396395,
        "f1-score": 0.5401991990964164,
        "support": 11100.0
    },
    "accuracy": 0.7720853699177961,
    "macro avg": {
        "precision": 0.715865394985319,
        "recall": 0.690118450341355,
        "f1-score": 0.7005154305358836,
        "support": 144032.0
    },
    "weighted avg": {
        "precision": 0.7665122661251095,
        "recall": 0.7720853699177961,
        "f1-score": 0.7680706974034566,
        "support": 144032.0
    },
    "roc_auc": null,
    "model": "LogisticRegression",
    "params": {
        "max_iter": 5000,
        "random_state": 42,
        "C": 0.9
    },
    "mode": "training"
}