{
    "0": {
        "precision": 0.6182983682983683,
        "recall": 0.5860259596796465,
        "f1-score": 0.6017297603856515,
        "support": 3621.0
    },
    "1": {
        "precision": 0.8443429731100964,
        "recall": 0.8566869144445588,
        "f1-score": 0.8504701553556827,
        "support": 9713.0
    },
    "2": {
        "precision": 0.6721725166322551,
        "recall": 0.6409975935243929,
        "f1-score": 0.6562150055991042,
        "support": 4571.0
    },
    "3": {
        "precision": 0.8260544281305527,
        "recall": 0.8924926745478428,
        "f1-score": 0.8579893152015542,
        "support": 9897.0
    },
    "4": {
        "precision": 0.626391982182628,
        "recall": 0.48221174453493354,
        "f1-score": 0.5449261322354081,
        "support": 2333.0
    },
    "accuracy": 0.7742160278745644,
    "macro avg": {
        "precision": 0.7174520536707801,
        "recall": 0.6916829773462749,
        "f1-score": 0.7022660737554801,
        "support": 30135.0
    },
    "weighted avg": {
        "precision": 0.7681863425449792,
        "recall": 0.7742160278745644,
        "f1-score": 0.76993103670067,
        "support": 30135.0
    },
    "roc_auc": {
        "0": 0.9245658351393962,
        "1": 0.95230341483164,
        "2": 0.9213792796018219,
        "3": 0.9578259042742481,
        "4": 0.9260322743959465
    },
    "model": "LogisticRegression",
    "params": {
        "max_iter": 200,
        "random_state": 42,
        "C": 0.9
    },
    "mode": "training"
}