{
    "0": {
        "precision": 0.6384462151394422,
        "recall": 0.5900492474800939,
        "f1-score": 0.6132944243786925,
        "support": 21727.0
    },
    "1": {
        "precision": 0.8444105949056444,
        "recall": 0.8609045260814798,
        "f1-score": 0.8525777952459885,
        "support": 57953.0
    },
    "2": {
        "precision": 0.6751727804359383,
        "recall": 0.6544464075382803,
        "f1-score": 0.6646480505401667,
        "support": 27168.0
    },
    "3": {
        "precision": 0.8369134613867012,
        "recall": 0.8934005020807709,
        "f1-score": 0.8642349566464568,
        "support": 59353.0
    },
    "4": {
        "precision": 0.6300304060096584,
        "recall": 0.5090685743189537,
        "f1-score": 0.5631269733423924,
        "support": 13839.0
    },
    "accuracy": 0.7807320595423239,
    "macro avg": {
        "precision": 0.7249946915754769,
        "recall": 0.7015738514999157,
        "f1-score": 0.7115764400307395,
        "support": 180040.0
    },
    "weighted avg": {
        "precision": 0.7750669722519306,
        "recall": 0.7807320595423239,
        "f1-score": 0.7769367847665206,
        "support": 180040.0
    },
    "roc_auc": null,
    "model": "LogisticRegression",
    "params": {
        "max_iter": 200,
        "random_state": 42,
        "C": 0.9
    },
    "mode": "training"
}