{
    "0": {
        "precision": 0.6192967160709096,
        "recall": 0.5885114609223971,
        "f1-score": 0.6035117530444634,
        "support": 3621.0
    },
    "1": {
        "precision": 0.8457630562893721,
        "recall": 0.8569957788530835,
        "f1-score": 0.8513423676809,
        "support": 9713.0
    },
    "2": {
        "precision": 0.6718464351005484,
        "recall": 0.6431852986217458,
        "f1-score": 0.6572035319101375,
        "support": 4571.0
    },
    "3": {
        "precision": 0.8260300850228908,
        "recall": 0.8933010003031222,
        "f1-score": 0.8583495145631068,
        "support": 9897.0
    },
    "4": {
        "precision": 0.6294416243654822,
        "recall": 0.4783540505786541,
        "f1-score": 0.5435947394057477,
        "support": 2333.0
    },
    "accuracy": 0.7749128919860627,
    "macro avg": {
        "precision": 0.7184755833698406,
        "recall": 0.6920695178558005,
        "f1-score": 0.7028003813208711,
        "support": 30135.0
    },
    "weighted avg": {
        "precision": 0.7689426610450392,
        "recall": 0.7749128919860627,
        "f1-score": 0.7705914548559648,
        "support": 30135.0
    },
    "roc_auc": {
        "0": 0.9248245345031122,
        "1": 0.952562873840701,
        "2": 0.9220751964321956,
        "3": 0.9581913293842281,
        "4": 0.9259686470671469
    },
    "model": "LogisticRegression",
    "params": {
        "max_iter": 5000,
        "random_state": 42,
        "C": 0.9
    },
    "mode": "training"
}