{
    "0": {
        "precision": 0.6409068261086198,
        "recall": 0.5920283518203158,
        "f1-score": 0.615498720003828,
        "support": 21727.0
    },
    "1": {
        "precision": 0.8453158304293399,
        "recall": 0.8622504443255742,
        "f1-score": 0.8536991637267548,
        "support": 57953.0
    },
    "2": {
        "precision": 0.6761727786415868,
        "recall": 0.6562868080094229,
        "f1-score": 0.6660814016474588,
        "support": 27168.0
    },
    "3": {
        "precision": 0.837986797637472,
        "recall": 0.8940238909574916,
        "f1-score": 0.8650988383941308,
        "support": 59353.0
    },
    "4": {
        "precision": 0.6331392745185849,
        "recall": 0.5108028036707855,
        "f1-score": 0.565429531274996,
        "support": 13839.0
    },
    "accuracy": 0.7820206620750945,
    "macro avg": {
        "precision": 0.7267043014671207,
        "recall": 0.7030784597567179,
        "f1-score": 0.7131615310094337,
        "support": 180040.0
    },
    "weighted avg": {
        "precision": 0.776399010231658,
        "recall": 0.7820206620750945,
        "f1-score": 0.7782418267243917,
        "support": 180040.0
    },
    "roc_auc": null,
    "model": "LogisticRegression",
    "params": {
        "max_iter": 5000,
        "random_state": 42,
        "C": 0.9
    },
    "mode": "training"
}