{
    "0": {
        "precision": 0.8383685800604229,
        "recall": 0.8043478260869565,
        "f1-score": 0.8210059171597633,
        "support": 690.0
    },
    "1": {
        "precision": 0.8119777158774373,
        "recall": 0.8449275362318841,
        "f1-score": 0.828125,
        "support": 690.0
    },
    "accuracy": 0.8246376811594203,
    "macro avg": {
        "precision": 0.8251731479689302,
        "recall": 0.8246376811594203,
        "f1-score": 0.8245654585798816,
        "support": 1380.0
    },
    "weighted avg": {
        "precision": 0.8251731479689302,
        "recall": 0.8246376811594203,
        "f1-score": 0.8245654585798817,
        "support": 1380.0
    },
    "roc_auc": {
        "0": 0.9003717706364209,
        "1": 0.900371770636421
    },
    "model": "LogisticRegression",
    "params": {
        "C": 1,
        "max_iter": 100,
        "penalty": "l2",
        "solver": "lbfgs",
        "tol": 0.0001
    },
    "mode": "training"
}