{
    "0": {
        "precision": 0.8305608365019012,
        "recall": 0.7642685326918872,
        "f1-score": 0.7960368978476255,
        "support": 4573.0
    },
    "1": {
        "precision": 0.8169779286926995,
        "recall": 0.8709502262443439,
        "f1-score": 0.8431011826544021,
        "support": 5525.0
    },
    "accuracy": 0.8226381461675579,
    "macro avg": {
        "precision": 0.8237693825973003,
        "recall": 0.8176093794681156,
        "f1-score": 0.8195690402510138,
        "support": 10098.0
    },
    "weighted avg": {
        "precision": 0.8231291108487184,
        "recall": 0.8226381461675579,
        "f1-score": 0.8217875587267542,
        "support": 10098.0
    },
    "roc_auc": null,
    "model": "LogisticRegression",
    "params": {
        "C": 1,
        "max_iter": 100,
        "penalty": "l2",
        "solver": "lbfgs",
        "tol": 0.0001
    },
    "mode": "training"
}