{
    "0": {
        "precision": 0.9075117370892019,
        "recall": 0.8453968948174065,
        "f1-score": 0.875353786935356,
        "support": 4573.0
    },
    "1": {
        "precision": 0.8788968824940048,
        "recall": 0.9286877828054299,
        "f1-score": 0.9031065739681422,
        "support": 5525.0
    },
    "accuracy": 0.8909685086155674,
    "macro avg": {
        "precision": 0.8932043097916034,
        "recall": 0.8870423388114181,
        "f1-score": 0.8892301804517491,
        "support": 10098.0
    },
    "weighted avg": {
        "precision": 0.8918554614268465,
        "recall": 0.8909685086155674,
        "f1-score": 0.8905383926351128,
        "support": 10098.0
    },
    "roc_auc": null,
    "model": "LogisticRegression",
    "params": {
        "max_iter": 4000,
        "random_state": 42,
        "C": 0.9,
        "grid_search": false,
        "tol": 1e-05,
        "normalize": true
    },
    "mode": "training"
}