{
    "0": {
        "precision": 0.8952431854623196,
        "recall": 0.881578947368421,
        "f1-score": 0.8883585255900291,
        "support": 1900.0
    },
    "1": {
        "precision": 0.9508790072388832,
        "recall": 0.9678947368421053,
        "f1-score": 0.9593114241001565,
        "support": 1900.0
    },
    "2": {
        "precision": 0.8381051535658511,
        "recall": 0.8473684210526315,
        "f1-score": 0.8427113321120125,
        "support": 1900.0
    },
    "3": {
        "precision": 0.8580576307363927,
        "recall": 0.8463157894736842,
        "f1-score": 0.8521462639109698,
        "support": 1900.0
    },
    "accuracy": 0.8857894736842106,
    "macro avg": {
        "precision": 0.8855712442508616,
        "recall": 0.8857894736842105,
        "f1-score": 0.8856318864282919,
        "support": 7600.0
    },
    "weighted avg": {
        "precision": 0.8855712442508615,
        "recall": 0.8857894736842106,
        "f1-score": 0.8856318864282919,
        "support": 7600.0
    },
    "roc_auc": {
        "0": 0.967155216989843,
        "1": 0.9927266851338874,
        "2": 0.9599375807940903,
        "3": 0.9701668513388735
    },
    "model": "LogisticRegression",
    "params": {
        "max_iter": 200,
        "random_state": 42,
        "C": 0.9
    },
    "mode": "training"
}