{
    "0": {
        "precision": 0.902215222378197,
        "recall": 0.8783666666666666,
        "f1-score": 0.8901312344824092,
        "support": 30000.0
    },
    "1": {
        "precision": 0.9448030777256129,
        "recall": 0.9659666666666666,
        "f1-score": 0.9552676687763713,
        "support": 30000.0
    },
    "2": {
        "precision": 0.8403765204998177,
        "recall": 0.8451666666666666,
        "f1-score": 0.8427647870236493,
        "support": 30000.0
    },
    "3": {
        "precision": 0.8525542570951586,
        "recall": 0.8511333333333333,
        "f1-score": 0.8518432026688908,
        "support": 30000.0
    },
    "accuracy": 0.8851583333333334,
    "macro avg": {
        "precision": 0.8849872694246965,
        "recall": 0.8851583333333333,
        "f1-score": 0.8850017232378301,
        "support": 120000.0
    },
    "weighted avg": {
        "precision": 0.8849872694246965,
        "recall": 0.8851583333333334,
        "f1-score": 0.8850017232378301,
        "support": 120000.0
    },
    "roc_auc": null,
    "model": "LogisticRegression",
    "params": {
        "max_iter": 200,
        "random_state": 42,
        "C": 0.9
    },
    "mode": "training"
}