{
    "0": {
        "precision": 0.8951090159104301,
        "recall": 0.7994736842105263,
        "f1-score": 0.8445927161523492,
        "support": 1900.0
    },
    "1": {
        "precision": 0.956698930208864,
        "recall": 0.988421052631579,
        "f1-score": 0.9723013202174475,
        "support": 1900.0
    },
    "2": {
        "precision": 0.7540707467714767,
        "recall": 0.7068421052631579,
        "f1-score": 0.7296930182015756,
        "support": 1900.0
    },
    "3": {
        "precision": 0.7535896248263084,
        "recall": 0.8563157894736843,
        "f1-score": 0.8016752894801675,
        "support": 1900.0
    },
    "accuracy": 0.8377631578947369,
    "macro avg": {
        "precision": 0.8398670794292697,
        "recall": 0.8377631578947369,
        "f1-score": 0.837065586012885,
        "support": 7600.0
    },
    "weighted avg": {
        "precision": 0.8398670794292697,
        "recall": 0.8377631578947369,
        "f1-score": 0.8370655860128849,
        "support": 7600.0
    },
    "roc_auc": null,
    "model": "SVM",
    "params": {
        "max_iter": 2000,
        "random_state'": 42,
        "C": 0.7,
        "tol": 0.0005,
        "normalize": true
    },
    "mode": "training"
}