{
    "0": {
        "precision": 0.8927421612541994,
        "recall": 0.8503666666666667,
        "f1-score": 0.871039333515433,
        "support": 30000.0
    },
    "1": {
        "precision": 0.9590105779153767,
        "recall": 0.9912333333333333,
        "f1-score": 0.9748557566220823,
        "support": 30000.0
    },
    "2": {
        "precision": 0.8026340335037123,
        "recall": 0.7171,
        "f1-score": 0.7574599933102125,
        "support": 30000.0
    },
    "3": {
        "precision": 0.7716954749650433,
        "recall": 0.8646333333333334,
        "f1-score": 0.8155251285114677,
        "support": 30000.0
    },
    "accuracy": 0.8558333333333333,
    "macro avg": {
        "precision": 0.856520561909583,
        "recall": 0.8558333333333333,
        "f1-score": 0.8547200529897989,
        "support": 120000.0
    },
    "weighted avg": {
        "precision": 0.8565205619095829,
        "recall": 0.8558333333333333,
        "f1-score": 0.8547200529897988,
        "support": 120000.0
    },
    "roc_auc": null,
    "model": "SVM",
    "params": {
        "max_iter": 2000,
        "random_state'": 42,
        "C": 0.7,
        "tol": 0.0005,
        "normalize": true
    },
    "mode": "training"
}