{
    "0": {
        "precision": 0.34089603676048247,
        "recall": 0.32780999723833193,
        "f1-score": 0.3342249753625229,
        "support": 3621.0
    },
    "1": {
        "precision": 0.676595744680851,
        "recall": 0.57294347781324,
        "f1-score": 0.6204705095328353,
        "support": 9713.0
    },
    "2": {
        "precision": 0.5391129930911522,
        "recall": 0.5292058630496609,
        "f1-score": 0.5341134908368294,
        "support": 4571.0
    },
    "3": {
        "precision": 0.6394239589066226,
        "recall": 0.7043548550065677,
        "f1-score": 0.6703206884946392,
        "support": 9897.0
    },
    "4": {
        "precision": 0.4277722935176045,
        "recall": 0.5572224603514788,
        "f1-score": 0.48399106478034254,
        "support": 2333.0
    },
    "accuracy": 0.5787954206072673,
    "macro avg": {
        "precision": 0.5247602053913426,
        "recall": 0.538307330691856,
        "f1-score": 0.5286241458014339,
        "support": 30135.0
    },
    "weighted avg": {
        "precision": 0.5839328419011078,
        "recall": 0.5787954206072673,
        "f1-score": 0.5787823616943506,
        "support": 30135.0
    },
    "roc_auc": null,
    "model": "SVM",
    "params": {
        "max_iter": 2000,
        "random_state": 42,
        "C": 0.9,
        "grid_search": false,
        "tol": 0.001,
        "normalize": false
    },
    "mode": "training"
}