{
    "0": {
        "precision": 0.36798374350869273,
        "recall": 0.37506328531320476,
        "f1-score": 0.3714897884755653,
        "support": 21727.0
    },
    "1": {
        "precision": 0.6861228087356772,
        "recall": 0.6044553344951944,
        "f1-score": 0.6427051225598122,
        "support": 57953.0
    },
    "2": {
        "precision": 0.5798322575658021,
        "recall": 0.5521937573616019,
        "f1-score": 0.5656756094342112,
        "support": 27168.0
    },
    "3": {
        "precision": 0.6696681489452612,
        "recall": 0.7129715431401951,
        "f1-score": 0.6906417286852069,
        "support": 59353.0
    },
    "4": {
        "precision": 0.4895927092709271,
        "recall": 0.6288749187079992,
        "f1-score": 0.5505614423533133,
        "support": 13839.0
    },
    "accuracy": 0.6065374361253055,
    "macro avg": {
        "precision": 0.5586399336052721,
        "recall": 0.5747117678036391,
        "f1-score": 0.5642147383016217,
        "support": 180040.0
    },
    "weighted avg": {
        "precision": 0.6111598969749401,
        "recall": 0.6065374361253055,
        "f1-score": 0.6070717722861955,
        "support": 180040.0
    },
    "roc_auc": null,
    "model": "SVM",
    "params": {
        "max_iter": 2000,
        "random_state": 42,
        "C": 0.9,
        "grid_search": false,
        "tol": 0.001,
        "normalize": false
    },
    "mode": "training"
}