{
    "0": {
        "precision": 0.9132075471698113,
        "recall": 0.891578947368421,
        "f1-score": 0.9022636484687084,
        "support": 1900.0
    },
    "1": {
        "precision": 0.9578189300411523,
        "recall": 0.98,
        "f1-score": 0.9687825182101977,
        "support": 1900.0
    },
    "2": {
        "precision": 0.8538622129436325,
        "recall": 0.8610526315789474,
        "f1-score": 0.8574423480083857,
        "support": 1900.0
    },
    "3": {
        "precision": 0.8694960212201591,
        "recall": 0.8626315789473684,
        "f1-score": 0.8660501981505945,
        "support": 1900.0
    },
    "accuracy": 0.8988157894736842,
    "macro avg": {
        "precision": 0.8985961778436888,
        "recall": 0.8988157894736841,
        "f1-score": 0.8986346782094715,
        "support": 7600.0
    },
    "weighted avg": {
        "precision": 0.8985961778436888,
        "recall": 0.8988157894736842,
        "f1-score": 0.8986346782094715,
        "support": 7600.0
    },
    "roc_auc": {
        "0": 0.9738440443213296,
        "1": 0.9946328716528163,
        "2": 0.9679816251154202,
        "3": 0.9749924284395199
    },
    "model": "LogisticRegression",
    "params": {
        "max_iter": 200,
        "random_state": 42,
        "C": 0.9
    },
    "mode": "training"
}