{
    "0": {
        "precision": 0.5515451295362163,
        "recall": 0.5184366800165723,
        "f1-score": 0.534478667362726,
        "support": 21723.0
    },
    "1": {
        "precision": 0.8136031299236992,
        "recall": 0.7931998619261305,
        "f1-score": 0.8032719550455749,
        "support": 57940.0
    },
    "2": {
        "precision": 0.5940251118487516,
        "recall": 0.6061855670103092,
        "f1-score": 0.6000437349661054,
        "support": 27160.0
    },
    "3": {
        "precision": 0.770585024110636,
        "recall": 0.8565721606041196,
        "f1-score": 0.8113065968452647,
        "support": 59326.0
    },
    "4": {
        "precision": 0.6870885538330855,
        "recall": 0.46765917467659174,
        "f1-score": 0.5565254783917437,
        "support": 13837.0
    },
    "accuracy": 0.727678819463736,
    "macro avg": {
        "precision": 0.6833693898504777,
        "recall": 0.6484106888467447,
        "f1-score": 0.661125286522283,
        "support": 179986.0
    },
    "weighted avg": {
        "precision": 0.724934570990424,
        "recall": 0.727678819463736,
        "f1-score": 0.7238422055998203,
        "support": 179986.0
    },
    "roc_auc": null,
    "model": "LogisticRegression",
    "params": {
        "max_iter": 4000,
        "random_state": 42,
        "C": 0.9,
        "grid_search": false,
        "tol": 1e-05,
        "normalize": true
    },
    "mode": "training"
}