{
    "0": {
        "precision": 0.5448377581120945,
        "recall": 0.5103619784470849,
        "f1-score": 0.5270366671422457,
        "support": 3619.0
    },
    "1": {
        "precision": 0.8141196544737123,
        "recall": 0.7859569648924122,
        "f1-score": 0.7997904662126768,
        "support": 9713.0
    },
    "2": {
        "precision": 0.5947754749568221,
        "recall": 0.6028446389496718,
        "f1-score": 0.5987828732884155,
        "support": 4570.0
    },
    "3": {
        "precision": 0.7599784250269687,
        "recall": 0.8546300040436716,
        "f1-score": 0.8045298819946707,
        "support": 9892.0
    },
    "4": {
        "precision": 0.6814490943160525,
        "recall": 0.4682403433476395,
        "f1-score": 0.5550750445179343,
        "support": 2330.0
    },
    "accuracy": 0.72304474837339,
    "macro avg": {
        "precision": 0.67903208137713,
        "recall": 0.644406785936096,
        "f1-score": 0.6570429866311887,
        "support": 30124.0
    },
    "weighted avg": {
        "precision": 0.7204527599650343,
        "recall": 0.72304474837339,
        "f1-score": 0.7191569072519468,
        "support": 30124.0
    },
    "model": "LogisticRegression"
}