{
    "0": {
        "precision": 0.6311475409836066,
        "recall": 0.4827586206896552,
        "f1-score": 0.5470692717584369,
        "support": 319.0
    },
    "1": {
        "precision": 0.6210526315789474,
        "recall": 0.6066838046272494,
        "f1-score": 0.6137841352405722,
        "support": 389.0
    },
    "2": {
        "precision": 0.5456852791878173,
        "recall": 0.5456852791878173,
        "f1-score": 0.5456852791878173,
        "support": 394.0
    },
    "3": {
        "precision": 0.5637393767705382,
        "recall": 0.5076530612244898,
        "f1-score": 0.5342281879194631,
        "support": 392.0
    },
    "4": {
        "precision": 0.6309523809523809,
        "recall": 0.5506493506493506,
        "f1-score": 0.5880721220527045,
        "support": 385.0
    },
    "5": {
        "precision": 0.6082949308755761,
        "recall": 0.6683544303797468,
        "f1-score": 0.6369119420989143,
        "support": 395.0
    },
    "6": {
        "precision": 0.5235507246376812,
        "recall": 0.7410256410256411,
        "f1-score": 0.613588110403397,
        "support": 390.0
    },
    "7": {
        "precision": 0.6894117647058824,
        "recall": 0.73989898989899,
        "f1-score": 0.7137637028014616,
        "support": 396.0
    },
    "8": {
        "precision": 0.7371428571428571,
        "recall": 0.6482412060301508,
        "f1-score": 0.6898395721925134,
        "support": 398.0
    },
    "9": {
        "precision": 0.8195121951219512,
        "recall": 0.8463476070528967,
        "f1-score": 0.8327137546468402,
        "support": 397.0
    },
    "10": {
        "precision": 0.8690176322418136,
        "recall": 0.8646616541353384,
        "f1-score": 0.8668341708542714,
        "support": 399.0
    },
    "11": {
        "precision": 0.7643979057591623,
        "recall": 0.7373737373737373,
        "f1-score": 0.7506426735218509,
        "support": 396.0
    },
    "12": {
        "precision": 0.53315649867374,
        "recall": 0.5114503816793893,
        "f1-score": 0.522077922077922,
        "support": 393.0
    },
    "13": {
        "precision": 0.8039702233250621,
        "recall": 0.8181818181818182,
        "f1-score": 0.8110137672090113,
        "support": 396.0
    },
    "14": {
        "precision": 0.7369668246445498,
        "recall": 0.7893401015228426,
        "f1-score": 0.7622549019607843,
        "support": 394.0
    },
    "15": {
        "precision": 0.5628058727569332,
        "recall": 0.8668341708542714,
        "f1-score": 0.6824925816023739,
        "support": 398.0
    },
    "16": {
        "precision": 0.5721040189125296,
        "recall": 0.6648351648351648,
        "f1-score": 0.6149936467598475,
        "support": 364.0
    },
    "17": {
        "precision": 0.8247422680412371,
        "recall": 0.851063829787234,
        "f1-score": 0.837696335078534,
        "support": 376.0
    },
    "18": {
        "precision": 0.5714285714285714,
        "recall": 0.4258064516129032,
        "f1-score": 0.4879852125693161,
        "support": 310.0
    },
    "19": {
        "precision": 0.5,
        "recall": 0.035856573705179286,
        "f1-score": 0.06691449814126393,
        "support": 251.0
    },
    "accuracy": 0.6607806691449815,
    "macro avg": {
        "precision": 0.6554539748870419,
        "recall": 0.6451350937226934,
        "f1-score": 0.6359280894038648,
        "support": 7532.0
    },
    "weighted avg": {
        "precision": 0.6599470760477163,
        "recall": 0.6607806691449815,
        "f1-score": 0.6493757582374784,
        "support": 7532.0
    },
    "roc_auc": {
        "0": 0.9460530816224797,
        "1": 0.9370606418205827,
        "2": 0.9392036330897904,
        "3": 0.9345073743783228,
        "4": 0.9403327888006775,
        "5": 0.9631941229783106,
        "6": 0.973151598704665,
        "7": 0.9636945406984646,
        "8": 0.9717285615067205,
        "9": 0.9862002863099032,
        "10": 0.9920381354339163,
        "11": 0.9642543710649093,
        "12": 0.9100653793251918,
        "13": 0.9749905869230421,
        "14": 0.9674783421254373,
        "15": 0.9732990013143937,
        "16": 0.9495403104150315,
        "17": 0.979727991984111,
        "18": 0.9345315836020761,
        "19": 0.9122646893541068
    },
    "model": "LogisticRegression",
    "params": {
        "max_iter": 200,
        "random_state": 42,
        "C": 0.9
    },
    "mode": "training"
}