{
    "0": {
        "precision": 0.7091346153846154,
        "recall": 0.6145833333333334,
        "f1-score": 0.6584821428571429,
        "support": 480.0
    },
    "1": {
        "precision": 0.6812977099236641,
        "recall": 0.6113013698630136,
        "f1-score": 0.644404332129964,
        "support": 584.0
    },
    "2": {
        "precision": 0.6181172291296625,
        "recall": 0.5888324873096447,
        "f1-score": 0.6031195840554593,
        "support": 591.0
    },
    "3": {
        "precision": 0.5900178253119429,
        "recall": 0.5610169491525424,
        "f1-score": 0.575152041702867,
        "support": 590.0
    },
    "4": {
        "precision": 0.6493506493506493,
        "recall": 0.6055363321799307,
        "f1-score": 0.6266786034019696,
        "support": 578.0
    },
    "5": {
        "precision": 0.6402985074626866,
        "recall": 0.7234401349072512,
        "f1-score": 0.6793349168646081,
        "support": 593.0
    },
    "6": {
        "precision": 0.559850374064838,
        "recall": 0.7675213675213676,
        "f1-score": 0.6474405191059841,
        "support": 585.0
    },
    "7": {
        "precision": 0.7007874015748031,
        "recall": 0.7491582491582491,
        "f1-score": 0.7241659886086249,
        "support": 594.0
    },
    "8": {
        "precision": 0.7742504409171076,
        "recall": 0.7341137123745819,
        "f1-score": 0.7536480686695279,
        "support": 598.0
    },
    "9": {
        "precision": 0.8441558441558441,
        "recall": 0.8710217755443886,
        "f1-score": 0.8573784006595219,
        "support": 597.0
    },
    "10": {
        "precision": 0.8976897689768977,
        "recall": 0.9066666666666666,
        "f1-score": 0.9021558872305141,
        "support": 600.0
    },
    "11": {
        "precision": 0.8515358361774744,
        "recall": 0.838655462184874,
        "f1-score": 0.8450465707027942,
        "support": 595.0
    },
    "12": {
        "precision": 0.6871401151631478,
        "recall": 0.6057529610829103,
        "f1-score": 0.6438848920863309,
        "support": 591.0
    },
    "13": {
        "precision": 0.839171974522293,
        "recall": 0.8872053872053872,
        "f1-score": 0.8625204582651391,
        "support": 594.0
    },
    "14": {
        "precision": 0.7906602254428341,
        "recall": 0.8279932546374368,
        "f1-score": 0.8088962108731467,
        "support": 593.0
    },
    "15": {
        "precision": 0.6162227602905569,
        "recall": 0.8497495826377296,
        "f1-score": 0.7143859649122807,
        "support": 599.0
    },
    "16": {
        "precision": 0.7341549295774648,
        "recall": 0.7637362637362637,
        "f1-score": 0.748653500897666,
        "support": 546.0
    },
    "17": {
        "precision": 0.8322259136212624,
        "recall": 0.8882978723404256,
        "f1-score": 0.8593481989708405,
        "support": 564.0
    },
    "18": {
        "precision": 0.7536231884057971,
        "recall": 0.6709677419354839,
        "f1-score": 0.7098976109215017,
        "support": 465.0
    },
    "19": {
        "precision": 0.8163265306122449,
        "recall": 0.10610079575596817,
        "f1-score": 0.18779342723004694,
        "support": 377.0
    },
    "accuracy": 0.7213187201697012,
    "macro avg": {
        "precision": 0.7293005920032891,
        "recall": 0.7085825849763725,
        "f1-score": 0.7026193660072966,
        "support": 11314.0
    },
    "weighted avg": {
        "precision": 0.7277429237223647,
        "recall": 0.7213187201697012,
        "f1-score": 0.7127095850429208,
        "support": 11314.0
    },
    "roc_auc": null,
    "model": "LogisticRegression",
    "params": {
        "max_iter": 200,
        "random_state": 42,
        "C": 0.9
    },
    "mode": "training"
}