{
    "0": {
        "precision": 0.5783132530120482,
        "recall": 0.6018808777429467,
        "f1-score": 0.5898617511520737,
        "support": 319.0
    },
    "1": {
        "precision": 0.6139534883720931,
        "recall": 0.6786632390745502,
        "f1-score": 0.6446886446886447,
        "support": 389.0
    },
    "2": {
        "precision": 0.6787878787878788,
        "recall": 0.5685279187817259,
        "f1-score": 0.6187845303867403,
        "support": 394.0
    },
    "3": {
        "precision": 0.5552995391705069,
        "recall": 0.6147959183673469,
        "f1-score": 0.5835351089588378,
        "support": 392.0
    },
    "4": {
        "precision": 0.6309226932668329,
        "recall": 0.6571428571428571,
        "f1-score": 0.6437659033078881,
        "support": 385.0
    },
    "5": {
        "precision": 0.7883597883597884,
        "recall": 0.7544303797468355,
        "f1-score": 0.7710219922380336,
        "support": 395.0
    },
    "6": {
        "precision": 0.7690355329949239,
        "recall": 0.7769230769230769,
        "f1-score": 0.7729591836734694,
        "support": 390.0
    },
    "7": {
        "precision": 0.8041237113402062,
        "recall": 0.7878787878787878,
        "f1-score": 0.7959183673469388,
        "support": 396.0
    },
    "8": {
        "precision": 0.7886363636363637,
        "recall": 0.871859296482412,
        "f1-score": 0.8281622911694511,
        "support": 398.0
    },
    "9": {
        "precision": 0.8740359897172236,
        "recall": 0.8564231738035264,
        "f1-score": 0.8651399491094147,
        "support": 397.0
    },
    "10": {
        "precision": 0.9120603015075377,
        "recall": 0.9097744360902256,
        "f1-score": 0.9109159347553325,
        "support": 399.0
    },
    "11": {
        "precision": 0.9171597633136095,
        "recall": 0.7828282828282829,
        "f1-score": 0.8446866485013624,
        "support": 396.0
    },
    "12": {
        "precision": 0.558695652173913,
        "recall": 0.6539440203562341,
        "f1-score": 0.6025791324736225,
        "support": 393.0
    },
    "13": {
        "precision": 0.8421052631578947,
        "recall": 0.7676767676767676,
        "f1-score": 0.8031704095112285,
        "support": 396.0
    },
    "14": {
        "precision": 0.8594164456233422,
        "recall": 0.8223350253807107,
        "f1-score": 0.8404669260700389,
        "support": 394.0
    },
    "15": {
        "precision": 0.6773547094188377,
        "recall": 0.8492462311557789,
        "f1-score": 0.7536231884057971,
        "support": 398.0
    },
    "16": {
        "precision": 0.6293103448275862,
        "recall": 0.8021978021978022,
        "f1-score": 0.7053140096618358,
        "support": 364.0
    },
    "17": {
        "precision": 0.92,
        "recall": 0.7952127659574468,
        "f1-score": 0.8530670470756063,
        "support": 376.0
    },
    "18": {
        "precision": 0.5745614035087719,
        "recall": 0.42258064516129035,
        "f1-score": 0.48698884758364314,
        "support": 310.0
    },
    "19": {
        "precision": 0.4759036144578313,
        "recall": 0.3147410358565737,
        "f1-score": 0.37889688249400477,
        "support": 251.0
    },
    "accuracy": 0.7263674986723314,
    "macro avg": {
        "precision": 0.7224017868323596,
        "recall": 0.7144531269302589,
        "f1-score": 0.7146773374281981,
        "support": 7532.0
    },
    "weighted avg": {
        "precision": 0.7305979691509813,
        "recall": 0.7263674986723314,
        "f1-score": 0.7250492213105384,
        "support": 7532.0
    },
    "roc_auc": {
        "0": 0.9625293411799576,
        "1": 0.961979783540576,
        "2": 0.9598239493210712,
        "3": 0.9610926513462527,
        "4": 0.9680436256062391,
        "5": 0.9824735777008032,
        "6": 0.9861376185655099,
        "7": 0.9865768107079765,
        "8": 0.9921819639267264,
        "9": 0.9947023842095323,
        "10": 0.9980000470825178,
        "11": 0.9906208950491462,
        "12": 0.942207927140707,
        "13": 0.9816253906780812,
        "14": 0.9917429130996895,
        "15": 0.9890826433823167,
        "16": 0.9823076616463894,
        "17": 0.9947919763804811,
        "18": 0.9399639095595,
        "19": 0.9378998222191579
    },
    "model": "XGBClassifier",
    "params": {
        "learning_rate": 0.1,
        "max_depth": 3,
        "n_estimators": 300,
        "num_class": 20,
        "eval_metric": "mlogloss",
        "objective": "multi:softmax"
    },
    "mode": "training"
}