{
    "0": {
        "precision": 0.5975975975975976,
        "recall": 0.6238244514106583,
        "f1-score": 0.6104294478527608,
        "support": 319.0
    },
    "1": {
        "precision": 0.6114942528735632,
        "recall": 0.6838046272493573,
        "f1-score": 0.6456310679611651,
        "support": 389.0
    },
    "2": {
        "precision": 0.7055214723926381,
        "recall": 0.583756345177665,
        "f1-score": 0.6388888888888888,
        "support": 394.0
    },
    "3": {
        "precision": 0.5817757009345794,
        "recall": 0.6352040816326531,
        "f1-score": 0.6073170731707317,
        "support": 392.0
    },
    "4": {
        "precision": 0.6513317191283293,
        "recall": 0.6987012987012987,
        "f1-score": 0.6741854636591479,
        "support": 385.0
    },
    "5": {
        "precision": 0.8063660477453581,
        "recall": 0.769620253164557,
        "f1-score": 0.7875647668393783,
        "support": 395.0
    },
    "6": {
        "precision": 0.7806122448979592,
        "recall": 0.7846153846153846,
        "f1-score": 0.782608695652174,
        "support": 390.0
    },
    "7": {
        "precision": 0.8274111675126904,
        "recall": 0.8232323232323232,
        "f1-score": 0.8253164556962025,
        "support": 396.0
    },
    "8": {
        "precision": 0.8110599078341014,
        "recall": 0.8844221105527639,
        "f1-score": 0.8461538461538461,
        "support": 398.0
    },
    "9": {
        "precision": 0.8994845360824743,
        "recall": 0.8790931989924433,
        "f1-score": 0.889171974522293,
        "support": 397.0
    },
    "10": {
        "precision": 0.9236641221374046,
        "recall": 0.9097744360902256,
        "f1-score": 0.9166666666666666,
        "support": 399.0
    },
    "11": {
        "precision": 0.9300291545189504,
        "recall": 0.8055555555555556,
        "f1-score": 0.8633288227334236,
        "support": 396.0
    },
    "12": {
        "precision": 0.5689277899343544,
        "recall": 0.6615776081424937,
        "f1-score": 0.611764705882353,
        "support": 393.0
    },
    "13": {
        "precision": 0.875,
        "recall": 0.7777777777777778,
        "f1-score": 0.8235294117647058,
        "support": 396.0
    },
    "14": {
        "precision": 0.8796791443850267,
        "recall": 0.8350253807106599,
        "f1-score": 0.8567708333333334,
        "support": 394.0
    },
    "15": {
        "precision": 0.6913827655310621,
        "recall": 0.8668341708542714,
        "f1-score": 0.7692307692307693,
        "support": 398.0
    },
    "16": {
        "precision": 0.6369426751592356,
        "recall": 0.8241758241758241,
        "f1-score": 0.718562874251497,
        "support": 364.0
    },
    "17": {
        "precision": 0.9418960244648318,
        "recall": 0.8191489361702128,
        "f1-score": 0.8762446657183499,
        "support": 376.0
    },
    "18": {
        "precision": 0.5929203539823009,
        "recall": 0.432258064516129,
        "f1-score": 0.5,
        "support": 310.0
    },
    "19": {
        "precision": 0.5058823529411764,
        "recall": 0.3426294820717131,
        "f1-score": 0.4085510688836104,
        "support": 251.0
    },
    "accuracy": 0.7437599575146043,
    "macro avg": {
        "precision": 0.7409489515026817,
        "recall": 0.7320515655396984,
        "f1-score": 0.7325958749430648,
        "support": 7532.0
    },
    "weighted avg": {
        "precision": 0.7489740347606682,
        "recall": 0.7437599575146043,
        "f1-score": 0.7427765316807833,
        "support": 7532.0
    },
    "roc_auc": {
        "0": 0.9657058593700768,
        "1": 0.9648254335684494,
        "2": 0.9632911293385085,
        "3": 0.9653154118790372,
        "4": 0.9726762114337321,
        "5": 0.982951387226133,
        "6": 0.9873934615743633,
        "7": 0.9888260406758164,
        "8": 0.9935393254469712,
        "9": 0.995475879891054,
        "10": 0.9982923803269566,
        "11": 0.9920728444761516,
        "12": 0.9490723463952977,
        "13": 0.9836396475970468,
        "14": 0.9929760358871443,
        "15": 0.9905153747430734,
        "16": 0.9841630537431318,
        "17": 0.995872753707646,
        "18": 0.9420784163085911,
        "19": 0.9391446711437453
    },
    "model": "XGBClassifier",
    "params": {
        "learning_rate": 0.1,
        "max_depth": 3,
        "n_estimators": 500,
        "num_class": 20,
        "eval_metric": "mlogloss",
        "objective": "multi:softmax"
    },
    "mode": "training"
}