{
    "0": {
        "precision": 0.6351791530944625,
        "recall": 0.6112852664576802,
        "f1-score": 0.6230031948881789,
        "support": 319.0
    },
    "1": {
        "precision": 0.5787234042553191,
        "recall": 0.699228791773779,
        "f1-score": 0.6332945285215367,
        "support": 389.0
    },
    "2": {
        "precision": 0.6754385964912281,
        "recall": 0.5862944162436549,
        "f1-score": 0.6277173913043478,
        "support": 394.0
    },
    "3": {
        "precision": 0.57356608478803,
        "recall": 0.5867346938775511,
        "f1-score": 0.5800756620428752,
        "support": 392.0
    },
    "4": {
        "precision": 0.6606217616580311,
        "recall": 0.6623376623376623,
        "f1-score": 0.6614785992217899,
        "support": 385.0
    },
    "5": {
        "precision": 0.786096256684492,
        "recall": 0.7443037974683544,
        "f1-score": 0.764629388816645,
        "support": 395.0
    },
    "6": {
        "precision": 0.7864321608040201,
        "recall": 0.8025641025641026,
        "f1-score": 0.7944162436548223,
        "support": 390.0
    },
    "7": {
        "precision": 0.8469387755102041,
        "recall": 0.8383838383838383,
        "f1-score": 0.8426395939086294,
        "support": 396.0
    },
    "8": {
        "precision": 0.7955555555555556,
        "recall": 0.8994974874371859,
        "f1-score": 0.8443396226415094,
        "support": 398.0
    },
    "9": {
        "precision": 0.8860103626943006,
        "recall": 0.8614609571788413,
        "f1-score": 0.8735632183908046,
        "support": 397.0
    },
    "10": {
        "precision": 0.9338422391857506,
        "recall": 0.9197994987468672,
        "f1-score": 0.9267676767676768,
        "support": 399.0
    },
    "11": {
        "precision": 0.9136490250696379,
        "recall": 0.8282828282828283,
        "f1-score": 0.8688741721854305,
        "support": 396.0
    },
    "12": {
        "precision": 0.6190476190476191,
        "recall": 0.628498727735369,
        "f1-score": 0.6237373737373737,
        "support": 393.0
    },
    "13": {
        "precision": 0.8051948051948052,
        "recall": 0.7828282828282829,
        "f1-score": 0.793854033290653,
        "support": 396.0
    },
    "14": {
        "precision": 0.8697916666666666,
        "recall": 0.8477157360406091,
        "f1-score": 0.8586118251928021,
        "support": 394.0
    },
    "15": {
        "precision": 0.75,
        "recall": 0.7989949748743719,
        "f1-score": 0.7737226277372263,
        "support": 398.0
    },
    "16": {
        "precision": 0.6599099099099099,
        "recall": 0.804945054945055,
        "f1-score": 0.7252475247524752,
        "support": 364.0
    },
    "17": {
        "precision": 0.9315960912052117,
        "recall": 0.7606382978723404,
        "f1-score": 0.8374816983894583,
        "support": 376.0
    },
    "18": {
        "precision": 0.53125,
        "recall": 0.5483870967741935,
        "f1-score": 0.5396825396825397,
        "support": 310.0
    },
    "19": {
        "precision": 0.5071090047393365,
        "recall": 0.4262948207171315,
        "f1-score": 0.46320346320346323,
        "support": 251.0
    },
    "accuracy": 0.7411046202867764,
    "macro avg": {
        "precision": 0.737297623627729,
        "recall": 0.7319238166269849,
        "f1-score": 0.732817018916512,
        "support": 7532.0
    },
    "weighted avg": {
        "precision": 0.7453843903019295,
        "recall": 0.7411046202867764,
        "f1-score": 0.7414883368136689,
        "support": 7532.0
    },
    "roc_auc": {
        "0": 0.9612116228665849,
        "1": 0.960939701514453,
        "2": 0.964848889122776,
        "3": 0.9631093508832104,
        "4": 0.9711320161579012,
        "5": 0.9816403374817984,
        "6": 0.9904059769223588,
        "7": 0.9896894958554151,
        "8": 0.9950030500131721,
        "9": 0.995505534677566,
        "10": 0.9982526764127478,
        "11": 0.9918729050595644,
        "12": 0.9505415367046297,
        "13": 0.9849988817547674,
        "14": 0.9935947307113,
        "15": 0.9888241318732717,
        "16": 0.9848839776295133,
        "17": 0.9942976731325001,
        "18": 0.9378136697010033,
        "19": 0.9330616005966519
    },
    "model": "XGBClassifier",
    "params": {
        "learning_rate": 0.1,
        "max_depth": 3,
        "n_estimators": 500,
        "num_class": 20,
        "eval_metric": "mlogloss",
        "objective": "multi:softmax"
    },
    "mode": "training"
}