{
    "0": {
        "precision": 0.95625,
        "recall": 0.95625,
        "f1-score": 0.95625,
        "support": 480.0
    },
    "1": {
        "precision": 0.8752079866888519,
        "recall": 0.9006849315068494,
        "f1-score": 0.8877637130801688,
        "support": 584.0
    },
    "2": {
        "precision": 0.8914858096828047,
        "recall": 0.9035532994923858,
        "f1-score": 0.8974789915966387,
        "support": 591.0
    },
    "3": {
        "precision": 0.8839590443686007,
        "recall": 0.8779661016949153,
        "f1-score": 0.8809523809523809,
        "support": 590.0
    },
    "4": {
        "precision": 0.9301075268817204,
        "recall": 0.8979238754325259,
        "f1-score": 0.9137323943661971,
        "support": 578.0
    },
    "5": {
        "precision": 0.9450915141430949,
        "recall": 0.9578414839797639,
        "f1-score": 0.9514237855946399,
        "support": 593.0
    },
    "6": {
        "precision": 0.9175084175084175,
        "recall": 0.9316239316239316,
        "f1-score": 0.9245122985581001,
        "support": 585.0
    },
    "7": {
        "precision": 0.949748743718593,
        "recall": 0.9545454545454546,
        "f1-score": 0.9521410579345088,
        "support": 594.0
    },
    "8": {
        "precision": 0.9588138385502472,
        "recall": 0.9732441471571907,
        "f1-score": 0.9659751037344398,
        "support": 598.0
    },
    "9": {
        "precision": 0.973421926910299,
        "recall": 0.981574539363484,
        "f1-score": 0.9774812343619683,
        "support": 597.0
    },
    "10": {
        "precision": 0.9801324503311258,
        "recall": 0.9866666666666667,
        "f1-score": 0.9833887043189369,
        "support": 600.0
    },
    "11": {
        "precision": 0.9767827529021559,
        "recall": 0.9899159663865547,
        "f1-score": 0.9833055091819699,
        "support": 595.0
    },
    "12": {
        "precision": 0.9264448336252189,
        "recall": 0.8950930626057529,
        "f1-score": 0.9104991394148021,
        "support": 591.0
    },
    "13": {
        "precision": 0.9630252100840336,
        "recall": 0.9646464646464646,
        "f1-score": 0.9638351555929352,
        "support": 594.0
    },
    "14": {
        "precision": 0.9732888146911519,
        "recall": 0.9831365935919055,
        "f1-score": 0.9781879194630873,
        "support": 593.0
    },
    "15": {
        "precision": 0.9557377049180328,
        "recall": 0.9732888146911519,
        "f1-score": 0.9644334160463193,
        "support": 599.0
    },
    "16": {
        "precision": 0.9708029197080292,
        "recall": 0.9743589743589743,
        "f1-score": 0.9725776965265083,
        "support": 546.0
    },
    "17": {
        "precision": 0.9755671902268761,
        "recall": 0.9911347517730497,
        "f1-score": 0.9832893579595426,
        "support": 564.0
    },
    "18": {
        "precision": 0.9577777777777777,
        "recall": 0.9268817204301075,
        "f1-score": 0.9420765027322404,
        "support": 465.0
    },
    "19": {
        "precision": 0.9851190476190477,
        "recall": 0.8779840848806366,
        "f1-score": 0.9284712482468443,
        "support": 377.0
    },
    "accuracy": 0.9462612692239702,
    "macro avg": {
        "precision": 0.9473136755168039,
        "recall": 0.9449157432413882,
        "f1-score": 0.9458887804831114,
        "support": 11314.0
    },
    "weighted avg": {
        "precision": 0.9463917840943771,
        "recall": 0.9462612692239702,
        "f1-score": 0.9461520681835821,
        "support": 11314.0
    },
    "roc_auc": null,
    "model": "XGBClassifier",
    "params": {
        "learning_rate": 0.1,
        "max_depth": 3,
        "n_estimators": 100,
        "num_class": 20,
        "eval_metric": "mlogloss",
        "objective": "multi:softmax"
    },
    "mode": "training"
}