{
    "processing_time_seconds": 111.072016954422,
    "memory_usage_mb": -415.71875,
    "successful_samples": 11314,
    "total_samples": 11314,
    "error_rate": 0.0,
    "samples_per_second": 101.86183982454068,
    "timestamp": "2025-05-24 15:33:14"
}