{
    "processing_time_seconds": 70.67445683479309,
    "memory_usage_mb": -143.09375,
    "successful_samples": 7532,
    "total_samples": 7532,
    "error_rate": 0.0,
    "samples_per_second": 106.57315722435082,
    "timestamp": "2025-05-24 15:34:27"
}