{
    "0": {
        "precision": 0.4899135446685879,
        "recall": 0.5329153605015674,
        "f1-score": 0.5105105105105106,
        "support": 319.0
    },
    "1": {
        "precision": 0.5362997658079626,
        "recall": 0.5886889460154242,
        "f1-score": 0.5612745098039216,
        "support": 389.0
    },
    "2": {
        "precision": 0.5666666666666667,
        "recall": 0.5177664974619289,
        "f1-score": 0.5411140583554377,
        "support": 394.0
    },
    "3": {
        "precision": 0.5074257425742574,
        "recall": 0.5229591836734694,
        "f1-score": 0.5150753768844221,
        "support": 392.0
    },
    "4": {
        "precision": 0.550251256281407,
        "recall": 0.5688311688311688,
        "f1-score": 0.5593869731800766,
        "support": 385.0
    },
    "5": {
        "precision": 0.6965174129353234,
        "recall": 0.7088607594936709,
        "f1-score": 0.7026348808030113,
        "support": 395.0
    },
    "6": {
        "precision": 0.7041564792176039,
        "recall": 0.7384615384615385,
        "f1-score": 0.72090112640801,
        "support": 390.0
    },
    "7": {
        "precision": 0.7061728395061728,
        "recall": 0.7222222222222222,
        "f1-score": 0.714107365792759,
        "support": 396.0
    },
    "8": {
        "precision": 0.7146067415730337,
        "recall": 0.7989949748743719,
        "f1-score": 0.7544483985765125,
        "support": 398.0
    },
    "9": {
        "precision": 0.7818627450980392,
        "recall": 0.8035264483627204,
        "f1-score": 0.7925465838509317,
        "support": 397.0
    },
    "10": {
        "precision": 0.8469135802469135,
        "recall": 0.8596491228070176,
        "f1-score": 0.8532338308457711,
        "support": 399.0
    },
    "11": {
        "precision": 0.8746081504702194,
        "recall": 0.7045454545454546,
        "f1-score": 0.7804195804195804,
        "support": 396.0
    },
    "12": {
        "precision": 0.48596112311015116,
        "recall": 0.5725190839694656,
        "f1-score": 0.5257009345794392,
        "support": 393.0
    },
    "13": {
        "precision": 0.72,
        "recall": 0.6818181818181818,
        "f1-score": 0.7003891050583657,
        "support": 396.0
    },
    "14": {
        "precision": 0.7687861271676301,
        "recall": 0.6751269035532995,
        "f1-score": 0.7189189189189189,
        "support": 394.0
    },
    "15": {
        "precision": 0.6078431372549019,
        "recall": 0.7788944723618091,
        "f1-score": 0.6828193832599119,
        "support": 398.0
    },
    "16": {
        "precision": 0.6159420289855072,
        "recall": 0.7005494505494505,
        "f1-score": 0.6555269922879178,
        "support": 364.0
    },
    "17": {
        "precision": 0.8204419889502762,
        "recall": 0.7898936170212766,
        "f1-score": 0.8048780487804879,
        "support": 376.0
    },
    "18": {
        "precision": 0.544973544973545,
        "recall": 0.33225806451612905,
        "f1-score": 0.41282565130260523,
        "support": 310.0
    },
    "19": {
        "precision": 0.4097222222222222,
        "recall": 0.2350597609561753,
        "f1-score": 0.29873417721518986,
        "support": 251.0
    },
    "accuracy": 0.6538767923526287,
    "macro avg": {
        "precision": 0.647453254885521,
        "recall": 0.6416770605998171,
        "f1-score": 0.6402723203416889,
        "support": 7532.0
    },
    "weighted avg": {
        "precision": 0.6549111387155554,
        "recall": 0.6538767923526287,
        "f1-score": 0.6506522404170467,
        "support": 7532.0
    },
    "model": "XGBClassifier"
}