{
    "0": {
        "precision": 0.893048128342246,
        "recall": 0.8789473684210526,
        "f1-score": 0.8859416445623343,
        "support": 1900.0
    },
    "1": {
        "precision": 0.9465767634854771,
        "recall": 0.9605263157894737,
        "f1-score": 0.9535005224660397,
        "support": 1900.0
    },
    "2": {
        "precision": 0.8474215842636895,
        "recall": 0.8389473684210527,
        "f1-score": 0.8431631843427665,
        "support": 1900.0
    },
    "3": {
        "precision": 0.846954711087975,
        "recall": 0.8563157894736843,
        "f1-score": 0.8516095263020151,
        "support": 1900.0
    },
    "accuracy": 0.8836842105263157,
    "macro avg": {
        "precision": 0.8835002967948469,
        "recall": 0.8836842105263158,
        "f1-score": 0.8835537194182889,
        "support": 7600.0
    },
    "weighted avg": {
        "precision": 0.8835002967948469,
        "recall": 0.8836842105263157,
        "f1-score": 0.8835537194182889,
        "support": 7600.0
    },
    "roc_auc": {
        "0": 0.9656410895660202,
        "1": 0.992704432132964,
        "2": 0.9615122807017544,
        "3": 0.97017783933518
    },
    "model": "LogisticRegression",
    "params": {
        "max_iter": 2000,
        "random_state": 42,
        "C": 0.5,
        "tol": 0.0035
    },
    "mode": "training"
}