{
    "0": {
        "precision": 0.9027303754266212,
        "recall": 0.27842105263157896,
        "f1-score": 0.4255832662912309,
        "support": 1900.0
    },
    "1": {
        "precision": 0.9513846153846154,
        "recall": 0.8136842105263158,
        "f1-score": 0.8771631205673759,
        "support": 1900.0
    },
    "2": {
        "precision": 0.6610169491525424,
        "recall": 0.04105263157894737,
        "f1-score": 0.07730426164519326,
        "support": 1900.0
    },
    "3": {
        "precision": 0.35685828116107,
        "recall": 0.99,
        "f1-score": 0.52461302468275,
        "support": 1900.0
    },
    "accuracy": 0.5307894736842105,
    "macro avg": {
        "precision": 0.7179975552812122,
        "recall": 0.5307894736842105,
        "f1-score": 0.47616591829663757,
        "support": 7600.0
    },
    "weighted avg": {
        "precision": 0.7179975552812122,
        "recall": 0.5307894736842105,
        "f1-score": 0.4761659182966375,
        "support": 7600.0
    },
    "model": "SVM"
}