{
    "0": {
        "precision": 0.7356746765249538,
        "recall": 0.770890979524073,
        "f1-score": 0.7528712336170788,
        "support": 3614.0
    },
    "1": {
        "precision": 0.5923411189570885,
        "recall": 0.6496872207327972,
        "f1-score": 0.6196902969171757,
        "support": 3357.0
    },
    "2": {
        "precision": 0.6879310344827586,
        "recall": 0.7603620771796094,
        "f1-score": 0.7223353699932111,
        "support": 2099.0
    },
    "3": {
        "precision": 0.8177083333333334,
        "recall": 0.7696078431372549,
        "f1-score": 0.7929292929292929,
        "support": 204.0
    },
    "4": {
        "precision": 0.6623188405797101,
        "recall": 0.64822695035461,
        "f1-score": 0.6551971326164875,
        "support": 705.0
    },
    "5": {
        "precision": 0.616657473800331,
        "recall": 0.6462427745664739,
        "f1-score": 0.6311035845328817,
        "support": 1730.0
    },
    "6": {
        "precision": 0.6906374848011116,
        "recall": 0.735207100591716,
        "f1-score": 0.7122257053291536,
        "support": 5408.0
    },
    "7": {
        "precision": 0.7221242060691602,
        "recall": 0.7692163127231724,
        "f1-score": 0.7449267449267449,
        "support": 5321.0
    },
    "8": {
        "precision": 0.38863428047662696,
        "recall": 0.16549570647931303,
        "f1-score": 0.23213796879277307,
        "support": 2562.0
    },
    "accuracy": 0.67152,
    "macro avg": {
        "precision": 0.657114161002786,
        "recall": 0.6572152183654467,
        "f1-score": 0.6514908144060888,
        "support": 25000.0
    },
    "weighted avg": {
        "precision": 0.6545928326336896,
        "recall": 0.67152,
        "f1-score": 0.6577219584950109,
        "support": 25000.0
    },
    "roc_auc": null,
    "model": "LogisticRegression",
    "params": {
        "C": 0.7,
        "max_iter": 4000,
        "penalty": "l2",
        "solver": "lbfgs",
        "tol": 0.0001
    },
    "mode": "training"
}