{
    "0": {
        "precision": 0.6829573934837093,
        "recall": 0.7228116710875332,
        "f1-score": 0.7023195876288659,
        "support": 754.0
    },
    "1": {
        "precision": 0.5443213296398892,
        "recall": 0.6055469953775039,
        "f1-score": 0.5733041575492341,
        "support": 649.0
    },
    "2": {
        "precision": 0.6286353467561522,
        "recall": 0.7131979695431472,
        "f1-score": 0.6682520808561236,
        "support": 394.0
    },
    "3": {
        "precision": 0.7333333333333333,
        "recall": 0.5,
        "f1-score": 0.5945945945945946,
        "support": 44.0
    },
    "4": {
        "precision": 0.6046511627906976,
        "recall": 0.5,
        "f1-score": 0.5473684210526316,
        "support": 156.0
    },
    "5": {
        "precision": 0.5607734806629834,
        "recall": 0.5670391061452514,
        "f1-score": 0.5638888888888889,
        "support": 358.0
    },
    "6": {
        "precision": 0.6544054747647562,
        "recall": 0.6910569105691057,
        "f1-score": 0.672231985940246,
        "support": 1107.0
    },
    "7": {
        "precision": 0.6766256590509666,
        "recall": 0.7439613526570048,
        "f1-score": 0.708697653014266,
        "support": 1035.0
    },
    "8": {
        "precision": 0.24878048780487805,
        "recall": 0.10139165009940358,
        "f1-score": 0.1440677966101695,
        "support": 503.0
    },
    "accuracy": 0.6216,
    "macro avg": {
        "precision": 0.592720407587485,
        "recall": 0.5716672950532167,
        "f1-score": 0.5749694629038912,
        "support": 5000.0
    },
    "weighted avg": {
        "precision": 0.5986233802864963,
        "recall": 0.6216,
        "f1-score": 0.6056935052496117,
        "support": 5000.0
    },
    "roc_auc": {
        "0": 0.9371254080919974,
        "1": 0.8879151809317872,
        "2": 0.9634046079820848,
        "3": 0.9634006530192971,
        "4": 0.956467424675517,
        "5": 0.9199469743103411,
        "6": 0.9001234699392119,
        "7": 0.9184531315678857,
        "8": 0.6604562087117056
    },
    "model": "LogisticRegression",
    "params": {
        "gird_search": true
    },
    "mode": "training"
}