{
    "0": {
        "precision": 0.6883780332056194,
        "recall": 0.7148541114058355,
        "f1-score": 0.7013662979830839,
        "support": 754.0
    },
    "1": {
        "precision": 0.5335195530726257,
        "recall": 0.588597842835131,
        "f1-score": 0.5597069597069597,
        "support": 649.0
    },
    "2": {
        "precision": 0.6187214611872146,
        "recall": 0.6878172588832487,
        "f1-score": 0.6514423076923077,
        "support": 394.0
    },
    "3": {
        "precision": 0.631578947368421,
        "recall": 0.5454545454545454,
        "f1-score": 0.5853658536585366,
        "support": 44.0
    },
    "4": {
        "precision": 0.5693430656934306,
        "recall": 0.5,
        "f1-score": 0.5324232081911263,
        "support": 156.0
    },
    "5": {
        "precision": 0.5234375,
        "recall": 0.5614525139664804,
        "f1-score": 0.5417789757412399,
        "support": 358.0
    },
    "6": {
        "precision": 0.6584327086882453,
        "recall": 0.6982836495031617,
        "f1-score": 0.6777729066199035,
        "support": 1107.0
    },
    "7": {
        "precision": 0.6798206278026906,
        "recall": 0.7323671497584541,
        "f1-score": 0.7051162790697675,
        "support": 1035.0
    },
    "8": {
        "precision": 0.20465116279069767,
        "recall": 0.0874751491053678,
        "f1-score": 0.12256267409470752,
        "support": 503.0
    },
    "accuracy": 0.614,
    "macro avg": {
        "precision": 0.5675425622009939,
        "recall": 0.5684780245458028,
        "f1-score": 0.5641706069730703,
        "support": 5000.0
    },
    "weighted avg": {
        "precision": 0.5897007985597426,
        "recall": 0.614,
        "f1-score": 0.5986516495298133,
        "support": 5000.0
    },
    "roc_auc": {
        "0": 0.9364007441548983,
        "1": 0.8878698519264296,
        "2": 0.9617074176036114,
        "3": 0.9652533201262015,
        "4": 0.9537797222045777,
        "5": 0.9174148351582226,
        "6": 0.8996900141105187,
        "7": 0.9186938855078557,
        "8": 0.6606869788606586
    },
    "model": "LogisticRegression",
    "params": {
        "max_iter": 300,
        "random_state": 42,
        "C": 0.9
    },
    "mode": "training"
}