{
    "0": {
        "precision": 0.7302509907529723,
        "recall": 0.7648035417819591,
        "f1-score": 0.7471279902689553,
        "support": 3614.0
    },
    "1": {
        "precision": 0.5894909688013136,
        "recall": 0.6416443252904379,
        "f1-score": 0.6144629867351306,
        "support": 3357.0
    },
    "2": {
        "precision": 0.6841648590021692,
        "recall": 0.7513101476893759,
        "f1-score": 0.7161671207992734,
        "support": 2099.0
    },
    "3": {
        "precision": 0.7246376811594203,
        "recall": 0.7352941176470589,
        "f1-score": 0.7299270072992701,
        "support": 204.0
    },
    "4": {
        "precision": 0.645021645021645,
        "recall": 0.6340425531914894,
        "f1-score": 0.6394849785407726,
        "support": 705.0
    },
    "5": {
        "precision": 0.6061946902654868,
        "recall": 0.6335260115606937,
        "f1-score": 0.6195590729225551,
        "support": 1730.0
    },
    "6": {
        "precision": 0.687042842215256,
        "recall": 0.7294748520710059,
        "f1-score": 0.7076233183856502,
        "support": 5408.0
    },
    "7": {
        "precision": 0.720205418806446,
        "recall": 0.7643300131554219,
        "f1-score": 0.7416119620714807,
        "support": 5321.0
    },
    "8": {
        "precision": 0.365832614322692,
        "recall": 0.16549570647931303,
        "f1-score": 0.2278957269551196,
        "support": 2562.0
    },
    "accuracy": 0.66496,
    "macro avg": {
        "precision": 0.6392046344830445,
        "recall": 0.646657918762973,
        "f1-score": 0.6382066848864674,
        "support": 25000.0
    },
    "weighted avg": {
        "precision": 0.6476158937925127,
        "recall": 0.66496,
        "f1-score": 0.6517799925538716,
        "support": 25000.0
    },
    "roc_auc": null,
    "model": "LogisticRegression",
    "params": {
        "max_iter": 300,
        "random_state": 42,
        "C": 0.9
    },
    "mode": "training"
}