{
    "0": {
        "precision": 0.7052113041223749,
        "recall": 0.7526286662977311,
        "f1-score": 0.7281488421898006,
        "support": 3614.0
    },
    "1": {
        "precision": 0.5672451193058569,
        "recall": 0.6231754542746499,
        "f1-score": 0.5938963804116395,
        "support": 3357.0
    },
    "2": {
        "precision": 0.6550237171194481,
        "recall": 0.7236779418770843,
        "f1-score": 0.6876414667270258,
        "support": 2099.0
    },
    "3": {
        "precision": 0.6071428571428571,
        "recall": 0.5,
        "f1-score": 0.5483870967741935,
        "support": 204.0
    },
    "4": {
        "precision": 0.5899390243902439,
        "recall": 0.548936170212766,
        "f1-score": 0.5686994856722998,
        "support": 705.0
    },
    "5": {
        "precision": 0.5799890049477735,
        "recall": 0.6098265895953757,
        "f1-score": 0.5945336714567484,
        "support": 1730.0
    },
    "6": {
        "precision": 0.6699312714776632,
        "recall": 0.7209689349112426,
        "f1-score": 0.6945137157107232,
        "support": 5408.0
    },
    "7": {
        "precision": 0.7125513301196215,
        "recall": 0.7500469836496899,
        "f1-score": 0.7308185314045047,
        "support": 5321.0
    },
    "8": {
        "precision": 0.314365671641791,
        "recall": 0.13153786104605777,
        "f1-score": 0.18547055586130984,
        "support": 2562.0
    },
    "accuracy": 0.64408,
    "macro avg": {
        "precision": 0.6001554778075144,
        "recall": 0.5956442890960663,
        "f1-score": 0.5924566384675827,
        "support": 25000.0
    },
    "weighted avg": {
        "precision": 0.6236317691567054,
        "recall": 0.64408,
        "f1-score": 0.6291895201768223,
        "support": 25000.0
    },
    "roc_auc": null,
    "model": "LogisticRegression",
    "params": {
        "gird_search": true
    },
    "mode": "training"
}