{
    "0": {
        "precision": 0.686624203821656,
        "recall": 0.7148541114058355,
        "f1-score": 0.700454840805718,
        "support": 754.0
    },
    "1": {
        "precision": 0.5345303867403315,
        "recall": 0.5963020030816641,
        "f1-score": 0.5637290604515659,
        "support": 649.0
    },
    "2": {
        "precision": 0.6160919540229886,
        "recall": 0.6802030456852792,
        "f1-score": 0.646562123039807,
        "support": 394.0
    },
    "3": {
        "precision": 0.6571428571428571,
        "recall": 0.5227272727272727,
        "f1-score": 0.5822784810126582,
        "support": 44.0
    },
    "4": {
        "precision": 0.5755395683453237,
        "recall": 0.5128205128205128,
        "f1-score": 0.5423728813559322,
        "support": 156.0
    },
    "5": {
        "precision": 0.5268817204301075,
        "recall": 0.547486033519553,
        "f1-score": 0.536986301369863,
        "support": 358.0
    },
    "6": {
        "precision": 0.6550552251486831,
        "recall": 0.6964769647696477,
        "f1-score": 0.6751313485113836,
        "support": 1107.0
    },
    "7": {
        "precision": 0.6737967914438503,
        "recall": 0.7304347826086957,
        "f1-score": 0.7009735744089013,
        "support": 1035.0
    },
    "8": {
        "precision": 0.22274881516587677,
        "recall": 0.09343936381709742,
        "f1-score": 0.13165266106442577,
        "support": 503.0
    },
    "accuracy": 0.6134,
    "macro avg": {
        "precision": 0.5720457246957417,
        "recall": 0.566082676715062,
        "f1-score": 0.564460141335584,
        "support": 5000.0
    },
    "weighted avg": {
        "precision": 0.5898511364527218,
        "recall": 0.6134,
        "f1-score": 0.5980638892110951,
        "support": 5000.0
    },
    "roc_auc": {
        "0": 0.9372216134767501,
        "1": 0.8896213930240785,
        "2": 0.9628403472848259,
        "3": 0.967702142490278,
        "4": 0.9551665819729404,
        "5": 0.9195919452942409,
        "6": 0.9008924595624926,
        "7": 0.9198121242027157,
        "8": 0.6579654826212836
    },
    "model": "LogisticRegression",
    "params": {
        "C": 0.7,
        "max_iter": 4000,
        "penalty": "l2",
        "solver": "lbfgs",
        "tol": 0.0001
    },
    "mode": "training"
}