{
    "0": {
        "precision": 1.0,
        "recall": 0.030434782608695653,
        "f1-score": 0.05907172995780591,
        "support": 690.0
    },
    "1": {
        "precision": 0.5077262693156733,
        "recall": 1.0,
        "f1-score": 0.6734992679355783,
        "support": 690.0
    },
    "accuracy": 0.5152173913043478,
    "macro avg": {
        "precision": 0.7538631346578366,
        "recall": 0.5152173913043478,
        "f1-score": 0.36628549894669216,
        "support": 1380.0
    },
    "weighted avg": {
        "precision": 0.7538631346578366,
        "recall": 0.5152173913043478,
        "f1-score": 0.3662854989466921,
        "support": 1380.0
    },
    "roc_auc": null,
    "model": "SVM",
    "params": {
        "max_iter": 3500,
        "C": 0.9
    },
    "mode": "training"
}