{
    "0": {
        "precision": 0.9595375722543352,
        "recall": 0.03630002186748305,
        "f1-score": 0.06995364517488412,
        "support": 4573.0
    },
    "1": {
        "precision": 0.5559697732997481,
        "recall": 0.9987330316742081,
        "f1-score": 0.7143042071197411,
        "support": 5525.0
    },
    "accuracy": 0.5628837393543276,
    "macro avg": {
        "precision": 0.7577536727770416,
        "recall": 0.5175165267708456,
        "f1-score": 0.3921289261473126,
        "support": 10098.0
    },
    "weighted avg": {
        "precision": 0.7387302748465223,
        "recall": 0.5628837393543276,
        "f1-score": 0.42250235330969643,
        "support": 10098.0
    },
    "roc_auc": null,
    "model": "SVM",
    "params": {
        "max_iter": 3500,
        "C": 1
    },
    "mode": "training"
}