{
    "0": {
        "precision": 1.0,
        "recall": 0.0014492753623188406,
        "f1-score": 0.002894356005788712,
        "support": 690.0
    },
    "1": {
        "precision": 0.5003625815808557,
        "recall": 1.0,
        "f1-score": 0.6669888835186081,
        "support": 690.0
    },
    "accuracy": 0.5007246376811594,
    "macro avg": {
        "precision": 0.7501812907904278,
        "recall": 0.5007246376811594,
        "f1-score": 0.3349416197621984,
        "support": 1380.0
    },
    "weighted avg": {
        "precision": 0.7501812907904278,
        "recall": 0.5007246376811594,
        "f1-score": 0.3349416197621984,
        "support": 1380.0
    },
    "roc_auc": null,
    "model": "SVM",
    "params": {
        "max_iter": 4500,
        "C": 10,
        "tol": 0.001
    },
    "mode": "training"
}