{
    "0": {
        "precision": 1.0,
        "recall": 0.03333333333333333,
        "f1-score": 0.06451612903225806,
        "support": 690.0
    },
    "1": {
        "precision": 0.5084745762711864,
        "recall": 1.0,
        "f1-score": 0.6741573033707865,
        "support": 690.0
    },
    "accuracy": 0.5166666666666667,
    "macro avg": {
        "precision": 0.7542372881355932,
        "recall": 0.5166666666666667,
        "f1-score": 0.3693367162015223,
        "support": 1380.0
    },
    "weighted avg": {
        "precision": 0.7542372881355933,
        "recall": 0.5166666666666667,
        "f1-score": 0.36933671620152225,
        "support": 1380.0
    },
    "roc_auc": null,
    "model": "SVM",
    "params": {
        "max_iter": 3500,
        "C": 1
    },
    "mode": "training"
}