{
    "0": {
        "precision": 0.9239766081871345,
        "recall": 0.034550623223267005,
        "f1-score": 0.06661045531197302,
        "support": 4573.0
    },
    "1": {
        "precision": 0.5552533494509923,
        "recall": 0.9976470588235294,
        "f1-score": 0.7134351540253688,
        "support": 5525.0
    },
    "accuracy": 0.5614973262032086,
    "macro avg": {
        "precision": 0.7396149788190634,
        "recall": 0.5160988410233982,
        "f1-score": 0.3900228046686709,
        "support": 10098.0
    },
    "weighted avg": {
        "precision": 0.7222340844678647,
        "recall": 0.5614973262032086,
        "f1-score": 0.42051285780667613,
        "support": 10098.0
    },
    "roc_auc": null,
    "model": "SVM",
    "params": {
        "max_iter": 1500,
        "C": 1
    },
    "mode": "training"
}