{
    "0": {
        "precision": 0.7692307692307693,
        "recall": 0.002186748305270063,
        "f1-score": 0.00436109899694723,
        "support": 4573.0
    },
    "1": {
        "precision": 0.5475458601883986,
        "recall": 0.9994570135746607,
        "f1-score": 0.7074951953875721,
        "support": 5525.0
    },
    "accuracy": 0.5478312537136066,
    "macro avg": {
        "precision": 0.6583883147095839,
        "recall": 0.5008218809399654,
        "f1-score": 0.3559281471922597,
        "support": 10098.0
    },
    "weighted avg": {
        "precision": 0.6479385210173509,
        "recall": 0.5478312537136066,
        "f1-score": 0.3890725153722891,
        "support": 10098.0
    },
    "roc_auc": null,
    "model": "SVM",
    "params": {
        "max_iter": 4500,
        "C": 10,
        "tol": 0.001
    },
    "mode": "training"
}