{
    "0": {
        "precision": 0.9444444444444444,
        "recall": 0.02463768115942029,
        "f1-score": 0.0480225988700565,
        "support": 690.0
    },
    "1": {
        "precision": 0.5058737151248165,
        "recall": 0.9985507246376811,
        "f1-score": 0.6715399610136452,
        "support": 690.0
    },
    "accuracy": 0.5115942028985507,
    "macro avg": {
        "precision": 0.7251590797846305,
        "recall": 0.5115942028985507,
        "f1-score": 0.35978127994185083,
        "support": 1380.0
    },
    "weighted avg": {
        "precision": 0.7251590797846305,
        "recall": 0.5115942028985507,
        "f1-score": 0.3597812799418509,
        "support": 1380.0
    },
    "roc_auc": null,
    "model": "SVM",
    "params": {
        "max_iter": 1500,
        "C": 1
    },
    "mode": "training"
}