{
    "0": {
        "precision": 0.9588235294117647,
        "recall": 0.035643997375902035,
        "f1-score": 0.06873286949188277,
        "support": 4573.0
    },
    "1": {
        "precision": 0.5558017727639001,
        "recall": 0.9987330316742081,
        "f1-score": 0.7141655342004789,
        "support": 5525.0
    },
    "accuracy": 0.5625866508219449,
    "macro avg": {
        "precision": 0.7573126510878324,
        "recall": 0.5171885145250551,
        "f1-score": 0.3914492018461808,
        "support": 10098.0
    },
    "weighted avg": {
        "precision": 0.7383149925253067,
        "recall": 0.5625866508219449,
        "f1-score": 0.42187363721965,
        "support": 10098.0
    },
    "roc_auc": null,
    "model": "SVM",
    "params": {
        "max_iter": 3500,
        "C": 0.9
    },
    "mode": "training"
}