{
    "0": {
        "precision": 0.7435233160621761,
        "recall": 0.7612732095490716,
        "f1-score": 0.7522935779816514,
        "support": 754.0
    },
    "1": {
        "precision": 0.5324324324324324,
        "recall": 0.6070878274268104,
        "f1-score": 0.5673146148308136,
        "support": 649.0
    },
    "2": {
        "precision": 0.6533333333333333,
        "recall": 0.7461928934010152,
        "f1-score": 0.6966824644549763,
        "support": 394.0
    },
    "3": {
        "precision": 0.7916666666666666,
        "recall": 0.4318181818181818,
        "f1-score": 0.5588235294117647,
        "support": 44.0
    },
    "4": {
        "precision": 0.6810344827586207,
        "recall": 0.5064102564102564,
        "f1-score": 0.5808823529411765,
        "support": 156.0
    },
    "5": {
        "precision": 0.580110497237569,
        "recall": 0.5865921787709497,
        "f1-score": 0.5833333333333334,
        "support": 358.0
    },
    "6": {
        "precision": 0.6793075020610058,
        "recall": 0.7443541102077688,
        "f1-score": 0.7103448275862069,
        "support": 1107.0
    },
    "7": {
        "precision": 0.699288256227758,
        "recall": 0.7594202898550725,
        "f1-score": 0.7281148679944419,
        "support": 1035.0
    },
    "8": {
        "precision": 0.32160804020100503,
        "recall": 0.1272365805168986,
        "f1-score": 0.18233618233618235,
        "support": 503.0
    },
    "accuracy": 0.6488,
    "macro avg": {
        "precision": 0.6313671696645075,
        "recall": 0.5855983919951139,
        "f1-score": 0.5955695278745052,
        "support": 5000.0
    },
    "weighted avg": {
        "precision": 0.6299716854291919,
        "recall": 0.6488,
        "f1-score": 0.6331228723464353,
        "support": 5000.0
    },
    "roc_auc": {
        "0": 0.9503633315050145,
        "1": 0.8990731989068628,
        "2": 0.9719550310674006,
        "3": 0.9695960818842174,
        "4": 0.9717175887696119,
        "5": 0.9388989045850492,
        "6": 0.9221570878265507,
        "7": 0.9366276172548447,
        "8": 0.6990001286477268
    },
    "model": "XGBClassifier",
    "params": {
        "learning_rate": 0.1,
        "max_depth": 3,
        "n_estimators": 500,
        "num_class": 2,
        "eval_metric": "mlogloss",
        "objective": "multi:softmax"
    },
    "mode": "training"
}