{
    "0": {
        "precision": 0.8940290478752018,
        "recall": 0.9197565024903155,
        "f1-score": 0.9067103109656302,
        "support": 3614.0
    },
    "1": {
        "precision": 0.82621001981319,
        "recall": 0.8695263628239499,
        "f1-score": 0.8473149492017417,
        "support": 3357.0
    },
    "2": {
        "precision": 0.8798944126704795,
        "recall": 0.9528346831824679,
        "f1-score": 0.9149130832570905,
        "support": 2099.0
    },
    "3": {
        "precision": 1.0,
        "recall": 1.0,
        "f1-score": 1.0,
        "support": 204.0
    },
    "4": {
        "precision": 0.9592696629213483,
        "recall": 0.9687943262411347,
        "f1-score": 0.9640084685956246,
        "support": 705.0
    },
    "5": {
        "precision": 0.8712759977515458,
        "recall": 0.8959537572254336,
        "f1-score": 0.8834425762325449,
        "support": 1730.0
    },
    "6": {
        "precision": 0.8342301683735462,
        "recall": 0.8886834319526628,
        "f1-score": 0.8605962933118453,
        "support": 5408.0
    },
    "7": {
        "precision": 0.859996433030141,
        "recall": 0.9062206352189438,
        "f1-score": 0.8825036603221084,
        "support": 5321.0
    },
    "8": {
        "precision": 0.9009200283085633,
        "recall": 0.4968774395003903,
        "f1-score": 0.6405031446540881,
        "support": 2562.0
    },
    "accuracy": 0.86324,
    "macro avg": {
        "precision": 0.8917584189715573,
        "recall": 0.8776274598483664,
        "f1-score": 0.8777769429489637,
        "support": 25000.0
    },
    "weighted avg": {
        "precision": 0.8653925543777191,
        "recall": 0.86324,
        "f1-score": 0.8577818929882823,
        "support": 25000.0
    },
    "roc_auc": null,
    "model": "XGBClassifier",
    "params": {
        "learning_rate": 0.1,
        "max_depth": 3,
        "n_estimators": 500,
        "num_class": 2,
        "eval_metric": "mlogloss",
        "objective": "multi:softmax"
    },
    "mode": "training"
}