{
    "0": {
        "precision": 0.9447761194029851,
        "recall": 0.9173913043478261,
        "f1-score": 0.9308823529411765,
        "support": 690.0
    },
    "1": {
        "precision": 0.9197183098591549,
        "recall": 0.946376811594203,
        "f1-score": 0.9328571428571428,
        "support": 690.0
    },
    "accuracy": 0.9318840579710145,
    "macro avg": {
        "precision": 0.9322472146310701,
        "recall": 0.9318840579710146,
        "f1-score": 0.9318697478991597,
        "support": 1380.0
    },
    "weighted avg": {
        "precision": 0.93224721463107,
        "recall": 0.9318840579710145,
        "f1-score": 0.9318697478991598,
        "support": 1380.0
    },
    "roc_auc": {
        "0": 0.9745914723797522,
        "1": 0.9745914723797522
    },
    "model": "LogisticRegression",
    "params": {
        "C": 1,
        "max_iter": 100,
        "penalty": "l2",
        "solver": "lbfgs",
        "tol": 1e-05
    },
    "mode": "training"
}