{
    "processing_time_seconds": 728.3267478942871,
    "memory_usage_mb": 132.9296875,
    "successful_samples": 10098,
    "total_samples": 10098,
    "error_rate": 0.0,
    "samples_per_second": 13.864656253796783,
    "timestamp": "2025-05-29 19:39:14"
}