{
    "processing_time_seconds": 22.137828826904297,
    "memory_usage_mb": 34.45703125,
    "successful_samples": 1380,
    "total_samples": 1380,
    "error_rate": 0.0,
    "samples_per_second": 62.3367363976938,
    "timestamp": "2025-05-29 19:39:38"
}