{
    "0": {
        "precision": 0.9170896785109983,
        "recall": 0.7855072463768116,
        "f1-score": 0.8462138953942233,
        "support": 690.0
    },
    "1": {
        "precision": 0.8124207858048162,
        "recall": 0.9289855072463769,
        "f1-score": 0.8668018931710615,
        "support": 690.0
    },
    "accuracy": 0.8572463768115942,
    "macro avg": {
        "precision": 0.8647552321579073,
        "recall": 0.8572463768115942,
        "f1-score": 0.8565078942826424,
        "support": 1380.0
    },
    "weighted avg": {
        "precision": 0.8647552321579073,
        "recall": 0.8572463768115942,
        "f1-score": 0.8565078942826423,
        "support": 1380.0
    },
    "roc_auc": null,
    "model": "SVM",
    "params": {
        "max_iter": 3500,
        "C": 1
    },
    "mode": "training"
}