{
    "0": {
        "precision": 0.9250334672021419,
        "recall": 0.7446120689655172,
        "f1-score": 0.8250746268656717,
        "support": 928.0
    },
    "1": {
        "precision": 0.8138256087981147,
        "recall": 0.9487179487179487,
        "f1-score": 0.8761099365750529,
        "support": 1092.0
    },
    "accuracy": 0.8549504950495049,
    "macro avg": {
        "precision": 0.8694295380001282,
        "recall": 0.8466650088417329,
        "f1-score": 0.8505922817203623,
        "support": 2020.0
    },
    "weighted avg": {
        "precision": 0.8649151595896678,
        "recall": 0.8549504950495049,
        "f1-score": 0.8526640121145055,
        "support": 2020.0
    },
    "roc_auc": null,
    "model": "SVM",
    "params": {
        "max_iter": 3500,
        "C": 1
    },
    "mode": "training"
}