{
    "0": {
        "precision": 0.9246987951807228,
        "recall": 0.7384649026897004,
        "f1-score": 0.8211550151975684,
        "support": 4573.0
    },
    "1": {
        "precision": 0.8144585789636984,
        "recall": 0.9502262443438914,
        "f1-score": 0.8771197059560605,
        "support": 5525.0
    },
    "accuracy": 0.8543275896217073,
    "macro avg": {
        "precision": 0.8695786870722106,
        "recall": 0.844345573516796,
        "f1-score": 0.8491373605768144,
        "support": 10098.0
    },
    "weighted avg": {
        "precision": 0.864382178563664,
        "recall": 0.8543275896217073,
        "f1-score": 0.8517754268078545,
        "support": 10098.0
    },
    "roc_auc": null,
    "model": "SVM",
    "params": {
        "max_iter": 3500,
        "C": 1
    },
    "mode": "training"
}