{
    "0": {
        "precision": 0.9330357142857143,
        "recall": 0.4504310344827586,
        "f1-score": 0.6075581395348837,
        "support": 928.0
    },
    "1": {
        "precision": 0.6755725190839694,
        "recall": 0.9725274725274725,
        "f1-score": 0.7972972972972973,
        "support": 1092.0
    },
    "accuracy": 0.7326732673267327,
    "macro avg": {
        "precision": 0.8043041166848419,
        "recall": 0.7114792535051155,
        "f1-score": 0.7024277184160905,
        "support": 2020.0
    },
    "weighted avg": {
        "precision": 0.793852640443979,
        "recall": 0.7326732673267327,
        "f1-score": 0.710130001057931,
        "support": 2020.0
    },
    "roc_auc": null,
    "model": "SVM",
    "params": {
        "max_iter": 1000,
        "C": 1
    },
    "mode": "training"
}