{
    "0": {
        "precision": 0.9787581699346405,
        "recall": 0.6454741379310345,
        "f1-score": 0.7779220779220779,
        "support": 928.0
    },
    "1": {
        "precision": 0.7663352272727273,
        "recall": 0.9880952380952381,
        "f1-score": 0.8632,
        "support": 1092.0
    },
    "accuracy": 0.8306930693069307,
    "macro avg": {
        "precision": 0.8725466986036838,
        "recall": 0.8167846880131363,
        "f1-score": 0.8205610389610389,
        "support": 2020.0
    },
    "weighted avg": {
        "precision": 0.8639235890500814,
        "recall": 0.8306930693069307,
        "f1-score": 0.8240228159958852,
        "support": 2020.0
    },
    "roc_auc": null,
    "model": "SVM",
    "params": {
        "max_iter": 1500,
        "C": 1
    },
    "mode": "training"
}