{
    "0": {
        "precision": 0.9297945205479452,
        "recall": 0.7869565217391304,
        "f1-score": 0.8524332810047096,
        "support": 690.0
    },
    "1": {
        "precision": 0.8153266331658291,
        "recall": 0.9405797101449276,
        "f1-score": 0.873485868102288,
        "support": 690.0
    },
    "accuracy": 0.863768115942029,
    "macro avg": {
        "precision": 0.8725605768568871,
        "recall": 0.863768115942029,
        "f1-score": 0.8629595745534988,
        "support": 1380.0
    },
    "weighted avg": {
        "precision": 0.8725605768568871,
        "recall": 0.863768115942029,
        "f1-score": 0.8629595745534987,
        "support": 1380.0
    },
    "model": "SVM"
}