{
    "0": {
        "precision": 0.969758064516129,
        "recall": 0.6971014492753623,
        "f1-score": 0.8111298482293423,
        "support": 690.0
    },
    "1": {
        "precision": 0.7635746606334841,
        "recall": 0.9782608695652174,
        "f1-score": 0.8576874205844981,
        "support": 690.0
    },
    "accuracy": 0.8376811594202899,
    "macro avg": {
        "precision": 0.8666663625748066,
        "recall": 0.8376811594202899,
        "f1-score": 0.8344086344069201,
        "support": 1380.0
    },
    "weighted avg": {
        "precision": 0.8666663625748066,
        "recall": 0.8376811594202899,
        "f1-score": 0.8344086344069203,
        "support": 1380.0
    },
    "model": "SVM"
}