{
    "0": {
        "precision": 0.9354838709677419,
        "recall": 0.5043478260869565,
        "f1-score": 0.655367231638418,
        "support": 690.0
    },
    "1": {
        "precision": 0.6607142857142857,
        "recall": 0.9652173913043478,
        "f1-score": 0.784452296819788,
        "support": 690.0
    },
    "accuracy": 0.7347826086956522,
    "macro avg": {
        "precision": 0.7980990783410138,
        "recall": 0.7347826086956522,
        "f1-score": 0.719909764229103,
        "support": 1380.0
    },
    "weighted avg": {
        "precision": 0.7980990783410138,
        "recall": 0.7347826086956522,
        "f1-score": 0.7199097642291031,
        "support": 1380.0
    },
    "model": "SVM"
}