{
    "0": {
        "precision": 0.9514554794520548,
        "recall": 0.9243886208617534,
        "f1-score": 0.9377267741118893,
        "support": 24044.0
    },
    "1": {
        "precision": 0.9650783289817232,
        "recall": 0.9880544649569794,
        "f1-score": 0.9764312543856029,
        "support": 23942.0
    },
    "2": {
        "precision": 0.922003937502618,
        "recall": 0.9137365602557184,
        "f1-score": 0.9178516325424294,
        "support": 24089.0
    },
    "3": {
        "precision": 0.9163471449185735,
        "recall": 0.9289864158829676,
        "f1-score": 0.922623495226235,
        "support": 23925.0
    },
    "accuracy": 0.9387395833333333,
    "macro avg": {
        "precision": 0.9387212227137424,
        "recall": 0.9387915154893547,
        "f1-score": 0.9386582890665391,
        "support": 96000.0
    },
    "weighted avg": {
        "precision": 0.9387131165948237,
        "recall": 0.9387395833333333,
        "f1-score": 0.9386282786338399,
        "support": 96000.0
    },
    "roc_auc": null,
    "model": "LogisticRegression",
    "params": {
        "max_iter": 1000,
        "random_state": 42,
        "C": 0.9
    },
    "mode": "training"
}