{
    "0": {
        "precision": 0.9295725904135663,
        "recall": 0.9019476158495635,
        "f1-score": 0.9155517682147423,
        "support": 5956.0
    },
    "1": {
        "precision": 0.9480498721227621,
        "recall": 0.9790359854737537,
        "f1-score": 0.9632938119213903,
        "support": 6058.0
    },
    "2": {
        "precision": 0.8837327033412082,
        "recall": 0.8859753002875994,
        "f1-score": 0.8848525808904283,
        "support": 5911.0
    },
    "3": {
        "precision": 0.897002815035602,
        "recall": 0.8916872427983539,
        "f1-score": 0.8943371305927027,
        "support": 6075.0
    },
    "accuracy": 0.914875,
    "macro avg": {
        "precision": 0.9145894952282847,
        "recall": 0.9146615361023176,
        "f1-score": 0.9145088229048158,
        "support": 24000.0
    },
    "weighted avg": {
        "precision": 0.9147023576922525,
        "recall": 0.914875,
        "f1-score": 0.9146717465875324,
        "support": 24000.0
    },
    "roc_auc": null,
    "model": "LogisticRegression",
    "params": {
        "max_iter": 1000,
        "random_state": 42,
        "C": 0.9
    },
    "mode": "training"
}