{
    "0": {
        "precision": 0.9276848354020507,
        "recall": 0.9047368421052632,
        "f1-score": 0.9160671462829736,
        "support": 1900.0
    },
    "1": {
        "precision": 0.9493865030674846,
        "recall": 0.9773684210526316,
        "f1-score": 0.9631742738589212,
        "support": 1900.0
    },
    "2": {
        "precision": 0.883843717001056,
        "recall": 0.8810526315789474,
        "f1-score": 0.882445967316816,
        "support": 1900.0
    },
    "3": {
        "precision": 0.8914074855034264,
        "recall": 0.89,
        "f1-score": 0.890703186726363,
        "support": 1900.0
    },
    "accuracy": 0.9132894736842105,
    "macro avg": {
        "precision": 0.9130806352435045,
        "recall": 0.9132894736842105,
        "f1-score": 0.9130976435462684,
        "support": 7600.0
    },
    "weighted avg": {
        "precision": 0.9130806352435045,
        "recall": 0.9132894736842105,
        "f1-score": 0.9130976435462684,
        "support": 7600.0
    },
    "model": "LogisticRegression"
}