{
    "0": {
        "precision": 0.8586956521739131,
        "recall": 0.8014492753623188,
        "f1-score": 0.8290854572713643,
        "support": 690.0
    },
    "1": {
        "precision": 0.813858695652174,
        "recall": 0.8681159420289855,
        "f1-score": 0.8401122019635343,
        "support": 690.0
    },
    "accuracy": 0.8347826086956521,
    "macro avg": {
        "precision": 0.8362771739130435,
        "recall": 0.8347826086956521,
        "f1-score": 0.8345988296174494,
        "support": 1380.0
    },
    "weighted avg": {
        "precision": 0.8362771739130435,
        "recall": 0.8347826086956521,
        "f1-score": 0.8345988296174492,
        "support": 1380.0
    },
    "roc_auc": {
        "0": 0.9107519428691452,
        "1": 0.9107519428691451
    },
    "model": "LogisticRegression",
    "params": {
        "C": 1,
        "max_iter": 100,
        "penalty": "l2",
        "solver": "lbfgs",
        "tol": 1e-05
    },
    "mode": "training"
}