{
    "processing_time_seconds": 8.514692068099976,
    "memory_usage_mb": 38.609375,
    "successful_samples": 1380,
    "total_samples": 1380,
    "error_rate": 0.0,
    "samples_per_second": 162.07280180690577,
    "timestamp": "2025-05-29 15:43:53"
}