{
    "0": {
        "precision": 1.0,
        "recall": 0.9979166666666667,
        "f1-score": 0.9989572471324296,
        "support": 480.0
    },
    "1": {
        "precision": 0.9606164383561644,
        "recall": 0.9606164383561644,
        "f1-score": 0.9606164383561644,
        "support": 584.0
    },
    "2": {
        "precision": 0.9663299663299664,
        "recall": 0.9712351945854484,
        "f1-score": 0.9687763713080169,
        "support": 591.0
    },
    "3": {
        "precision": 0.9449081803005008,
        "recall": 0.9593220338983051,
        "f1-score": 0.9520605550883096,
        "support": 590.0
    },
    "4": {
        "precision": 0.991166077738516,
        "recall": 0.9705882352941176,
        "f1-score": 0.9807692307692307,
        "support": 578.0
    },
    "5": {
        "precision": 0.9846678023850085,
        "recall": 0.9747048903878583,
        "f1-score": 0.9796610169491525,
        "support": 593.0
    },
    "6": {
        "precision": 0.9313099041533547,
        "recall": 0.9965811965811966,
        "f1-score": 0.9628406275805119,
        "support": 585.0
    },
    "7": {
        "precision": 0.9831365935919055,
        "recall": 0.9814814814814815,
        "f1-score": 0.9823083403538332,
        "support": 594.0
    },
    "8": {
        "precision": 0.9965870307167235,
        "recall": 0.9765886287625418,
        "f1-score": 0.9864864864864865,
        "support": 598.0
    },
    "9": {
        "precision": 0.9883333333333333,
        "recall": 0.9932998324958124,
        "f1-score": 0.9908103592314118,
        "support": 597.0
    },
    "10": {
        "precision": 0.998324958123953,
        "recall": 0.9933333333333333,
        "f1-score": 0.9958228905597326,
        "support": 600.0
    },
    "11": {
        "precision": 0.9966499162479062,
        "recall": 1.0,
        "f1-score": 0.9983221476510067,
        "support": 595.0
    },
    "12": {
        "precision": 0.9710391822827938,
        "recall": 0.9644670050761421,
        "f1-score": 0.967741935483871,
        "support": 591.0
    },
    "13": {
        "precision": 1.0,
        "recall": 0.9882154882154882,
        "f1-score": 0.9940728196443692,
        "support": 594.0
    },
    "14": {
        "precision": 0.9932203389830508,
        "recall": 0.9881956155143339,
        "f1-score": 0.9907016060862215,
        "support": 593.0
    },
    "15": {
        "precision": 0.9966442953020134,
        "recall": 0.991652754590985,
        "f1-score": 0.994142259414226,
        "support": 599.0
    },
    "16": {
        "precision": 0.9908925318761385,
        "recall": 0.9963369963369964,
        "f1-score": 0.993607305936073,
        "support": 546.0
    },
    "17": {
        "precision": 0.9982300884955753,
        "recall": 1.0,
        "f1-score": 0.9991142604074402,
        "support": 564.0
    },
    "18": {
        "precision": 0.9978213507625272,
        "recall": 0.9849462365591398,
        "f1-score": 0.9913419913419913,
        "support": 465.0
    },
    "19": {
        "precision": 1.0,
        "recall": 0.9893899204244032,
        "f1-score": 0.9946666666666667,
        "support": 377.0
    },
    "accuracy": 0.9836485769842673,
    "macro avg": {
        "precision": 0.9844938994489716,
        "recall": 0.9839435974280208,
        "f1-score": 0.9841410278223574,
        "support": 11314.0
    },
    "weighted avg": {
        "precision": 0.9839193704447321,
        "recall": 0.9836485769842673,
        "f1-score": 0.9837044434005153,
        "support": 11314.0
    },
    "roc_auc": null,
    "model": "XGBClassifier",
    "params": {
        "learning_rate": 0.1,
        "max_depth": 3,
        "n_estimators": 300,
        "num_class": 20,
        "eval_metric": "mlogloss",
        "objective": "multi:softmax"
    },
    "mode": "training"
}