{
    "0": {
        "precision": 0.9642058165548099,
        "recall": 0.8979166666666667,
        "f1-score": 0.9298813376483279,
        "support": 480.0
    },
    "1": {
        "precision": 0.8423728813559322,
        "recall": 0.851027397260274,
        "f1-score": 0.8466780238500852,
        "support": 584.0
    },
    "2": {
        "precision": 0.8615635179153095,
        "recall": 0.8950930626057529,
        "f1-score": 0.8780082987551867,
        "support": 591.0
    },
    "3": {
        "precision": 0.7807153965785381,
        "recall": 0.8508474576271187,
        "f1-score": 0.8142741281427412,
        "support": 590.0
    },
    "4": {
        "precision": 0.9343339587242027,
        "recall": 0.8615916955017301,
        "f1-score": 0.8964896489648965,
        "support": 578.0
    },
    "5": {
        "precision": 0.9178321678321678,
        "recall": 0.8853288364249579,
        "f1-score": 0.9012875536480687,
        "support": 593.0
    },
    "6": {
        "precision": 0.7856115107913669,
        "recall": 0.9333333333333333,
        "f1-score": 0.853125,
        "support": 585.0
    },
    "7": {
        "precision": 0.8984509466437177,
        "recall": 0.8787878787878788,
        "f1-score": 0.8885106382978724,
        "support": 594.0
    },
    "8": {
        "precision": 0.9696428571428571,
        "recall": 0.9080267558528428,
        "f1-score": 0.9378238341968912,
        "support": 598.0
    },
    "9": {
        "precision": 0.9431438127090301,
        "recall": 0.9447236180904522,
        "f1-score": 0.9439330543933054,
        "support": 597.0
    },
    "10": {
        "precision": 0.9641638225255973,
        "recall": 0.9416666666666667,
        "f1-score": 0.9527824620573356,
        "support": 600.0
    },
    "11": {
        "precision": 0.9773519163763066,
        "recall": 0.9428571428571428,
        "f1-score": 0.9597946963216424,
        "support": 595.0
    },
    "12": {
        "precision": 0.7522388059701492,
        "recall": 0.8527918781725888,
        "f1-score": 0.7993655828707376,
        "support": 591.0
    },
    "13": {
        "precision": 0.9590017825311943,
        "recall": 0.9057239057239057,
        "f1-score": 0.9316017316017317,
        "support": 594.0
    },
    "14": {
        "precision": 0.9417808219178082,
        "recall": 0.927487352445194,
        "f1-score": 0.9345794392523364,
        "support": 593.0
    },
    "15": {
        "precision": 0.901743264659271,
        "recall": 0.9499165275459098,
        "f1-score": 0.9252032520325203,
        "support": 599.0
    },
    "16": {
        "precision": 0.9624060150375939,
        "recall": 0.9377289377289377,
        "f1-score": 0.9499072356215214,
        "support": 546.0
    },
    "17": {
        "precision": 0.9803220035778175,
        "recall": 0.9716312056737588,
        "f1-score": 0.9759572573463936,
        "support": 564.0
    },
    "18": {
        "precision": 0.9569160997732427,
        "recall": 0.9075268817204301,
        "f1-score": 0.9315673289183223,
        "support": 465.0
    },
    "19": {
        "precision": 0.9387755102040817,
        "recall": 0.8541114058355438,
        "f1-score": 0.8944444444444445,
        "support": 377.0
    },
    "accuracy": 0.9057804490012374,
    "macro avg": {
        "precision": 0.9116286454410496,
        "recall": 0.9049059303260542,
        "f1-score": 0.9072607474182182,
        "support": 11314.0
    },
    "weighted avg": {
        "precision": 0.9099504003961275,
        "recall": 0.9057804490012374,
        "f1-score": 0.9068748530482499,
        "support": 11314.0
    },
    "roc_auc": null,
    "model": "XGBClassifier",
    "params": {
        "learning_rate": 0.1,
        "max_depth": 3,
        "n_estimators": 100,
        "num_class": 20,
        "eval_metric": "mlogloss",
        "objective": "multi:softmax"
    },
    "mode": "training"
}