{
    "training_time_seconds": 11.698623418807983,
    "memory_usage_mb": 354.65234375,
    "documents_per_second": 967.1223352493233,
    "model_parameters": {
        "max_features": 20000,
        "ngram_range": [
            1,
            3
        ]
    },
    "dataset_stats": {
        "num_documents": 11314
    },
    "timestamp": "2025-06-01 20:55:36"
}