{
    "processing_time_seconds": 1.9396202564239502,
    "memory_usage_mb": 29.46484375,
    "successful_samples": 7532,
    "total_samples": 7532,
    "error_rate": 0.0,
    "samples_per_second": 3883.2343470606147,
    "timestamp": "2025-06-01 20:55:40"
}