{
    "0": {
        "precision": 0.7142857142857143,
        "recall": 0.6739811912225705,
        "f1-score": 0.6935483870967742,
        "support": 319.0
    },
    "1": {
        "precision": 0.6355353075170843,
        "recall": 0.7172236503856041,
        "f1-score": 0.6739130434782609,
        "support": 389.0
    },
    "2": {
        "precision": 0.7248677248677249,
        "recall": 0.6954314720812182,
        "f1-score": 0.7098445595854922,
        "support": 394.0
    },
    "3": {
        "precision": 0.6121593291404612,
        "recall": 0.7448979591836735,
        "f1-score": 0.6720368239355581,
        "support": 392.0
    },
    "4": {
        "precision": 0.7983651226158038,
        "recall": 0.7610389610389611,
        "f1-score": 0.7792553191489362,
        "support": 385.0
    },
    "5": {
        "precision": 0.7906976744186046,
        "recall": 0.6886075949367089,
        "f1-score": 0.7361299052774019,
        "support": 395.0
    },
    "6": {
        "precision": 0.7939110070257611,
        "recall": 0.8692307692307693,
        "f1-score": 0.8298653610771114,
        "support": 390.0
    },
    "7": {
        "precision": 0.8378378378378378,
        "recall": 0.7828282828282829,
        "f1-score": 0.8093994778067886,
        "support": 396.0
    },
    "8": {
        "precision": 0.8654822335025381,
        "recall": 0.8567839195979899,
        "f1-score": 0.8611111111111112,
        "support": 398.0
    },
    "9": {
        "precision": 0.8391089108910891,
        "recall": 0.853904282115869,
        "f1-score": 0.846441947565543,
        "support": 397.0
    },
    "10": {
        "precision": 0.9064935064935065,
        "recall": 0.87468671679198,
        "f1-score": 0.8903061224489796,
        "support": 399.0
    },
    "11": {
        "precision": 0.9136490250696379,
        "recall": 0.8282828282828283,
        "f1-score": 0.8688741721854305,
        "support": 396.0
    },
    "12": {
        "precision": 0.5387840670859538,
        "recall": 0.6539440203562341,
        "f1-score": 0.5908045977011495,
        "support": 393.0
    },
    "13": {
        "precision": 0.7983870967741935,
        "recall": 0.75,
        "f1-score": 0.7734375,
        "support": 396.0
    },
    "14": {
        "precision": 0.8903394255874674,
        "recall": 0.8654822335025381,
        "f1-score": 0.8777348777348777,
        "support": 394.0
    },
    "15": {
        "precision": 0.7562076749435666,
        "recall": 0.8417085427135679,
        "f1-score": 0.7966706302021404,
        "support": 398.0
    },
    "16": {
        "precision": 0.6418918918918919,
        "recall": 0.782967032967033,
        "f1-score": 0.7054455445544554,
        "support": 364.0
    },
    "17": {
        "precision": 0.9714285714285714,
        "recall": 0.723404255319149,
        "f1-score": 0.8292682926829268,
        "support": 376.0
    },
    "18": {
        "precision": 0.6486486486486487,
        "recall": 0.5419354838709678,
        "f1-score": 0.5905096660808435,
        "support": 310.0
    },
    "19": {
        "precision": 0.5458515283842795,
        "recall": 0.49800796812749004,
        "f1-score": 0.5208333333333334,
        "support": 251.0
    },
    "accuracy": 0.7582315454062666,
    "macro avg": {
        "precision": 0.7611966149205168,
        "recall": 0.7502173582276719,
        "f1-score": 0.7527715336503558,
        "support": 7532.0
    },
    "weighted avg": {
        "precision": 0.7673257383181683,
        "recall": 0.7582315454062666,
        "f1-score": 0.7598613535257576,
        "support": 7532.0
    },
    "model": "XGBClassifier"
}