{
    "0": {
        "precision": 0.6928327645051194,
        "recall": 0.6363636363636364,
        "f1-score": 0.6633986928104575,
        "support": 319.0
    },
    "1": {
        "precision": 0.6027397260273972,
        "recall": 0.6786632390745502,
        "f1-score": 0.6384522370012092,
        "support": 389.0
    },
    "2": {
        "precision": 0.6857142857142857,
        "recall": 0.6700507614213198,
        "f1-score": 0.6777920410783055,
        "support": 394.0
    },
    "3": {
        "precision": 0.5622406639004149,
        "recall": 0.6913265306122449,
        "f1-score": 0.620137299771167,
        "support": 392.0
    },
    "4": {
        "precision": 0.8125,
        "recall": 0.7428571428571429,
        "f1-score": 0.7761194029850746,
        "support": 385.0
    },
    "5": {
        "precision": 0.7210682492581603,
        "recall": 0.6151898734177215,
        "f1-score": 0.6639344262295082,
        "support": 395.0
    },
    "6": {
        "precision": 0.7211328976034859,
        "recall": 0.8487179487179487,
        "f1-score": 0.7797408716136631,
        "support": 390.0
    },
    "7": {
        "precision": 0.8559077809798271,
        "recall": 0.75,
        "f1-score": 0.7994616419919246,
        "support": 396.0
    },
    "8": {
        "precision": 0.859375,
        "recall": 0.8291457286432161,
        "f1-score": 0.8439897698209718,
        "support": 398.0
    },
    "9": {
        "precision": 0.8054187192118226,
        "recall": 0.8236775818639799,
        "f1-score": 0.8144458281444583,
        "support": 397.0
    },
    "10": {
        "precision": 0.868020304568528,
        "recall": 0.8571428571428571,
        "f1-score": 0.862547288776797,
        "support": 399.0
    },
    "11": {
        "precision": 0.903954802259887,
        "recall": 0.8080808080808081,
        "f1-score": 0.8533333333333334,
        "support": 396.0
    },
    "12": {
        "precision": 0.4254937163375224,
        "recall": 0.6030534351145038,
        "f1-score": 0.49894736842105264,
        "support": 393.0
    },
    "13": {
        "precision": 0.8123167155425219,
        "recall": 0.6994949494949495,
        "f1-score": 0.751696065128901,
        "support": 396.0
    },
    "14": {
        "precision": 0.8514588859416445,
        "recall": 0.8147208121827412,
        "f1-score": 0.8326848249027238,
        "support": 394.0
    },
    "15": {
        "precision": 0.7193763919821826,
        "recall": 0.8115577889447236,
        "f1-score": 0.7626918536009445,
        "support": 398.0
    },
    "16": {
        "precision": 0.6417233560090703,
        "recall": 0.7774725274725275,
        "f1-score": 0.7031055900621118,
        "support": 364.0
    },
    "17": {
        "precision": 0.9498207885304659,
        "recall": 0.7047872340425532,
        "f1-score": 0.8091603053435115,
        "support": 376.0
    },
    "18": {
        "precision": 0.6352941176470588,
        "recall": 0.5225806451612903,
        "f1-score": 0.5734513274336284,
        "support": 310.0
    },
    "19": {
        "precision": 0.5693069306930693,
        "recall": 0.4581673306772908,
        "f1-score": 0.5077262693156733,
        "support": 251.0
    },
    "accuracy": 0.7250398300584174,
    "macro avg": {
        "precision": 0.7347848048356231,
        "recall": 0.7171525415643003,
        "f1-score": 0.7216408218882708,
        "support": 7532.0
    },
    "weighted avg": {
        "precision": 0.7396699173860972,
        "recall": 0.7250398300584174,
        "f1-score": 0.7280884425075719,
        "support": 7532.0
    },
    "model": "XGBClassifier"
}