{
    "0": {
        "precision": 0.9698795180722891,
        "recall": 0.9333333333333333,
        "f1-score": 0.9512555391432792,
        "support": 690.0
    },
    "1": {
        "precision": 0.9357541899441341,
        "recall": 0.9710144927536232,
        "f1-score": 0.9530583214793741,
        "support": 690.0
    },
    "accuracy": 0.9521739130434783,
    "macro avg": {
        "precision": 0.9528168540082116,
        "recall": 0.9521739130434783,
        "f1-score": 0.9521569303113266,
        "support": 1380.0
    },
    "weighted avg": {
        "precision": 0.9528168540082116,
        "recall": 0.9521739130434783,
        "f1-score": 0.9521569303113266,
        "support": 1380.0
    },
    "model": "LogisticRegression"
}