{
    "0": {
        "precision": 0.995850622406639,
        "recall": 1.0,
        "f1-score": 0.997920997920998,
        "support": 480.0
    },
    "1": {
        "precision": 0.9478260869565217,
        "recall": 0.9332191780821918,
        "f1-score": 0.9404659188955996,
        "support": 584.0
    },
    "2": {
        "precision": 0.9490662139219015,
        "recall": 0.9458544839255499,
        "f1-score": 0.9474576271186441,
        "support": 591.0
    },
    "3": {
        "precision": 0.9155405405405406,
        "recall": 0.9186440677966101,
        "f1-score": 0.9170896785109983,
        "support": 590.0
    },
    "4": {
        "precision": 0.951473136915078,
        "recall": 0.9498269896193772,
        "f1-score": 0.9506493506493506,
        "support": 578.0
    },
    "5": {
        "precision": 0.9763513513513513,
        "recall": 0.9747048903878583,
        "f1-score": 0.9755274261603376,
        "support": 593.0
    },
    "6": {
        "precision": 0.9863013698630136,
        "recall": 0.9846153846153847,
        "f1-score": 0.9854576561163387,
        "support": 585.0
    },
    "7": {
        "precision": 0.9983164983164983,
        "recall": 0.9983164983164983,
        "f1-score": 0.9983164983164983,
        "support": 594.0
    },
    "8": {
        "precision": 0.998330550918197,
        "recall": 1.0,
        "f1-score": 0.9991645781119465,
        "support": 598.0
    },
    "9": {
        "precision": 1.0,
        "recall": 1.0,
        "f1-score": 1.0,
        "support": 597.0
    },
    "10": {
        "precision": 1.0,
        "recall": 1.0,
        "f1-score": 1.0,
        "support": 600.0
    },
    "11": {
        "precision": 0.9983193277310924,
        "recall": 0.9983193277310924,
        "f1-score": 0.9983193277310924,
        "support": 595.0
    },
    "12": {
        "precision": 0.9616026711185309,
        "recall": 0.9746192893401016,
        "f1-score": 0.9680672268907563,
        "support": 591.0
    },
    "13": {
        "precision": 1.0,
        "recall": 1.0,
        "f1-score": 1.0,
        "support": 594.0
    },
    "14": {
        "precision": 0.9983164983164983,
        "recall": 1.0,
        "f1-score": 0.9991575400168492,
        "support": 593.0
    },
    "15": {
        "precision": 1.0,
        "recall": 1.0,
        "f1-score": 1.0,
        "support": 599.0
    },
    "16": {
        "precision": 0.9981718464351006,
        "recall": 1.0,
        "f1-score": 0.9990850869167429,
        "support": 546.0
    },
    "17": {
        "precision": 1.0,
        "recall": 1.0,
        "f1-score": 1.0,
        "support": 564.0
    },
    "18": {
        "precision": 0.9978494623655914,
        "recall": 0.9978494623655914,
        "f1-score": 0.9978494623655914,
        "support": 465.0
    },
    "19": {
        "precision": 0.9973404255319149,
        "recall": 0.9946949602122016,
        "f1-score": 0.9960159362549801,
        "support": 377.0
    },
    "accuracy": 0.9830298744917801,
    "macro avg": {
        "precision": 0.9835328301344234,
        "recall": 0.9835332266196227,
        "f1-score": 0.9835272155988362,
        "support": 11314.0
    },
    "weighted avg": {
        "precision": 0.9830148144691181,
        "recall": 0.9830298744917801,
        "f1-score": 0.9830163864468996,
        "support": 11314.0
    },
    "roc_auc": null,
    "model": "LogisticRegression",
    "params": {
        "max_iter": 200,
        "random_state": 42,
        "C": 0.9
    },
    "mode": "training"
}