{
    "0": {
        "precision": 0.567398119122257,
        "recall": 0.567398119122257,
        "f1-score": 0.567398119122257,
        "support": 319.0
    },
    "1": {
        "precision": 0.5650118203309693,
        "recall": 0.6143958868894601,
        "f1-score": 0.5886699507389163,
        "support": 389.0
    },
    "2": {
        "precision": 0.6005434782608695,
        "recall": 0.5609137055837563,
        "f1-score": 0.5800524934383202,
        "support": 394.0
    },
    "3": {
        "precision": 0.5452261306532663,
        "recall": 0.5535714285714286,
        "f1-score": 0.549367088607595,
        "support": 392.0
    },
    "4": {
        "precision": 0.6074270557029178,
        "recall": 0.5948051948051948,
        "f1-score": 0.6010498687664042,
        "support": 385.0
    },
    "5": {
        "precision": 0.7128205128205128,
        "recall": 0.7037974683544304,
        "f1-score": 0.70828025477707,
        "support": 395.0
    },
    "6": {
        "precision": 0.7479892761394102,
        "recall": 0.7153846153846154,
        "f1-score": 0.7313237221494102,
        "support": 390.0
    },
    "7": {
        "precision": 0.7597087378640777,
        "recall": 0.7904040404040404,
        "f1-score": 0.7747524752475248,
        "support": 396.0
    },
    "8": {
        "precision": 0.7677261613691931,
        "recall": 0.7889447236180904,
        "f1-score": 0.7781908302354399,
        "support": 398.0
    },
    "9": {
        "precision": 0.8475,
        "recall": 0.853904282115869,
        "f1-score": 0.8506900878293601,
        "support": 397.0
    },
    "10": {
        "precision": 0.9136125654450262,
        "recall": 0.87468671679198,
        "f1-score": 0.8937259923175416,
        "support": 399.0
    },
    "11": {
        "precision": 0.7853403141361257,
        "recall": 0.7575757575757576,
        "f1-score": 0.7712082262210797,
        "support": 396.0
    },
    "12": {
        "precision": 0.5847665847665847,
        "recall": 0.6055979643765903,
        "f1-score": 0.595,
        "support": 393.0
    },
    "13": {
        "precision": 0.8605898123324397,
        "recall": 0.8106060606060606,
        "f1-score": 0.834850455136541,
        "support": 396.0
    },
    "14": {
        "precision": 0.8342105263157895,
        "recall": 0.8045685279187818,
        "f1-score": 0.8191214470284238,
        "support": 394.0
    },
    "15": {
        "precision": 0.7255813953488373,
        "recall": 0.7839195979899497,
        "f1-score": 0.7536231884057971,
        "support": 398.0
    },
    "16": {
        "precision": 0.5980861244019139,
        "recall": 0.6868131868131868,
        "f1-score": 0.639386189258312,
        "support": 364.0
    },
    "17": {
        "precision": 0.8924418604651163,
        "recall": 0.8164893617021277,
        "f1-score": 0.8527777777777777,
        "support": 376.0
    },
    "18": {
        "precision": 0.5708812260536399,
        "recall": 0.4806451612903226,
        "f1-score": 0.521891418563923,
        "support": 310.0
    },
    "19": {
        "precision": 0.44405594405594406,
        "recall": 0.5059760956175299,
        "f1-score": 0.4729981378026071,
        "support": 251.0
    },
    "accuracy": 0.7010090281465746,
    "macro avg": {
        "precision": 0.6965458822792444,
        "recall": 0.6935198947765715,
        "f1-score": 0.6942178861712149,
        "support": 7532.0
    },
    "weighted avg": {
        "precision": 0.704516057615416,
        "recall": 0.7010090281465746,
        "f1-score": 0.7020072911286959,
        "support": 7532.0
    },
    "roc_auc": {
        "0": 0.9551367328321775,
        "1": 0.9523743201228521,
        "2": 0.9511846228023889,
        "3": 0.9524299005316412,
        "4": 0.956373666909556,
        "5": 0.9737474349219524,
        "6": 0.9789339336104949,
        "7": 0.9817856960864247,
        "8": 0.9868588808917027,
        "9": 0.9924959268797693,
        "10": 0.9957383294209164,
        "11": 0.9806325941590796,
        "12": 0.9550086308693208,
        "13": 0.9803650646034335,
        "14": 0.9791482065672679,
        "15": 0.9861735084167685,
        "16": 0.96575611539688,
        "17": 0.9893141300857485,
        "18": 0.9179087644384095,
        "19": 0.9383621946768618
    },
    "model": "LogisticRegression",
    "params": {
        "max_iter": 200,
        "random_state": 42,
        "C": 0.9
    },
    "mode": "training"
}