{
    "0": {
        "precision": 0.7588652482269503,
        "recall": 0.670846394984326,
        "f1-score": 0.7121464226289518,
        "support": 319.0
    },
    "1": {
        "precision": 0.5338491295938105,
        "recall": 0.7095115681233933,
        "f1-score": 0.609271523178808,
        "support": 389.0
    },
    "2": {
        "precision": 0.675531914893617,
        "recall": 0.6446700507614214,
        "f1-score": 0.6597402597402597,
        "support": 394.0
    },
    "3": {
        "precision": 0.5948827292110874,
        "recall": 0.7117346938775511,
        "f1-score": 0.6480836236933798,
        "support": 392.0
    },
    "4": {
        "precision": 0.7263157894736842,
        "recall": 0.7168831168831169,
        "f1-score": 0.7215686274509804,
        "support": 385.0
    },
    "5": {
        "precision": 0.7715877437325905,
        "recall": 0.7012658227848101,
        "f1-score": 0.7347480106100795,
        "support": 395.0
    },
    "6": {
        "precision": 0.812807881773399,
        "recall": 0.8461538461538461,
        "f1-score": 0.8291457286432161,
        "support": 390.0
    },
    "7": {
        "precision": 0.7995169082125604,
        "recall": 0.8358585858585859,
        "f1-score": 0.817283950617284,
        "support": 396.0
    },
    "8": {
        "precision": 0.8688118811881188,
        "recall": 0.8819095477386935,
        "f1-score": 0.8753117206982544,
        "support": 398.0
    },
    "9": {
        "precision": 0.8438287153652393,
        "recall": 0.8438287153652393,
        "f1-score": 0.8438287153652393,
        "support": 397.0
    },
    "10": {
        "precision": 0.9352331606217616,
        "recall": 0.9047619047619048,
        "f1-score": 0.9197452229299363,
        "support": 399.0
    },
    "11": {
        "precision": 0.967551622418879,
        "recall": 0.8282828282828283,
        "f1-score": 0.8925170068027211,
        "support": 396.0
    },
    "12": {
        "precision": 0.6435897435897436,
        "recall": 0.638676844783715,
        "f1-score": 0.6411238825031929,
        "support": 393.0
    },
    "13": {
        "precision": 0.8032345013477089,
        "recall": 0.7525252525252525,
        "f1-score": 0.7770534550195567,
        "support": 396.0
    },
    "14": {
        "precision": 0.9166666666666666,
        "recall": 0.8654822335025381,
        "f1-score": 0.8903394255874674,
        "support": 394.0
    },
    "15": {
        "precision": 0.7706855791962175,
        "recall": 0.8190954773869347,
        "f1-score": 0.7941534713763703,
        "support": 398.0
    },
    "16": {
        "precision": 0.7309523809523809,
        "recall": 0.8434065934065934,
        "f1-score": 0.7831632653061225,
        "support": 364.0
    },
    "17": {
        "precision": 0.9730639730639731,
        "recall": 0.7686170212765957,
        "f1-score": 0.8588410104011887,
        "support": 376.0
    },
    "18": {
        "precision": 0.6402877697841727,
        "recall": 0.5741935483870968,
        "f1-score": 0.6054421768707483,
        "support": 310.0
    },
    "19": {
        "precision": 0.626984126984127,
        "recall": 0.6294820717131474,
        "f1-score": 0.6282306163021869,
        "support": 251.0
    },
    "accuracy": 0.7647371216144451,
    "macro avg": {
        "precision": 0.7697123733148343,
        "recall": 0.7593593059278795,
        "f1-score": 0.7620869057862972,
        "support": 7532.0
    },
    "weighted avg": {
        "precision": 0.7741528337036172,
        "recall": 0.7647371216144451,
        "f1-score": 0.7669819250293688,
        "support": 7532.0
    },
    "roc_auc": null,
    "model": "SVM",
    "params": {
        "max_iter": 100,
        "random_state": 42,
        "C": 0.9,
        "grid_search": false,
        "tol": 0.001,
        "normalize": false
    },
    "mode": "training"
}