{
    "training_time_seconds": 11.513166427612305,
    "memory_usage_mb": 445.625,
    "documents_per_second": 982.7009859655429,
    "model_parameters": {
        "max_features": 20000,
        "ngram_range": [
            1,
            3
        ]
    },
    "dataset_stats": {
        "num_documents": 11314
    },
    "timestamp": "2025-05-24 10:45:05"
}