{
    "processing_time_seconds": 1.9426562786102295,
    "memory_usage_mb": 35.82421875,
    "successful_samples": 7532,
    "total_samples": 7532,
    "error_rate": 0.0,
    "samples_per_second": 3877.165550556566,
    "timestamp": "2025-05-24 10:45:09"
}