{
    "0": {
        "precision": 0.3504022277227723,
        "recall": 0.6255178127589064,
        "f1-score": 0.44918195339613287,
        "support": 3621.0
    },
    "1": {
        "precision": 0.7587006960556845,
        "recall": 0.6059919695253784,
        "f1-score": 0.6738023009558697,
        "support": 9713.0
    },
    "2": {
        "precision": 0.3987034035656402,
        "recall": 0.3229052723692846,
        "f1-score": 0.3568234014263266,
        "support": 4571.0
    },
    "3": {
        "precision": 0.7126179831097864,
        "recall": 0.5797716479741336,
        "f1-score": 0.6393670956599253,
        "support": 9897.0
    },
    "4": {
        "precision": 0.2567924981966819,
        "recall": 0.45777968281183024,
        "f1-score": 0.3290203327171904,
        "support": 2333.0
    },
    "accuracy": 0.5453127592500415,
    "macro avg": {
        "precision": 0.4954433617301131,
        "recall": 0.5183932770879067,
        "f1-score": 0.489639016831089,
        "support": 30135.0
    },
    "weighted avg": {
        "precision": 0.6010425306853152,
        "recall": 0.5453127592500415,
        "f1-score": 0.5607297146947731,
        "support": 30135.0
    },
    "roc_auc": {
        "0": 0.8477603095034734,
        "1": 0.8674448469124797,
        "2": 0.7714476612179654,
        "3": 0.827082733157551,
        "4": 0.8197279362023406
    },
    "model": "LogisticRegression",
    "params": {
        "max_iter": 5000,
        "random_state": 42,
        "C": 0.9
    },
    "mode": "training"
}