{
    "0": {
        "precision": 0.4224803180294645,
        "recall": 0.312770500317387,
        "f1-score": 0.35944028118575505,
        "support": 17329.0
    },
    "1": {
        "precision": 0.5707172216488312,
        "recall": 0.6800362467367149,
        "f1-score": 0.6205993541781524,
        "support": 46349.0
    },
    "2": {
        "precision": 0.3528321470937129,
        "recall": 0.2182326775805934,
        "f1-score": 0.2696699249185437,
        "support": 21807.0
    },
    "3": {
        "precision": 0.5446702071740588,
        "recall": 0.6333382511012288,
        "f1-score": 0.5856672318696525,
        "support": 47447.0
    },
    "4": {
        "precision": 0.4179308459751264,
        "recall": 0.2754954954954955,
        "f1-score": 0.33208448715860345,
        "support": 11100.0
    },
    "accuracy": 0.519370695401022,
    "macro avg": {
        "precision": 0.46172614798423883,
        "recall": 0.42397463424628395,
        "f1-score": 0.43349225586214135,
        "support": 144032.0
    },
    "weighted avg": {
        "precision": 0.4995386044706616,
        "recall": 0.519370695401022,
        "f1-score": 0.50230423176898,
        "support": 144032.0
    },
    "roc_auc": null,
    "model": "LogisticRegression",
    "params": {
        "max_iter": 5000,
        "random_state": 42,
        "C": 0.9
    },
    "mode": "training"
}