{
    "0": {
        "precision": 0.43897882938978827,
        "recall": 0.32060027285129605,
        "f1-score": 0.37056504599211565,
        "support": 4398.0
    },
    "1": {
        "precision": 0.5684872748069774,
        "recall": 0.6852809376077215,
        "f1-score": 0.6214442013129103,
        "support": 11604.0
    },
    "2": {
        "precision": 0.3543046357615894,
        "recall": 0.2195485916806566,
        "f1-score": 0.27110445698491303,
        "support": 5361.0
    },
    "3": {
        "precision": 0.5490382505668105,
        "recall": 0.6305224256677305,
        "f1-score": 0.5869658704405958,
        "support": 11906.0
    },
    "4": {
        "precision": 0.4109211252068395,
        "recall": 0.27199707922599486,
        "f1-score": 0.3273286467486819,
        "support": 2739.0
    },
    "accuracy": 0.521856254165741,
    "macro avg": {
        "precision": 0.464346023146401,
        "recall": 0.4255898614066799,
        "f1-score": 0.4354816442958433,
        "support": 36008.0
    },
    "weighted avg": {
        "precision": 0.5023646065881003,
        "recall": 0.521856254165741,
        "f1-score": 0.5048695677381366,
        "support": 36008.0
    },
    "roc_auc": null,
    "model": "LogisticRegression",
    "params": {
        "max_iter": 5000,
        "random_state": 42,
        "C": 0.9
    },
    "mode": "training"
}