{
    "0": {
        "precision": 0.49720905739863086,
        "recall": 0.4345744925668523,
        "f1-score": 0.46378662475133237,
        "support": 21727.0
    },
    "1": {
        "precision": 0.6665392203343172,
        "recall": 0.7520404465687712,
        "f1-score": 0.7067131506405059,
        "support": 57953.0
    },
    "2": {
        "precision": 0.4513250646917105,
        "recall": 0.37234982332155475,
        "f1-score": 0.4080513089427615,
        "support": 27168.0
    },
    "3": {
        "precision": 0.6448137381244943,
        "recall": 0.7250012636261015,
        "f1-score": 0.6825604542894985,
        "support": 59353.0
    },
    "4": {
        "precision": 0.4509593246354566,
        "recall": 0.21229857648674036,
        "f1-score": 0.2886901837476663,
        "support": 13839.0
    },
    "accuracy": 0.6060319928904688,
    "macro avg": {
        "precision": 0.5421692810369219,
        "recall": 0.49925292051400405,
        "f1-score": 0.5099603444743529,
        "support": 180040.0
    },
    "weighted avg": {
        "precision": 0.5898959335492797,
        "recall": 0.6060319928904688,
        "f1-score": 0.5922348993153018,
        "support": 180040.0
    },
    "roc_auc": null,
    "model": "LogisticRegression",
    "params": {
        "max_iter": 5000,
        "random_state": 42,
        "C": 0.9
    },
    "mode": "training"
}