{
    "0": {
        "precision": 0.9674666666666667,
        "recall": 0.9547368421052631,
        "f1-score": 0.9610596026490066,
        "support": 1900.0
    },
    "1": {
        "precision": 0.9571428571428572,
        "recall": 0.9873684210526316,
        "f1-score": 0.9720207253886011,
        "support": 1900.0
    },
    "2": {
        "precision": 0.9469214437367304,
        "recall": 0.9389473684210526,
        "f1-score": 0.9429175475687104,
        "support": 1900.0
    },
    "3": {
        "precision": 0.9516214779372674,
        "recall": 0.9421052631578948,
        "f1-score": 0.9468394604601957,
        "support": 1900.0
    },
    "accuracy": 0.9557894736842105,
    "macro avg": {
        "precision": 0.9557881113708805,
        "recall": 0.9557894736842105,
        "f1-score": 0.9557093340166285,
        "support": 7600.0
    },
    "weighted avg": {
        "precision": 0.9557881113708805,
        "recall": 0.9557894736842105,
        "f1-score": 0.9557093340166285,
        "support": 7600.0
    },
    "roc_auc": {
        "0": 0.9959255771006463,
        "1": 0.9988017543859649,
        "2": 0.9939798707294553,
        "3": 0.9956113573407204
    },
    "model": "LogisticRegression",
    "params": {
        "C": 1,
        "max_iter": 1000,
        "penalty": "l2",
        "solver": "lbfgs",
        "tol": 1e-05
    },
    "mode": "training"
}