{
    "0": {
        "precision": 0.9729122711495269,
        "recall": 0.953,
        "f1-score": 0.9628531977233692,
        "support": 30000.0
    },
    "1": {
        "precision": 0.9640977321463383,
        "recall": 0.9891,
        "f1-score": 0.9764388430024021,
        "support": 30000.0
    },
    "2": {
        "precision": 0.9502931769722814,
        "recall": 0.9508,
        "f1-score": 0.9505465209277526,
        "support": 30000.0
    },
    "3": {
        "precision": 0.9547954393024816,
        "recall": 0.9490666666666666,
        "f1-score": 0.9519224339685723,
        "support": 30000.0
    },
    "accuracy": 0.9604916666666666,
    "macro avg": {
        "precision": 0.9605246548926571,
        "recall": 0.9604916666666666,
        "f1-score": 0.960440248905524,
        "support": 120000.0
    },
    "weighted avg": {
        "precision": 0.9605246548926571,
        "recall": 0.9604916666666666,
        "f1-score": 0.960440248905524,
        "support": 120000.0
    },
    "roc_auc": null,
    "model": "LogisticRegression",
    "params": {
        "C": 1,
        "max_iter": 1000,
        "penalty": "l2",
        "solver": "lbfgs",
        "tol": 1e-05
    },
    "mode": "training"
}