{
    "processing_time_seconds": 2811.2050898075104,
    "memory_usage_mb": 34.74609375,
    "successful_samples": 120000,
    "total_samples": 120000,
    "error_rate": 0.0,
    "samples_per_second": 42.68631998251564,
    "timestamp": "2025-05-25 17:00:03"
}