{
    "processing_time_seconds": 63.885451793670654,
    "memory_usage_mb": 7.95703125,
    "successful_samples": 7600,
    "total_samples": 7600,
    "error_rate": 0.0,
    "samples_per_second": 118.96292170783329,
    "timestamp": "2025-05-25 17:01:10"
}