{
    "0": {
        "precision": 0.5694444444444444,
        "recall": 0.5141065830721003,
        "f1-score": 0.5403624382207578,
        "support": 319.0
    },
    "1": {
        "precision": 0.6081424936386769,
        "recall": 0.6143958868894601,
        "f1-score": 0.6112531969309463,
        "support": 389.0
    },
    "2": {
        "precision": 0.5606060606060606,
        "recall": 0.5634517766497462,
        "f1-score": 0.5620253164556962,
        "support": 394.0
    },
    "3": {
        "precision": 0.5417789757412399,
        "recall": 0.5127551020408163,
        "f1-score": 0.526867627785059,
        "support": 392.0
    },
    "4": {
        "precision": 0.595360824742268,
        "recall": 0.6,
        "f1-score": 0.5976714100905562,
        "support": 385.0
    },
    "5": {
        "precision": 0.664179104477612,
        "recall": 0.6759493670886076,
        "f1-score": 0.6700125470514429,
        "support": 395.0
    },
    "6": {
        "precision": 0.7336814621409922,
        "recall": 0.7205128205128205,
        "f1-score": 0.7270375161707633,
        "support": 390.0
    },
    "7": {
        "precision": 0.7115384615384616,
        "recall": 0.7474747474747475,
        "f1-score": 0.729064039408867,
        "support": 396.0
    },
    "8": {
        "precision": 0.7165354330708661,
        "recall": 0.6859296482412061,
        "f1-score": 0.7008985879332478,
        "support": 398.0
    },
    "9": {
        "precision": 0.8407960199004975,
        "recall": 0.8513853904282116,
        "f1-score": 0.8460575719649562,
        "support": 397.0
    },
    "10": {
        "precision": 0.8734491315136477,
        "recall": 0.8822055137844611,
        "f1-score": 0.8778054862842892,
        "support": 399.0
    },
    "11": {
        "precision": 0.7728459530026109,
        "recall": 0.7474747474747475,
        "f1-score": 0.7599486521181001,
        "support": 396.0
    },
    "12": {
        "precision": 0.5561224489795918,
        "recall": 0.55470737913486,
        "f1-score": 0.5554140127388535,
        "support": 393.0
    },
    "13": {
        "precision": 0.8193384223918575,
        "recall": 0.8131313131313131,
        "f1-score": 0.8162230671736375,
        "support": 396.0
    },
    "14": {
        "precision": 0.794344473007712,
        "recall": 0.7842639593908629,
        "f1-score": 0.789272030651341,
        "support": 394.0
    },
    "15": {
        "precision": 0.6422413793103449,
        "recall": 0.7487437185929648,
        "f1-score": 0.691415313225058,
        "support": 398.0
    },
    "16": {
        "precision": 0.5965770171149144,
        "recall": 0.6703296703296703,
        "f1-score": 0.6313065976714101,
        "support": 364.0
    },
    "17": {
        "precision": 0.8715083798882681,
        "recall": 0.8297872340425532,
        "f1-score": 0.8501362397820164,
        "support": 376.0
    },
    "18": {
        "precision": 0.5588235294117647,
        "recall": 0.49032258064516127,
        "f1-score": 0.5223367697594502,
        "support": 310.0
    },
    "19": {
        "precision": 0.37751004016064255,
        "recall": 0.3745019920318725,
        "f1-score": 0.376,
        "support": 251.0
    },
    "accuracy": 0.6783058948486458,
    "macro avg": {
        "precision": 0.6702412027541237,
        "recall": 0.6690714715478092,
        "f1-score": 0.6690554210708223,
        "support": 7532.0
    },
    "weighted avg": {
        "precision": 0.678293384281652,
        "recall": 0.6783058948486458,
        "f1-score": 0.6777174625694972,
        "support": 7532.0
    },
    "roc_auc": {
        "0": 0.9551449903018193,
        "1": 0.9568812222727269,
        "2": 0.9517453594332471,
        "3": 0.9530119190533356,
        "4": 0.9575366287553219,
        "5": 0.9711746416871961,
        "6": 0.9810772677336665,
        "7": 0.9777366574942247,
        "8": 0.9811202071473148,
        "9": 0.9934381724178712,
        "10": 0.9955204849358781,
        "11": 0.976405379467319,
        "12": 0.9463257232697004,
        "13": 0.9797049106536213,
        "14": 0.9726700450722736,
        "15": 0.9776961623367749,
        "16": 0.9621926970908556,
        "17": 0.9874982160484284,
        "18": 0.9459871718137233,
        "19": 0.9323737873666712
    },
    "model": "LogisticRegression",
    "params": {
        "max_iter": 200,
        "random_state": 42,
        "C": 0.9
    },
    "mode": "training"
}