{
    "0": {
        "precision": 0.7644539614561028,
        "recall": 0.74375,
        "f1-score": 0.7539598732840549,
        "support": 480.0
    },
    "1": {
        "precision": 0.7147887323943662,
        "recall": 0.6952054794520548,
        "f1-score": 0.7048611111111112,
        "support": 584.0
    },
    "2": {
        "precision": 0.7084048027444254,
        "recall": 0.6988155668358714,
        "f1-score": 0.7035775127768313,
        "support": 591.0
    },
    "3": {
        "precision": 0.6484641638225256,
        "recall": 0.6440677966101694,
        "f1-score": 0.6462585034013606,
        "support": 590.0
    },
    "4": {
        "precision": 0.75,
        "recall": 0.7214532871972318,
        "f1-score": 0.7354497354497355,
        "support": 578.0
    },
    "5": {
        "precision": 0.7663398692810458,
        "recall": 0.790893760539629,
        "f1-score": 0.7784232365145228,
        "support": 593.0
    },
    "6": {
        "precision": 0.8033057851239669,
        "recall": 0.8307692307692308,
        "f1-score": 0.8168067226890756,
        "support": 585.0
    },
    "7": {
        "precision": 0.806930693069307,
        "recall": 0.8232323232323232,
        "f1-score": 0.815,
        "support": 594.0
    },
    "8": {
        "precision": 0.8452173913043478,
        "recall": 0.8127090301003345,
        "f1-score": 0.8286445012787724,
        "support": 598.0
    },
    "9": {
        "precision": 0.9333333333333333,
        "recall": 0.9380234505862647,
        "f1-score": 0.935672514619883,
        "support": 597.0
    },
    "10": {
        "precision": 0.9629005059021922,
        "recall": 0.9516666666666667,
        "f1-score": 0.9572506286672254,
        "support": 600.0
    },
    "11": {
        "precision": 0.8996655518394648,
        "recall": 0.9042016806722689,
        "f1-score": 0.9019279128248114,
        "support": 595.0
    },
    "12": {
        "precision": 0.7603448275862069,
        "recall": 0.7461928934010152,
        "f1-score": 0.753202391118702,
        "support": 591.0
    },
    "13": {
        "precision": 0.9272727272727272,
        "recall": 0.9444444444444444,
        "f1-score": 0.9357798165137615,
        "support": 594.0
    },
    "14": {
        "precision": 0.8709677419354839,
        "recall": 0.9106239460370995,
        "f1-score": 0.8903544929925804,
        "support": 593.0
    },
    "15": {
        "precision": 0.7874015748031497,
        "recall": 0.8347245409015025,
        "f1-score": 0.8103727714748784,
        "support": 599.0
    },
    "16": {
        "precision": 0.8372513562386981,
        "recall": 0.847985347985348,
        "f1-score": 0.8425841674249318,
        "support": 546.0
    },
    "17": {
        "precision": 0.9413854351687388,
        "recall": 0.9397163120567376,
        "f1-score": 0.940550133096717,
        "support": 564.0
    },
    "18": {
        "precision": 0.8054968287526427,
        "recall": 0.8193548387096774,
        "f1-score": 0.8123667377398721,
        "support": 465.0
    },
    "19": {
        "precision": 0.6398809523809523,
        "recall": 0.5702917771883289,
        "f1-score": 0.603085553997195,
        "support": 377.0
    },
    "accuracy": 0.8134170054799363,
    "macro avg": {
        "precision": 0.8086903117204838,
        "recall": 0.8084061186693099,
        "f1-score": 0.8083064158488013,
        "support": 11314.0
    },
    "weighted avg": {
        "precision": 0.8123281031803079,
        "recall": 0.8134170054799363,
        "f1-score": 0.8126596295358062,
        "support": 11314.0
    },
    "roc_auc": null,
    "model": "LogisticRegression",
    "params": {
        "max_iter": 200,
        "random_state": 42,
        "C": 0.9
    },
    "mode": "training"
}