{
    "0": {
        "precision": 0.9706498951781971,
        "recall": 0.9645833333333333,
        "f1-score": 0.96760710553814,
        "support": 480.0
    },
    "1": {
        "precision": 0.9053356282271945,
        "recall": 0.9006849315068494,
        "f1-score": 0.9030042918454936,
        "support": 584.0
    },
    "2": {
        "precision": 0.8868852459016393,
        "recall": 0.9153976311336718,
        "f1-score": 0.9009159034138218,
        "support": 591.0
    },
    "3": {
        "precision": 0.8464163822525598,
        "recall": 0.8406779661016949,
        "f1-score": 0.8435374149659864,
        "support": 590.0
    },
    "4": {
        "precision": 0.9165217391304348,
        "recall": 0.9117647058823529,
        "f1-score": 0.9141370338248048,
        "support": 578.0
    },
    "5": {
        "precision": 0.9674657534246576,
        "recall": 0.9527824620573356,
        "f1-score": 0.9600679694137638,
        "support": 593.0
    },
    "6": {
        "precision": 0.9112227805695142,
        "recall": 0.9299145299145299,
        "f1-score": 0.9204737732656514,
        "support": 585.0
    },
    "7": {
        "precision": 0.9631490787269682,
        "recall": 0.968013468013468,
        "f1-score": 0.9655751469353484,
        "support": 594.0
    },
    "8": {
        "precision": 0.9765886287625418,
        "recall": 0.9765886287625418,
        "f1-score": 0.9765886287625418,
        "support": 598.0
    },
    "9": {
        "precision": 0.9932773109243698,
        "recall": 0.9899497487437185,
        "f1-score": 0.9916107382550335,
        "support": 597.0
    },
    "10": {
        "precision": 0.9933333333333333,
        "recall": 0.9933333333333333,
        "f1-score": 0.9933333333333333,
        "support": 600.0
    },
    "11": {
        "precision": 0.9915966386554622,
        "recall": 0.9915966386554622,
        "f1-score": 0.9915966386554622,
        "support": 595.0
    },
    "12": {
        "precision": 0.9143835616438356,
        "recall": 0.9035532994923858,
        "f1-score": 0.908936170212766,
        "support": 591.0
    },
    "13": {
        "precision": 0.979933110367893,
        "recall": 0.9865319865319865,
        "f1-score": 0.9832214765100671,
        "support": 594.0
    },
    "14": {
        "precision": 0.9881756756756757,
        "recall": 0.9865092748735245,
        "f1-score": 0.9873417721518988,
        "support": 593.0
    },
    "15": {
        "precision": 0.9655172413793104,
        "recall": 0.9816360601001669,
        "f1-score": 0.9735099337748344,
        "support": 599.0
    },
    "16": {
        "precision": 0.9781021897810219,
        "recall": 0.9816849816849816,
        "f1-score": 0.979890310786106,
        "support": 546.0
    },
    "17": {
        "precision": 0.9859402460456942,
        "recall": 0.9946808510638298,
        "f1-score": 0.9902912621359223,
        "support": 564.0
    },
    "18": {
        "precision": 0.9591397849462365,
        "recall": 0.9591397849462365,
        "f1-score": 0.9591397849462365,
        "support": 465.0
    },
    "19": {
        "precision": 0.9576271186440678,
        "recall": 0.8992042440318302,
        "f1-score": 0.9274965800273598,
        "support": 377.0
    },
    "accuracy": 0.9521831359377763,
    "macro avg": {
        "precision": 0.9525630671785305,
        "recall": 0.9514113930081617,
        "f1-score": 0.9519137634377287,
        "support": 11314.0
    },
    "weighted avg": {
        "precision": 0.9522481410036312,
        "recall": 0.9521831359377763,
        "f1-score": 0.952156421663342,
        "support": 11314.0
    },
    "roc_auc": null,
    "model": "LogisticRegression",
    "params": {
        "C": 0.5,
        "max_iter": 100,
        "penalty": "l2",
        "solver": "lbfgs",
        "tol": 0.001
    },
    "mode": "training"
}