{
    "processing_time_seconds": 68.02599906921387,
    "memory_usage_mb": 15.203125,
    "successful_samples": 7532,
    "total_samples": 7532,
    "error_rate": 0.0,
    "samples_per_second": 110.72237237319332,
    "timestamp": "2025-05-24 15:00:38"
}