{
    "processing_time_seconds": 107.073725938797,
    "memory_usage_mb": -132.875,
    "successful_samples": 11314,
    "total_samples": 11314,
    "error_rate": 0.0,
    "samples_per_second": 105.6655113175668,
    "timestamp": "2025-05-24 14:59:28"
}