{
    "0": {
        "precision": 0.6296296296296297,
        "recall": 0.6394984326018809,
        "f1-score": 0.6345256609642301,
        "support": 319.0
    },
    "1": {
        "precision": 0.6625615763546798,
        "recall": 0.6915167095115681,
        "f1-score": 0.6767295597484276,
        "support": 389.0
    },
    "2": {
        "precision": 0.7303030303030303,
        "recall": 0.6116751269035533,
        "f1-score": 0.6657458563535912,
        "support": 394.0
    },
    "3": {
        "precision": 0.6233062330623306,
        "recall": 0.5867346938775511,
        "f1-score": 0.6044678055190539,
        "support": 392.0
    },
    "4": {
        "precision": 0.6862745098039216,
        "recall": 0.7272727272727273,
        "f1-score": 0.7061790668348046,
        "support": 385.0
    },
    "5": {
        "precision": 0.8303341902313625,
        "recall": 0.8177215189873418,
        "f1-score": 0.8239795918367347,
        "support": 395.0
    },
    "6": {
        "precision": 0.779126213592233,
        "recall": 0.823076923076923,
        "f1-score": 0.800498753117207,
        "support": 390.0
    },
    "7": {
        "precision": 0.9054054054054054,
        "recall": 0.8459595959595959,
        "f1-score": 0.8746736292428199,
        "support": 396.0
    },
    "8": {
        "precision": 0.8773584905660378,
        "recall": 0.9346733668341709,
        "f1-score": 0.9051094890510949,
        "support": 398.0
    },
    "9": {
        "precision": 0.9357326478149101,
        "recall": 0.9168765743073047,
        "f1-score": 0.926208651399491,
        "support": 397.0
    },
    "10": {
        "precision": 0.9646464646464646,
        "recall": 0.9573934837092731,
        "f1-score": 0.9610062893081761,
        "support": 399.0
    },
    "11": {
        "precision": 0.9216710182767625,
        "recall": 0.8914141414141414,
        "f1-score": 0.9062901155327343,
        "support": 396.0
    },
    "12": {
        "precision": 0.6421568627450981,
        "recall": 0.6666666666666666,
        "f1-score": 0.6541822721598003,
        "support": 393.0
    },
    "13": {
        "precision": 0.8379746835443038,
        "recall": 0.8358585858585859,
        "f1-score": 0.8369152970922883,
        "support": 396.0
    },
    "14": {
        "precision": 0.8802992518703242,
        "recall": 0.8959390862944162,
        "f1-score": 0.8880503144654088,
        "support": 394.0
    },
    "15": {
        "precision": 0.7573033707865169,
        "recall": 0.8467336683417085,
        "f1-score": 0.7995255041518387,
        "support": 398.0
    },
    "16": {
        "precision": 0.7173396674584323,
        "recall": 0.8296703296703297,
        "f1-score": 0.7694267515923567,
        "support": 364.0
    },
    "17": {
        "precision": 0.9352941176470588,
        "recall": 0.8457446808510638,
        "f1-score": 0.888268156424581,
        "support": 376.0
    },
    "18": {
        "precision": 0.5913978494623656,
        "recall": 0.532258064516129,
        "f1-score": 0.5602716468590832,
        "support": 310.0
    },
    "19": {
        "precision": 0.4732510288065844,
        "recall": 0.4581673306772908,
        "f1-score": 0.46558704453441296,
        "support": 251.0
    },
    "accuracy": 0.7776155071694105,
    "macro avg": {
        "precision": 0.7690683121003727,
        "recall": 0.7677425853666111,
        "f1-score": 0.7673820728094068,
        "support": 7532.0
    },
    "weighted avg": {
        "precision": 0.7784337809315796,
        "recall": 0.7776155071694105,
        "f1-score": 0.776994885402418,
        "support": 7532.0
    },
    "model": "LogisticRegression"
}