{
    "0": {
        "precision": 0.9337676438653637,
        "recall": 0.9052631578947369,
        "f1-score": 0.9192944949225014,
        "support": 1900.0
    },
    "1": {
        "precision": 0.9527720739219713,
        "recall": 0.9768421052631578,
        "f1-score": 0.9646569646569647,
        "support": 1900.0
    },
    "2": {
        "precision": 0.885427666314678,
        "recall": 0.8826315789473684,
        "f1-score": 0.8840274117026885,
        "support": 1900.0
    },
    "3": {
        "precision": 0.8914405010438413,
        "recall": 0.8989473684210526,
        "f1-score": 0.8951781970649895,
        "support": 1900.0
    },
    "accuracy": 0.915921052631579,
    "macro avg": {
        "precision": 0.9158519712864636,
        "recall": 0.9159210526315789,
        "f1-score": 0.915789267086786,
        "support": 7600.0
    },
    "weighted avg": {
        "precision": 0.9158519712864637,
        "recall": 0.915921052631579,
        "f1-score": 0.915789267086786,
        "support": 7600.0
    },
    "roc_auc": {
        "0": 0.9805469990766389,
        "1": 0.9959002770083103,
        "2": 0.9766724838411818,
        "3": 0.9820272391505078
    },
    "model": "LogisticRegression",
    "params": {
        "C": 1,
        "max_iter": 100,
        "penalty": "l2",
        "solver": "lbfgs",
        "tol": 1e-05
    },
    "mode": "training"
}