{
    "0": {
        "precision": 0.951711575474292,
        "recall": 0.9230333333333334,
        "f1-score": 0.9371531068092596,
        "support": 30000.0
    },
    "1": {
        "precision": 0.9646599414253173,
        "recall": 0.9881333333333333,
        "f1-score": 0.9762555573851474,
        "support": 30000.0
    },
    "2": {
        "precision": 0.9207394957983194,
        "recall": 0.9130666666666667,
        "f1-score": 0.9168870292887029,
        "support": 30000.0
    },
    "3": {
        "precision": 0.9161845911122798,
        "recall": 0.9291333333333334,
        "f1-score": 0.922613531047266,
        "support": 30000.0
    },
    "accuracy": 0.9383416666666666,
    "macro avg": {
        "precision": 0.9383239009525521,
        "recall": 0.9383416666666666,
        "f1-score": 0.938227306132594,
        "support": 120000.0
    },
    "weighted avg": {
        "precision": 0.938323900952552,
        "recall": 0.9383416666666666,
        "f1-score": 0.9382273061325939,
        "support": 120000.0
    },
    "roc_auc": null,
    "model": "LogisticRegression",
    "params": {
        "C": 1,
        "max_iter": 100,
        "penalty": "l2",
        "solver": "lbfgs",
        "tol": 1e-05
    },
    "mode": "training"
}