{
    "processing_time_seconds": 0.495150089263916,
    "memory_usage_mb": 6.71484375,
    "successful_samples": 7600,
    "total_samples": 7600,
    "error_rate": 0.0,
    "samples_per_second": 15348.88140946933,
    "timestamp": "2025-05-25 15:12:41"
}