{
    "0": {
        "precision": 1.0,
        "recall": 0.058394160583941604,
        "f1-score": 0.1103448275862069,
        "support": 137.0
    },
    "1": {
        "precision": 0.7434402332361516,
        "recall": 0.5835240274599542,
        "f1-score": 0.6538461538461539,
        "support": 437.0
    },
    "2": {
        "precision": 0.7779591836734694,
        "recall": 0.8352322524101665,
        "f1-score": 0.8055790363482671,
        "support": 1141.0
    },
    "3": {
        "precision": 0.8617021276595744,
        "recall": 0.4909090909090909,
        "f1-score": 0.6254826254826255,
        "support": 330.0
    },
    "4": {
        "precision": 0.9240506329113924,
        "recall": 0.2874015748031496,
        "f1-score": 0.43843843843843844,
        "support": 254.0
    },
    "5": {
        "precision": 0.900804289544236,
        "recall": 0.6098003629764065,
        "f1-score": 0.7272727272727273,
        "support": 551.0
    },
    "6": {
        "precision": 0.4388335704125178,
        "recall": 0.7800252844500632,
        "f1-score": 0.5616750113791534,
        "support": 791.0
    },
    "7": {
        "precision": 0.75,
        "recall": 0.4430992736077482,
        "f1-score": 0.5570776255707762,
        "support": 413.0
    },
    "8": {
        "precision": 0.9285714285714286,
        "recall": 0.2777777777777778,
        "f1-score": 0.4276315789473684,
        "support": 234.0
    },
    "9": {
        "precision": 1.0,
        "recall": 0.09774436090225563,
        "f1-score": 0.1780821917808219,
        "support": 133.0
    },
    "10": {
        "precision": 0.7293233082706767,
        "recall": 0.42920353982300885,
        "f1-score": 0.5403899721448467,
        "support": 226.0
    },
    "11": {
        "precision": 0.6221692491060786,
        "recall": 0.9233490566037735,
        "f1-score": 0.7434132447187277,
        "support": 1696.0
    },
    "12": {
        "precision": 0.7457044673539519,
        "recall": 0.48008849557522126,
        "f1-score": 0.5841184387617766,
        "support": 452.0
    },
    "13": {
        "precision": 0.6662251655629139,
        "recall": 0.71045197740113,
        "f1-score": 0.6876281613123718,
        "support": 708.0
    },
    "14": {
        "precision": 0.5777511961722488,
        "recall": 0.7511664074650077,
        "f1-score": 0.6531440162271805,
        "support": 643.0
    },
    "15": {
        "precision": 0.6227390180878553,
        "recall": 0.4781746031746032,
        "f1-score": 0.5409652076318743,
        "support": 504.0
    },
    "16": {
        "precision": 0.788235294117647,
        "recall": 0.21895424836601307,
        "f1-score": 0.34271099744245526,
        "support": 306.0
    },
    "17": {
        "precision": 0.8241758241758241,
        "recall": 0.29880478087649404,
        "f1-score": 0.43859649122807015,
        "support": 251.0
    },
    "18": {
        "precision": 0.43855693348365277,
        "recall": 0.731203007518797,
        "f1-score": 0.5482734319943622,
        "support": 532.0
    },
    "19": {
        "precision": 0.9710144927536232,
        "recall": 0.2567049808429119,
        "f1-score": 0.40606060606060607,
        "support": 261.0
    },
    "accuracy": 0.637,
    "macro avg": {
        "precision": 0.7655628207546622,
        "recall": 0.4871004631763757,
        "f1-score": 0.5285365392087404,
        "support": 10000.0
    },
    "weighted avg": {
        "precision": 0.7021043243364449,
        "recall": 0.637,
        "f1-score": 0.6175680212801705,
        "support": 10000.0
    },
    "roc_auc": null,
    "model": "LogisticRegression",
    "params": {
        "max_iter": 5000,
        "random_state": 42,
        "C": 0.7,
        "tol": 1e-06,
        "grid_search": false
    },
    "mode": "training"
}