{
    "0": {
        "precision": 1.0,
        "recall": 0.058394160583941604,
        "f1-score": 0.1103448275862069,
        "support": 137.0
    },
    "1": {
        "precision": 0.7420289855072464,
        "recall": 0.585812356979405,
        "f1-score": 0.6547314578005116,
        "support": 437.0
    },
    "2": {
        "precision": 0.777596075224857,
        "recall": 0.8334794040315513,
        "f1-score": 0.8045685279187818,
        "support": 1141.0
    },
    "3": {
        "precision": 0.8624338624338624,
        "recall": 0.49393939393939396,
        "f1-score": 0.628131021194605,
        "support": 330.0
    },
    "4": {
        "precision": 0.9240506329113924,
        "recall": 0.2874015748031496,
        "f1-score": 0.43843843843843844,
        "support": 254.0
    },
    "5": {
        "precision": 0.8986666666666666,
        "recall": 0.6116152450090744,
        "f1-score": 0.7278617710583153,
        "support": 551.0
    },
    "6": {
        "precision": 0.43843416370106764,
        "recall": 0.7787610619469026,
        "f1-score": 0.5610200364298725,
        "support": 791.0
    },
    "7": {
        "precision": 0.75,
        "recall": 0.4430992736077482,
        "f1-score": 0.5570776255707762,
        "support": 413.0
    },
    "8": {
        "precision": 0.9285714285714286,
        "recall": 0.2777777777777778,
        "f1-score": 0.4276315789473684,
        "support": 234.0
    },
    "9": {
        "precision": 1.0,
        "recall": 0.09774436090225563,
        "f1-score": 0.1780821917808219,
        "support": 133.0
    },
    "10": {
        "precision": 0.7293233082706767,
        "recall": 0.42920353982300885,
        "f1-score": 0.5403899721448467,
        "support": 226.0
    },
    "11": {
        "precision": 0.6232576662684189,
        "recall": 0.9227594339622641,
        "f1-score": 0.7439980984074163,
        "support": 1696.0
    },
    "12": {
        "precision": 0.7457044673539519,
        "recall": 0.48008849557522126,
        "f1-score": 0.5841184387617766,
        "support": 452.0
    },
    "13": {
        "precision": 0.6653491436100132,
        "recall": 0.713276836158192,
        "f1-score": 0.6884798909338786,
        "support": 708.0
    },
    "14": {
        "precision": 0.579136690647482,
        "recall": 0.7511664074650077,
        "f1-score": 0.6540284360189573,
        "support": 643.0
    },
    "15": {
        "precision": 0.6237113402061856,
        "recall": 0.4801587301587302,
        "f1-score": 0.5426008968609866,
        "support": 504.0
    },
    "16": {
        "precision": 0.7931034482758621,
        "recall": 0.22549019607843138,
        "f1-score": 0.3511450381679389,
        "support": 306.0
    },
    "17": {
        "precision": 0.8260869565217391,
        "recall": 0.30278884462151395,
        "f1-score": 0.44314868804664725,
        "support": 251.0
    },
    "18": {
        "precision": 0.43954802259887005,
        "recall": 0.731203007518797,
        "f1-score": 0.5490472829922372,
        "support": 532.0
    },
    "19": {
        "precision": 0.9710144927536232,
        "recall": 0.2567049808429119,
        "f1-score": 0.40606060606060607,
        "support": 261.0
    },
    "accuracy": 0.6375,
    "macro avg": {
        "precision": 0.7659008675761672,
        "recall": 0.4880432540892639,
        "f1-score": 0.5295452412560495,
        "support": 10000.0
    },
    "weighted avg": {
        "precision": 0.702386319698869,
        "recall": 0.6375,
        "f1-score": 0.6182717661357607,
        "support": 10000.0
    },
    "roc_auc": null,
    "model": "LogisticRegression",
    "params": {
        "max_iter": 5000,
        "random_state": 42,
        "C": 0.7,
        "grid_search": false
    },
    "mode": "training"
}