{
    "0": {
        "precision": 1.0,
        "recall": 0.058394160583941604,
        "f1-score": 0.1103448275862069,
        "support": 137.0
    },
    "1": {
        "precision": 0.6967930029154519,
        "recall": 0.5469107551487414,
        "f1-score": 0.6128205128205129,
        "support": 437.0
    },
    "2": {
        "precision": 0.7608163265306123,
        "recall": 0.8168273444347064,
        "f1-score": 0.7878275570583263,
        "support": 1141.0
    },
    "3": {
        "precision": 0.8100558659217877,
        "recall": 0.4393939393939394,
        "f1-score": 0.5697445972495089,
        "support": 330.0
    },
    "4": {
        "precision": 0.8809523809523809,
        "recall": 0.29133858267716534,
        "f1-score": 0.4378698224852071,
        "support": 254.0
    },
    "5": {
        "precision": 0.8430851063829787,
        "recall": 0.5753176043557169,
        "f1-score": 0.6839266450916937,
        "support": 551.0
    },
    "6": {
        "precision": 0.416189111747851,
        "recall": 0.7345132743362832,
        "f1-score": 0.5313214449016919,
        "support": 791.0
    },
    "7": {
        "precision": 0.642570281124498,
        "recall": 0.387409200968523,
        "f1-score": 0.48338368580060426,
        "support": 413.0
    },
    "8": {
        "precision": 0.9016393442622951,
        "recall": 0.23504273504273504,
        "f1-score": 0.3728813559322034,
        "support": 234.0
    },
    "9": {
        "precision": 1.0,
        "recall": 0.09022556390977443,
        "f1-score": 0.16551724137931034,
        "support": 133.0
    },
    "10": {
        "precision": 0.6857142857142857,
        "recall": 0.4247787610619469,
        "f1-score": 0.5245901639344263,
        "support": 226.0
    },
    "11": {
        "precision": 0.6134286849423918,
        "recall": 0.910377358490566,
        "f1-score": 0.7329693804889628,
        "support": 1696.0
    },
    "12": {
        "precision": 0.65,
        "recall": 0.4026548672566372,
        "f1-score": 0.4972677595628415,
        "support": 452.0
    },
    "13": {
        "precision": 0.6128205128205129,
        "recall": 0.6751412429378532,
        "f1-score": 0.6424731182795699,
        "support": 708.0
    },
    "14": {
        "precision": 0.5388291517323776,
        "recall": 0.7013996889580093,
        "f1-score": 0.6094594594594595,
        "support": 643.0
    },
    "15": {
        "precision": 0.5570652173913043,
        "recall": 0.40674603174603174,
        "f1-score": 0.4701834862385321,
        "support": 504.0
    },
    "16": {
        "precision": 0.6777777777777778,
        "recall": 0.19934640522875818,
        "f1-score": 0.30808080808080807,
        "support": 306.0
    },
    "17": {
        "precision": 0.8333333333333334,
        "recall": 0.3187250996015936,
        "f1-score": 0.4610951008645533,
        "support": 251.0
    },
    "18": {
        "precision": 0.41816143497757846,
        "recall": 0.7011278195488722,
        "f1-score": 0.523876404494382,
        "support": 532.0
    },
    "19": {
        "precision": 0.8805970149253731,
        "recall": 0.2260536398467433,
        "f1-score": 0.3597560975609756,
        "support": 261.0
    },
    "accuracy": 0.6052,
    "macro avg": {
        "precision": 0.7209914416726395,
        "recall": 0.4570862037764269,
        "f1-score": 0.49426947346348876,
        "support": 10000.0
    },
    "weighted avg": {
        "precision": 0.6622896711442987,
        "recall": 0.6052,
        "f1-score": 0.5839860574242609,
        "support": 10000.0
    },
    "roc_auc": null,
    "model": "LogisticRegression",
    "params": {
        "max_iter": 5000,
        "random_state": 42,
        "C": 0.7,
        "grid_search": false
    },
    "mode": "training"
}