{
    "0": {
        "precision": 0.0,
        "recall": 0.0,
        "f1-score": 0.0,
        "support": 127.0
    },
    "1": {
        "precision": 0.5626911314984709,
        "recall": 0.42990654205607476,
        "f1-score": 0.48741721854304637,
        "support": 428.0
    },
    "2": {
        "precision": 0.6703483432455395,
        "recall": 0.7464522232734153,
        "f1-score": 0.7063563115487914,
        "support": 1057.0
    },
    "3": {
        "precision": 0.6791044776119403,
        "recall": 0.2676470588235294,
        "f1-score": 0.38396624472573837,
        "support": 340.0
    },
    "4": {
        "precision": 0.8723404255319149,
        "recall": 0.1413793103448276,
        "f1-score": 0.2433234421364985,
        "support": 290.0
    },
    "5": {
        "precision": 0.7871794871794872,
        "recall": 0.5329861111111112,
        "f1-score": 0.6356107660455487,
        "support": 576.0
    },
    "6": {
        "precision": 0.30216284987277353,
        "recall": 0.5743651753325272,
        "f1-score": 0.3959983326385994,
        "support": 827.0
    },
    "7": {
        "precision": 0.5053763440860215,
        "recall": 0.2017167381974249,
        "f1-score": 0.2883435582822086,
        "support": 466.0
    },
    "8": {
        "precision": 0.9411764705882353,
        "recall": 0.1461187214611872,
        "f1-score": 0.25296442687747034,
        "support": 219.0
    },
    "9": {
        "precision": 1.0,
        "recall": 0.04827586206896552,
        "f1-score": 0.09210526315789473,
        "support": 145.0
    },
    "10": {
        "precision": 0.5775862068965517,
        "recall": 0.3435897435897436,
        "f1-score": 0.43086816720257237,
        "support": 195.0
    },
    "11": {
        "precision": 0.5347890451517394,
        "recall": 0.8626865671641791,
        "f1-score": 0.6602695910440941,
        "support": 1675.0
    },
    "12": {
        "precision": 0.4232209737827715,
        "recall": 0.24406047516198703,
        "f1-score": 0.3095890410958904,
        "support": 463.0
    },
    "13": {
        "precision": 0.4099722991689751,
        "recall": 0.4505327245053272,
        "f1-score": 0.42929659173313994,
        "support": 657.0
    },
    "14": {
        "precision": 0.3745541022592152,
        "recall": 0.48989113530326595,
        "f1-score": 0.42452830188679247,
        "support": 643.0
    },
    "15": {
        "precision": 0.4155844155844156,
        "recall": 0.26778242677824265,
        "f1-score": 0.3256997455470738,
        "support": 478.0
    },
    "16": {
        "precision": 0.37681159420289856,
        "recall": 0.07303370786516854,
        "f1-score": 0.1223529411764706,
        "support": 356.0
    },
    "17": {
        "precision": 0.7068965517241379,
        "recall": 0.17012448132780084,
        "f1-score": 0.27424749163879597,
        "support": 241.0
    },
    "18": {
        "precision": 0.33266533066132264,
        "recall": 0.6014492753623188,
        "f1-score": 0.42838709677419357,
        "support": 552.0
    },
    "19": {
        "precision": 0.8,
        "recall": 0.13584905660377358,
        "f1-score": 0.23225806451612904,
        "support": 265.0
    },
    "accuracy": 0.4819,
    "macro avg": {
        "precision": 0.5636230024523207,
        "recall": 0.3363923668165435,
        "f1-score": 0.35617912982854744,
        "support": 10000.0
    },
    "weighted avg": {
        "precision": 0.533652130356553,
        "recall": 0.4819,
        "f1-score": 0.45047544833518005,
        "support": 10000.0
    },
    "roc_auc": {
        "0": 0.8148964287394797,
        "1": 0.8629369734935619,
        "2": 0.9312190176171995,
        "3": 0.8489011691633175,
        "4": 0.8213214247665044,
        "5": 0.896738325463356,
        "6": 0.8603011361217158,
        "7": 0.8399018736647067,
        "8": 0.8198464173621489,
        "9": 0.8131303906646373,
        "10": 0.883939643562285,
        "11": 0.936849589888396,
        "12": 0.8262807739143057,
        "13": 0.8658134733579099,
        "14": 0.8582727047439638,
        "15": 0.8258197927899187,
        "16": 0.824196741060402,
        "17": 0.8675094678005493,
        "18": 0.8828790350538109,
        "19": 0.7841761393920013
    },
    "model": "LogisticRegression",
    "params": {
        "max_iter": 5000,
        "random_state": 42,
        "C": 0.7,
        "tol": 0.0005,
        "grid_search": false
    },
    "mode": "training"
}