{
    "0": {
        "precision": 0.0,
        "recall": 0.0,
        "f1-score": 0.0,
        "support": 127.0
    },
    "1": {
        "precision": 0.5243553008595988,
        "recall": 0.42757009345794394,
        "f1-score": 0.47104247104247104,
        "support": 428.0
    },
    "2": {
        "precision": 0.6655462184873949,
        "recall": 0.7492904446546831,
        "f1-score": 0.7049399198931909,
        "support": 1057.0
    },
    "3": {
        "precision": 0.62,
        "recall": 0.2735294117647059,
        "f1-score": 0.3795918367346939,
        "support": 340.0
    },
    "4": {
        "precision": 0.8653846153846154,
        "recall": 0.15517241379310345,
        "f1-score": 0.2631578947368421,
        "support": 290.0
    },
    "5": {
        "precision": 0.755,
        "recall": 0.5243055555555556,
        "f1-score": 0.6188524590163934,
        "support": 576.0
    },
    "6": {
        "precision": 0.304640215198386,
        "recall": 0.5477629987908101,
        "f1-score": 0.3915298184961106,
        "support": 827.0
    },
    "7": {
        "precision": 0.44339622641509435,
        "recall": 0.2017167381974249,
        "f1-score": 0.27728613569321536,
        "support": 466.0
    },
    "8": {
        "precision": 0.8947368421052632,
        "recall": 0.1552511415525114,
        "f1-score": 0.26459143968871596,
        "support": 219.0
    },
    "9": {
        "precision": 0.875,
        "recall": 0.04827586206896552,
        "f1-score": 0.0915032679738562,
        "support": 145.0
    },
    "10": {
        "precision": 0.5378151260504201,
        "recall": 0.3282051282051282,
        "f1-score": 0.40764331210191085,
        "support": 195.0
    },
    "11": {
        "precision": 0.5419790104947526,
        "recall": 0.8632835820895522,
        "f1-score": 0.6658991480543404,
        "support": 1675.0
    },
    "12": {
        "precision": 0.3515358361774744,
        "recall": 0.2224622030237581,
        "f1-score": 0.2724867724867725,
        "support": 463.0
    },
    "13": {
        "precision": 0.37257438551099614,
        "recall": 0.4383561643835616,
        "f1-score": 0.4027972027972028,
        "support": 657.0
    },
    "14": {
        "precision": 0.3858764186633039,
        "recall": 0.4758942457231726,
        "f1-score": 0.42618384401114207,
        "support": 643.0
    },
    "15": {
        "precision": 0.36503067484662577,
        "recall": 0.2489539748953975,
        "f1-score": 0.2960199004975124,
        "support": 478.0
    },
    "16": {
        "precision": 0.3424657534246575,
        "recall": 0.0702247191011236,
        "f1-score": 0.11655011655011654,
        "support": 356.0
    },
    "17": {
        "precision": 0.6440677966101694,
        "recall": 0.15767634854771784,
        "f1-score": 0.25333333333333335,
        "support": 241.0
    },
    "18": {
        "precision": 0.32502596053997923,
        "recall": 0.5670289855072463,
        "f1-score": 0.4132013201320132,
        "support": 552.0
    },
    "19": {
        "precision": 0.7021276595744681,
        "recall": 0.12452830188679245,
        "f1-score": 0.21153846153846154,
        "support": 265.0
    },
    "accuracy": 0.4738,
    "macro avg": {
        "precision": 0.5258279020171599,
        "recall": 0.3289744156599577,
        "f1-score": 0.3464074327389147,
        "support": 10000.0
    },
    "weighted avg": {
        "precision": 0.5091381190644336,
        "recall": 0.4738,
        "f1-score": 0.44206820783003076,
        "support": 10000.0
    },
    "roc_auc": {
        "0": 0.8002737123675402,
        "1": 0.8508301324736088,
        "2": 0.9290856704043088,
        "3": 0.8285537693338205,
        "4": 0.8176792499733656,
        "5": 0.8852977511613375,
        "6": 0.85479057604391,
        "7": 0.8136489824985977,
        "8": 0.8083928443879873,
        "9": 0.7894273867632393,
        "10": 0.8804283528811829,
        "11": 0.9357940029581819,
        "12": 0.8126367443294061,
        "13": 0.8550600967588853,
        "14": 0.8483747582294242,
        "15": 0.8071486511307442,
        "16": 0.811337986242829,
        "17": 0.8538678415370596,
        "18": 0.8782562868914823,
        "19": 0.7539601321820701
    },
    "model": "LogisticRegression",
    "params": {
        "max_iter": 5000,
        "random_state": 42,
        "C": 0.7,
        "grid_search": false
    },
    "mode": "training"
}