{
    "0": {
        "precision": 0.0,
        "recall": 0.0,
        "f1-score": 0.0,
        "support": 127.0
    },
    "1": {
        "precision": 0.5507692307692308,
        "recall": 0.4182242990654206,
        "f1-score": 0.4754316069057105,
        "support": 428.0
    },
    "2": {
        "precision": 0.6386831275720165,
        "recall": 0.7341532639545885,
        "f1-score": 0.6830985915492958,
        "support": 1057.0
    },
    "3": {
        "precision": 0.6335877862595419,
        "recall": 0.24411764705882352,
        "f1-score": 0.3524416135881104,
        "support": 340.0
    },
    "4": {
        "precision": 0.7647058823529411,
        "recall": 0.13448275862068965,
        "f1-score": 0.2287390029325513,
        "support": 290.0
    },
    "5": {
        "precision": 0.8113207547169812,
        "recall": 0.5225694444444444,
        "f1-score": 0.6356916578669483,
        "support": 576.0
    },
    "6": {
        "precision": 0.3004791238877481,
        "recall": 0.5308343409915357,
        "f1-score": 0.38374125874125875,
        "support": 827.0
    },
    "7": {
        "precision": 0.5352941176470588,
        "recall": 0.19527896995708155,
        "f1-score": 0.2861635220125786,
        "support": 466.0
    },
    "8": {
        "precision": 0.9375,
        "recall": 0.136986301369863,
        "f1-score": 0.23904382470119523,
        "support": 219.0
    },
    "9": {
        "precision": 1.0,
        "recall": 0.04827586206896552,
        "f1-score": 0.09210526315789473,
        "support": 145.0
    },
    "10": {
        "precision": 0.43283582089552236,
        "recall": 0.29743589743589743,
        "f1-score": 0.3525835866261398,
        "support": 195.0
    },
    "11": {
        "precision": 0.5233949945593036,
        "recall": 0.8614925373134328,
        "f1-score": 0.651173285198556,
        "support": 1675.0
    },
    "12": {
        "precision": 0.35161290322580646,
        "recall": 0.23542116630669546,
        "f1-score": 0.2820181112548512,
        "support": 463.0
    },
    "13": {
        "precision": 0.368,
        "recall": 0.4200913242009132,
        "f1-score": 0.39232409381663114,
        "support": 657.0
    },
    "14": {
        "precision": 0.38589211618257263,
        "recall": 0.43390357698289267,
        "f1-score": 0.4084919472913616,
        "support": 643.0
    },
    "15": {
        "precision": 0.35195530726256985,
        "recall": 0.26359832635983266,
        "f1-score": 0.3014354066985646,
        "support": 478.0
    },
    "16": {
        "precision": 0.3194444444444444,
        "recall": 0.06460674157303371,
        "f1-score": 0.10747663551401869,
        "support": 356.0
    },
    "17": {
        "precision": 0.5932203389830508,
        "recall": 0.14522821576763487,
        "f1-score": 0.23333333333333334,
        "support": 241.0
    },
    "18": {
        "precision": 0.3108758421559192,
        "recall": 0.5851449275362319,
        "f1-score": 0.4060339409176619,
        "support": 552.0
    },
    "19": {
        "precision": 0.8857142857142857,
        "recall": 0.1169811320754717,
        "f1-score": 0.20666666666666667,
        "support": 265.0
    },
    "accuracy": 0.4648,
    "macro avg": {
        "precision": 0.5347643038314497,
        "recall": 0.3194413366541724,
        "f1-score": 0.3358996674386664,
        "support": 10000.0
    },
    "weighted avg": {
        "precision": 0.510861011605253,
        "recall": 0.4648,
        "f1-score": 0.43221941078173487,
        "support": 10000.0
    },
    "roc_auc": {
        "0": 0.8121090606609451,
        "1": 0.8536275488086358,
        "2": 0.9258969690410759,
        "3": 0.8336012665935939,
        "4": 0.8045449057139813,
        "5": 0.885068025932607,
        "6": 0.8471764237376636,
        "7": 0.8297561201788763,
        "8": 0.8087831267311192,
        "9": 0.8045046274427474,
        "10": 0.8707501405614614,
        "11": 0.9338229214288915,
        "12": 0.81404537652716,
        "13": 0.8518774830569316,
        "14": 0.8468693276264092,
        "15": 0.8159887826385759,
        "16": 0.8047860578155364,
        "17": 0.8425719593234291,
        "18": 0.8810988868129441,
        "19": 0.772941826322063
    },
    "model": "LogisticRegression",
    "params": {
        "max_iter": 5000,
        "random_state": 42,
        "C": 0.7,
        "tol": 0.005,
        "grid_search": false
    },
    "mode": "training"
}