{
    "0": {
        "precision": 0.9230769230769231,
        "recall": 0.08759124087591241,
        "f1-score": 0.16,
        "support": 137.0
    },
    "1": {
        "precision": 0.7158469945355191,
        "recall": 0.5995423340961098,
        "f1-score": 0.6525529265255293,
        "support": 437.0
    },
    "2": {
        "precision": 0.7749796913078798,
        "recall": 0.8361086765994742,
        "f1-score": 0.8043844856661045,
        "support": 1141.0
    },
    "3": {
        "precision": 0.8102564102564103,
        "recall": 0.47878787878787876,
        "f1-score": 0.6019047619047619,
        "support": 330.0
    },
    "4": {
        "precision": 0.8775510204081632,
        "recall": 0.33858267716535434,
        "f1-score": 0.48863636363636365,
        "support": 254.0
    },
    "5": {
        "precision": 0.8312655086848635,
        "recall": 0.6079854809437386,
        "f1-score": 0.7023060796645703,
        "support": 551.0
    },
    "6": {
        "precision": 0.4546839299314547,
        "recall": 0.7547408343868521,
        "f1-score": 0.5674904942965779,
        "support": 791.0
    },
    "7": {
        "precision": 0.6535714285714286,
        "recall": 0.4430992736077482,
        "f1-score": 0.5281385281385281,
        "support": 413.0
    },
    "8": {
        "precision": 0.918918918918919,
        "recall": 0.2905982905982906,
        "f1-score": 0.44155844155844154,
        "support": 234.0
    },
    "9": {
        "precision": 1.0,
        "recall": 0.12781954887218044,
        "f1-score": 0.22666666666666666,
        "support": 133.0
    },
    "10": {
        "precision": 0.7086092715231788,
        "recall": 0.47345132743362833,
        "f1-score": 0.5676392572944297,
        "support": 226.0
    },
    "11": {
        "precision": 0.6463973344439816,
        "recall": 0.9150943396226415,
        "f1-score": 0.7576275323407371,
        "support": 1696.0
    },
    "12": {
        "precision": 0.6970684039087948,
        "recall": 0.47345132743362833,
        "f1-score": 0.5638998682476943,
        "support": 452.0
    },
    "13": {
        "precision": 0.6404066073697586,
        "recall": 0.711864406779661,
        "f1-score": 0.6742474916387959,
        "support": 708.0
    },
    "14": {
        "precision": 0.5774473358116481,
        "recall": 0.7247278382581649,
        "f1-score": 0.6427586206896552,
        "support": 643.0
    },
    "15": {
        "precision": 0.6004901960784313,
        "recall": 0.4861111111111111,
        "f1-score": 0.5372807017543859,
        "support": 504.0
    },
    "16": {
        "precision": 0.7142857142857143,
        "recall": 0.26143790849673204,
        "f1-score": 0.3827751196172249,
        "support": 306.0
    },
    "17": {
        "precision": 0.8181818181818182,
        "recall": 0.3944223107569721,
        "f1-score": 0.532258064516129,
        "support": 251.0
    },
    "18": {
        "precision": 0.46311970979443773,
        "recall": 0.7199248120300752,
        "f1-score": 0.5636497424576895,
        "support": 532.0
    },
    "19": {
        "precision": 0.8764044943820225,
        "recall": 0.2988505747126437,
        "f1-score": 0.44571428571428573,
        "support": 261.0
    },
    "accuracy": 0.64,
    "macro avg": {
        "precision": 0.7351280855735673,
        "recall": 0.5012096096284401,
        "f1-score": 0.5420744716164286,
        "support": 10000.0
    },
    "weighted avg": {
        "precision": 0.6847375778807936,
        "recall": 0.64,
        "f1-score": 0.6231553770494869,
        "support": 10000.0
    },
    "roc_auc": {
        "0": 0.953036157400178,
        "1": 0.9543179985982396,
        "2": 0.971286546982678,
        "3": 0.9553694650747392,
        "4": 0.948439981837895,
        "5": 0.9561085310595674,
        "6": 0.9472363854466012,
        "7": 0.9482823415788783,
        "8": 0.9542401161538987,
        "9": 0.9789828782963794,
        "10": 0.9661269468754923,
        "11": 0.9660857278942634,
        "12": 0.9492844259651283,
        "13": 0.9561976647185721,
        "14": 0.9537062014433185,
        "15": 0.9421120087321646,
        "16": 0.9416255051638976,
        "17": 0.9611669232394455,
        "18": 0.9462538634291686,
        "19": 0.9441234220826404
    },
    "model": "LogisticRegression",
    "params": {
        "max_iter": 5000,
        "random_state": 42,
        "C": 0.9,
        "grid_search": false
    },
    "mode": "training"
}