{
    "0": {
        "precision": 0.0,
        "recall": 0.0,
        "f1-score": 0.0,
        "support": 127.0
    },
    "1": {
        "precision": 0.56656346749226,
        "recall": 0.42757009345794394,
        "f1-score": 0.4873501997336884,
        "support": 428.0
    },
    "2": {
        "precision": 0.6776145203111495,
        "recall": 0.7417218543046358,
        "f1-score": 0.7082204155374887,
        "support": 1057.0
    },
    "3": {
        "precision": 0.6842105263157895,
        "recall": 0.2676470588235294,
        "f1-score": 0.38477801268498946,
        "support": 340.0
    },
    "4": {
        "precision": 0.8913043478260869,
        "recall": 0.1413793103448276,
        "f1-score": 0.24404761904761904,
        "support": 290.0
    },
    "5": {
        "precision": 0.7822784810126582,
        "recall": 0.5364583333333334,
        "f1-score": 0.6364572605561277,
        "support": 576.0
    },
    "6": {
        "precision": 0.3002528445006321,
        "recall": 0.5743651753325272,
        "f1-score": 0.39435450394354504,
        "support": 827.0
    },
    "7": {
        "precision": 0.5133689839572193,
        "recall": 0.20600858369098712,
        "f1-score": 0.29402756508422667,
        "support": 466.0
    },
    "8": {
        "precision": 0.9696969696969697,
        "recall": 0.1461187214611872,
        "f1-score": 0.25396825396825395,
        "support": 219.0
    },
    "9": {
        "precision": 1.0,
        "recall": 0.04827586206896552,
        "f1-score": 0.09210526315789473,
        "support": 145.0
    },
    "10": {
        "precision": 0.5811965811965812,
        "recall": 0.3487179487179487,
        "f1-score": 0.4358974358974359,
        "support": 195.0
    },
    "11": {
        "precision": 0.534711964549483,
        "recall": 0.8644776119402985,
        "f1-score": 0.6607346566278804,
        "support": 1675.0
    },
    "12": {
        "precision": 0.42424242424242425,
        "recall": 0.24190064794816415,
        "f1-score": 0.3081155433287483,
        "support": 463.0
    },
    "13": {
        "precision": 0.3983739837398374,
        "recall": 0.4474885844748858,
        "f1-score": 0.421505376344086,
        "support": 657.0
    },
    "14": {
        "precision": 0.37985436893203883,
        "recall": 0.4867807153965785,
        "f1-score": 0.4267211997273347,
        "support": 643.0
    },
    "15": {
        "precision": 0.41025641025641024,
        "recall": 0.26778242677824265,
        "f1-score": 0.3240506329113924,
        "support": 478.0
    },
    "16": {
        "precision": 0.38571428571428573,
        "recall": 0.07584269662921349,
        "f1-score": 0.1267605633802817,
        "support": 356.0
    },
    "17": {
        "precision": 0.6792452830188679,
        "recall": 0.14937759336099585,
        "f1-score": 0.24489795918367346,
        "support": 241.0
    },
    "18": {
        "precision": 0.33001988071570576,
        "recall": 0.6014492753623188,
        "f1-score": 0.42618741976893454,
        "support": 552.0
    },
    "19": {
        "precision": 0.8,
        "recall": 0.13584905660377358,
        "f1-score": 0.23225806451612904,
        "support": 265.0
    },
    "accuracy": 0.4812,
    "macro avg": {
        "precision": 0.5654452661739201,
        "recall": 0.3354605775015179,
        "f1-score": 0.35512189726998655,
        "support": 10000.0
    },
    "weighted avg": {
        "precision": 0.534799676232332,
        "recall": 0.4812,
        "f1-score": 0.4499040935656852,
        "support": 10000.0
    },
    "roc_auc": {
        "0": 0.8158151835396146,
        "1": 0.863806185095938,
        "2": 0.9313399347978171,
        "3": 0.8490710632078918,
        "4": 0.8225462551937215,
        "5": 0.8969722878053669,
        "6": 0.8608281546534431,
        "7": 0.8403524859301834,
        "8": 0.8209943889910502,
        "9": 0.8137007295439038,
        "10": 0.8841467592410989,
        "11": 0.9374565012773968,
        "12": 0.8247285608783885,
        "13": 0.8660837413826612,
        "14": 0.8584437329626227,
        "15": 0.8261210111092656,
        "16": 0.8250181168707097,
        "17": 0.8676212913795076,
        "18": 0.8823164591233172,
        "19": 0.7844920584159472
    },
    "model": "LogisticRegression",
    "params": {
        "max_iter": 5000,
        "random_state": 42,
        "C": 0.7,
        "tol": 1e-06,
        "grid_search": false
    },
    "mode": "training"
}