{
    "0": {
        "precision": 0.8571428571428571,
        "recall": 0.047244094488188976,
        "f1-score": 0.08955223880597014,
        "support": 127.0
    },
    "1": {
        "precision": 0.6151515151515151,
        "recall": 0.4742990654205608,
        "f1-score": 0.5356200527704486,
        "support": 428.0
    },
    "2": {
        "precision": 0.737012987012987,
        "recall": 0.859035004730369,
        "f1-score": 0.7933595456531236,
        "support": 1057.0
    },
    "3": {
        "precision": 0.7058823529411765,
        "recall": 0.35294117647058826,
        "f1-score": 0.47058823529411764,
        "support": 340.0
    },
    "4": {
        "precision": 0.8767123287671232,
        "recall": 0.2206896551724138,
        "f1-score": 0.3526170798898072,
        "support": 290.0
    },
    "5": {
        "precision": 0.7533632286995515,
        "recall": 0.5833333333333334,
        "f1-score": 0.6575342465753424,
        "support": 576.0
    },
    "6": {
        "precision": 0.32797783933518004,
        "recall": 0.7158403869407497,
        "f1-score": 0.44984802431610943,
        "support": 827.0
    },
    "7": {
        "precision": 0.6130434782608696,
        "recall": 0.30257510729613735,
        "f1-score": 0.4051724137931034,
        "support": 466.0
    },
    "8": {
        "precision": 0.7209302325581395,
        "recall": 0.2831050228310502,
        "f1-score": 0.4065573770491803,
        "support": 219.0
    },
    "9": {
        "precision": 0.85,
        "recall": 0.11724137931034483,
        "f1-score": 0.20606060606060606,
        "support": 145.0
    },
    "10": {
        "precision": 0.7686567164179104,
        "recall": 0.5282051282051282,
        "f1-score": 0.6261398176291794,
        "support": 195.0
    },
    "11": {
        "precision": 0.7102761430511544,
        "recall": 0.9367164179104478,
        "f1-score": 0.8079299691040165,
        "support": 1675.0
    },
    "12": {
        "precision": 0.4707792207792208,
        "recall": 0.31317494600431967,
        "f1-score": 0.3761348897535668,
        "support": 463.0
    },
    "13": {
        "precision": 0.5303030303030303,
        "recall": 0.639269406392694,
        "f1-score": 0.5797101449275363,
        "support": 657.0
    },
    "14": {
        "precision": 0.5431547619047619,
        "recall": 0.567651632970451,
        "f1-score": 0.5551330798479087,
        "support": 643.0
    },
    "15": {
        "precision": 0.5213414634146342,
        "recall": 0.3577405857740586,
        "f1-score": 0.42431761786600497,
        "support": 478.0
    },
    "16": {
        "precision": 0.46153846153846156,
        "recall": 0.25280898876404495,
        "f1-score": 0.32667876588021777,
        "support": 356.0
    },
    "17": {
        "precision": 0.696,
        "recall": 0.36099585062240663,
        "f1-score": 0.47540983606557374,
        "support": 241.0
    },
    "18": {
        "precision": 0.4667535853976532,
        "recall": 0.6485507246376812,
        "f1-score": 0.5428354814253222,
        "support": 552.0
    },
    "19": {
        "precision": 0.704225352112676,
        "recall": 0.18867924528301888,
        "f1-score": 0.2976190476190476,
        "support": 265.0
    },
    "accuracy": 0.5807,
    "macro avg": {
        "precision": 0.6465122777394451,
        "recall": 0.4375048576278993,
        "f1-score": 0.4689409235163091,
        "support": 10000.0
    },
    "weighted avg": {
        "precision": 0.6198139759234178,
        "recall": 0.5807,
        "f1-score": 0.5599507768307822,
        "support": 10000.0
    },
    "roc_auc": {
        "0": 0.8939922846927635,
        "1": 0.9088548277491594,
        "2": 0.9680455456829444,
        "3": 0.9025581536962612,
        "4": 0.8983916332256117,
        "5": 0.9326262143935107,
        "6": 0.8911304679326097,
        "7": 0.8962464133334413,
        "8": 0.9013449334956085,
        "9": 0.910533774208786,
        "10": 0.9307237280822186,
        "11": 0.9793496660839945,
        "12": 0.8963126674307703,
        "13": 0.9187622213196996,
        "14": 0.9076781697686931,
        "15": 0.879546507141796,
        "16": 0.8775471388160072,
        "17": 0.9302522748444992,
        "18": 0.9252420188614414,
        "19": 0.8797992072952099
    },
    "model": "LogisticRegression",
    "params": {
        "max_iter": 5000,
        "random_state": 42,
        "C": 0.7,
        "tol": 1e-06,
        "grid_search": false
    },
    "mode": "training"
}