{
    "0": {
        "precision": 1.0,
        "recall": 0.10948905109489052,
        "f1-score": 0.19736842105263158,
        "support": 137.0
    },
    "1": {
        "precision": 0.7530864197530864,
        "recall": 0.5583524027459954,
        "f1-score": 0.6412614980289093,
        "support": 437.0
    },
    "2": {
        "precision": 0.8080888183980968,
        "recall": 0.8930762489044698,
        "f1-score": 0.8484596169858452,
        "support": 1141.0
    },
    "3": {
        "precision": 0.8306010928961749,
        "recall": 0.46060606060606063,
        "f1-score": 0.5925925925925926,
        "support": 330.0
    },
    "4": {
        "precision": 0.8987341772151899,
        "recall": 0.2795275590551181,
        "f1-score": 0.4264264264264264,
        "support": 254.0
    },
    "5": {
        "precision": 0.7938388625592417,
        "recall": 0.6079854809437386,
        "f1-score": 0.6885919835560124,
        "support": 551.0
    },
    "6": {
        "precision": 0.3532084043157297,
        "recall": 0.786346396965866,
        "f1-score": 0.48746081504702193,
        "support": 791.0
    },
    "7": {
        "precision": 0.7195121951219512,
        "recall": 0.42857142857142855,
        "f1-score": 0.5371775417298937,
        "support": 413.0
    },
    "8": {
        "precision": 0.8487394957983193,
        "recall": 0.43162393162393164,
        "f1-score": 0.5722379603399433,
        "support": 234.0
    },
    "9": {
        "precision": 1.0,
        "recall": 0.3007518796992481,
        "f1-score": 0.4624277456647399,
        "support": 133.0
    },
    "10": {
        "precision": 0.8484848484848485,
        "recall": 0.6194690265486725,
        "f1-score": 0.7161125319693095,
        "support": 226.0
    },
    "11": {
        "precision": 0.7553648068669528,
        "recall": 0.9339622641509434,
        "f1-score": 0.8352227788030583,
        "support": 1696.0
    },
    "12": {
        "precision": 0.6501766784452296,
        "recall": 0.40707964601769914,
        "f1-score": 0.5006802721088436,
        "support": 452.0
    },
    "13": {
        "precision": 0.6229086229086229,
        "recall": 0.6836158192090396,
        "f1-score": 0.6518518518518519,
        "support": 708.0
    },
    "14": {
        "precision": 0.6401734104046243,
        "recall": 0.6889580093312597,
        "f1-score": 0.6636704119850187,
        "support": 643.0
    },
    "15": {
        "precision": 0.6246575342465753,
        "recall": 0.4523809523809524,
        "f1-score": 0.5247410817031071,
        "support": 504.0
    },
    "16": {
        "precision": 0.6610169491525424,
        "recall": 0.38235294117647056,
        "f1-score": 0.484472049689441,
        "support": 306.0
    },
    "17": {
        "precision": 0.8079470198675497,
        "recall": 0.4860557768924303,
        "f1-score": 0.6069651741293532,
        "support": 251.0
    },
    "18": {
        "precision": 0.5337001375515819,
        "recall": 0.7293233082706767,
        "f1-score": 0.6163621922160445,
        "support": 532.0
    },
    "19": {
        "precision": 0.853448275862069,
        "recall": 0.3793103448275862,
        "f1-score": 0.5251989389920424,
        "support": 261.0
    },
    "accuracy": 0.6565,
    "macro avg": {
        "precision": 0.7501843874924193,
        "recall": 0.5309419264508238,
        "f1-score": 0.5789640942436043,
        "support": 10000.0
    },
    "weighted avg": {
        "precision": 0.7082020302214579,
        "recall": 0.6565,
        "f1-score": 0.6484473378951908,
        "support": 10000.0
    },
    "roc_auc": null,
    "model": "LogisticRegression",
    "params": {
        "max_iter": 5000,
        "random_state": 42,
        "C": 0.7,
        "tol": 1e-05,
        "grid_search": false
    },
    "mode": "training"
}