{
    "0": {
        "precision": 1.0,
        "recall": 0.058394160583941604,
        "f1-score": 0.1103448275862069,
        "support": 137.0
    },
    "1": {
        "precision": 0.6867469879518072,
        "recall": 0.5217391304347826,
        "f1-score": 0.5929778933680104,
        "support": 437.0
    },
    "2": {
        "precision": 0.7497975708502024,
        "recall": 0.8115687992988606,
        "f1-score": 0.7794612794612794,
        "support": 1141.0
    },
    "3": {
        "precision": 0.8024691358024691,
        "recall": 0.3939393939393939,
        "f1-score": 0.5284552845528455,
        "support": 330.0
    },
    "4": {
        "precision": 0.881578947368421,
        "recall": 0.2637795275590551,
        "f1-score": 0.40606060606060607,
        "support": 254.0
    },
    "5": {
        "precision": 0.8559322033898306,
        "recall": 0.5499092558983666,
        "f1-score": 0.6696132596685083,
        "support": 551.0
    },
    "6": {
        "precision": 0.39118457300275483,
        "recall": 0.718078381795196,
        "f1-score": 0.5064645563976817,
        "support": 791.0
    },
    "7": {
        "precision": 0.6244541484716157,
        "recall": 0.34624697336561744,
        "f1-score": 0.4454828660436137,
        "support": 413.0
    },
    "8": {
        "precision": 0.9272727272727272,
        "recall": 0.21794871794871795,
        "f1-score": 0.35294117647058826,
        "support": 234.0
    },
    "9": {
        "precision": 1.0,
        "recall": 0.09022556390977443,
        "f1-score": 0.16551724137931034,
        "support": 133.0
    },
    "10": {
        "precision": 0.6771653543307087,
        "recall": 0.3805309734513274,
        "f1-score": 0.48725212464589235,
        "support": 226.0
    },
    "11": {
        "precision": 0.5958850931677019,
        "recall": 0.9050707547169812,
        "f1-score": 0.7186329588014981,
        "support": 1696.0
    },
    "12": {
        "precision": 0.6292134831460674,
        "recall": 0.37168141592920356,
        "f1-score": 0.4673157162726008,
        "support": 452.0
    },
    "13": {
        "precision": 0.5912031047865459,
        "recall": 0.6454802259887006,
        "f1-score": 0.6171505739365294,
        "support": 708.0
    },
    "14": {
        "precision": 0.52,
        "recall": 0.687402799377916,
        "f1-score": 0.5920964501004689,
        "support": 643.0
    },
    "15": {
        "precision": 0.5464788732394367,
        "recall": 0.38492063492063494,
        "f1-score": 0.45168800931315484,
        "support": 504.0
    },
    "16": {
        "precision": 0.6101694915254238,
        "recall": 0.11764705882352941,
        "f1-score": 0.19726027397260273,
        "support": 306.0
    },
    "17": {
        "precision": 0.8214285714285714,
        "recall": 0.2749003984063745,
        "f1-score": 0.41194029850746267,
        "support": 251.0
    },
    "18": {
        "precision": 0.3952991452991453,
        "recall": 0.6954887218045113,
        "f1-score": 0.5040871934604905,
        "support": 532.0
    },
    "19": {
        "precision": 0.9137931034482759,
        "recall": 0.20306513409961685,
        "f1-score": 0.3322884012539185,
        "support": 261.0
    },
    "accuracy": 0.5846,
    "macro avg": {
        "precision": 0.7110036257240853,
        "recall": 0.43190090111262514,
        "f1-score": 0.4668515495626634,
        "support": 10000.0
    },
    "weighted avg": {
        "precision": 0.6488402066244218,
        "recall": 0.5846,
        "f1-score": 0.5603419241667043,
        "support": 10000.0
    },
    "roc_auc": {
        "0": 0.9345189682593132,
        "1": 0.9390625482318748,
        "2": 0.962487679458463,
        "3": 0.9384348657202846,
        "4": 0.9306458858146529,
        "5": 0.9431571610243472,
        "6": 0.931562030712823,
        "7": 0.9299827424698144,
        "8": 0.9414887425587815,
        "9": 0.9659905312079224,
        "10": 0.94857450958023,
        "11": 0.9574408403429128,
        "12": 0.9307140725389369,
        "13": 0.941330523067045,
        "14": 0.9400724767395805,
        "15": 0.9235611736269909,
        "16": 0.9170142302158468,
        "17": 0.9476475061902354,
        "18": 0.9312236151214538,
        "19": 0.9284912853837654
    },
    "model": "LogisticRegression",
    "params": {
        "max_iter": 1000,
        "random_state": 42,
        "C": 0.6,
        "grid_search": false
    },
    "mode": "training"
}