{
    "0": {
        "precision": 0.75,
        "recall": 0.047244094488188976,
        "f1-score": 0.08888888888888889,
        "support": 127.0
    },
    "1": {
        "precision": 0.525,
        "recall": 0.441588785046729,
        "f1-score": 0.4796954314720812,
        "support": 428.0
    },
    "2": {
        "precision": 0.6771720613287905,
        "recall": 0.7521286660359509,
        "f1-score": 0.712684894666069,
        "support": 1057.0
    },
    "3": {
        "precision": 0.5843373493975904,
        "recall": 0.2852941176470588,
        "f1-score": 0.383399209486166,
        "support": 340.0
    },
    "4": {
        "precision": 0.7868852459016393,
        "recall": 0.16551724137931034,
        "f1-score": 0.27350427350427353,
        "support": 290.0
    },
    "5": {
        "precision": 0.7347417840375586,
        "recall": 0.5434027777777778,
        "f1-score": 0.624750499001996,
        "support": 576.0
    },
    "6": {
        "precision": 0.318953323903819,
        "recall": 0.5453446191051995,
        "f1-score": 0.40249888442659526,
        "support": 827.0
    },
    "7": {
        "precision": 0.44206008583690987,
        "recall": 0.22103004291845493,
        "f1-score": 0.2947067238912732,
        "support": 466.0
    },
    "8": {
        "precision": 0.782608695652174,
        "recall": 0.1643835616438356,
        "f1-score": 0.27169811320754716,
        "support": 219.0
    },
    "9": {
        "precision": 0.875,
        "recall": 0.04827586206896552,
        "f1-score": 0.0915032679738562,
        "support": 145.0
    },
    "10": {
        "precision": 0.5348837209302325,
        "recall": 0.35384615384615387,
        "f1-score": 0.42592592592592593,
        "support": 195.0
    },
    "11": {
        "precision": 0.5594405594405595,
        "recall": 0.8597014925373134,
        "f1-score": 0.6778065427159332,
        "support": 1675.0
    },
    "12": {
        "precision": 0.3503184713375796,
        "recall": 0.23758099352051837,
        "f1-score": 0.28314028314028317,
        "support": 463.0
    },
    "13": {
        "precision": 0.3842239185750636,
        "recall": 0.4596651445966514,
        "f1-score": 0.41857241857241856,
        "support": 657.0
    },
    "14": {
        "precision": 0.38451776649746194,
        "recall": 0.4712286158631415,
        "f1-score": 0.42348008385744235,
        "support": 643.0
    },
    "15": {
        "precision": 0.3753501400560224,
        "recall": 0.2803347280334728,
        "f1-score": 0.3209580838323353,
        "support": 478.0
    },
    "16": {
        "precision": 0.3655913978494624,
        "recall": 0.09550561797752809,
        "f1-score": 0.1514476614699332,
        "support": 356.0
    },
    "17": {
        "precision": 0.6067415730337079,
        "recall": 0.22406639004149378,
        "f1-score": 0.32727272727272727,
        "support": 241.0
    },
    "18": {
        "precision": 0.3428258488499452,
        "recall": 0.5670289855072463,
        "f1-score": 0.4273037542662116,
        "support": 552.0
    },
    "19": {
        "precision": 0.6229508196721312,
        "recall": 0.14339622641509434,
        "f1-score": 0.2331288343558282,
        "support": 265.0
    },
    "accuracy": 0.4842,
    "macro avg": {
        "precision": 0.5501801381150322,
        "recall": 0.34532820582250423,
        "f1-score": 0.36561832509638925,
        "support": 10000.0
    },
    "weighted avg": {
        "precision": 0.5167201472449018,
        "recall": 0.4842,
        "f1-score": 0.45630366074986817,
        "support": 10000.0
    },
    "roc_auc": {
        "0": 0.8035092924232239,
        "1": 0.8554461562345002,
        "2": 0.9319621875155708,
        "3": 0.8340954207770064,
        "4": 0.8240981568947761,
        "5": 0.8887736578298906,
        "6": 0.859609671462342,
        "7": 0.8201810596995979,
        "8": 0.8128586827784181,
        "9": 0.7932042198079043,
        "10": 0.8852715124413237,
        "11": 0.9384482631885617,
        "12": 0.8194624958471395,
        "13": 0.8587529452128104,
        "14": 0.8529865366386822,
        "15": 0.8115597088969916,
        "16": 0.8163265335843676,
        "17": 0.8582008989255157,
        "18": 0.8823561500631987,
        "19": 0.7569588433099785
    },
    "model": "LogisticRegression",
    "params": {
        "max_iter": 5000,
        "random_state": 42,
        "C": 0.9,
        "grid_search": false
    },
    "mode": "training"
}