{
    "0": {
        "precision": 1.0,
        "recall": 0.058394160583941604,
        "f1-score": 0.1103448275862069,
        "support": 137.0
    },
    "1": {
        "precision": 0.742603550295858,
        "recall": 0.5743707093821511,
        "f1-score": 0.6477419354838709,
        "support": 437.0
    },
    "2": {
        "precision": 0.7722852512155591,
        "recall": 0.8352322524101665,
        "f1-score": 0.8025263157894736,
        "support": 1141.0
    },
    "3": {
        "precision": 0.8481675392670157,
        "recall": 0.4909090909090909,
        "f1-score": 0.6218809980806143,
        "support": 330.0
    },
    "4": {
        "precision": 0.9230769230769231,
        "recall": 0.28346456692913385,
        "f1-score": 0.43373493975903615,
        "support": 254.0
    },
    "5": {
        "precision": 0.8891891891891892,
        "recall": 0.5970961887477314,
        "f1-score": 0.7144408251900108,
        "support": 551.0
    },
    "6": {
        "precision": 0.4373219373219373,
        "recall": 0.7762326169405815,
        "f1-score": 0.5594533029612756,
        "support": 791.0
    },
    "7": {
        "precision": 0.7408906882591093,
        "recall": 0.4430992736077482,
        "f1-score": 0.5545454545454546,
        "support": 413.0
    },
    "8": {
        "precision": 0.9142857142857143,
        "recall": 0.27350427350427353,
        "f1-score": 0.42105263157894735,
        "support": 234.0
    },
    "9": {
        "precision": 1.0,
        "recall": 0.09774436090225563,
        "f1-score": 0.1780821917808219,
        "support": 133.0
    },
    "10": {
        "precision": 0.7238805970149254,
        "recall": 0.42920353982300885,
        "f1-score": 0.5388888888888889,
        "support": 226.0
    },
    "11": {
        "precision": 0.6191042409829568,
        "recall": 0.9209905660377359,
        "f1-score": 0.7404598246029865,
        "support": 1696.0
    },
    "12": {
        "precision": 0.7335640138408305,
        "recall": 0.4690265486725664,
        "f1-score": 0.5721997300944669,
        "support": 452.0
    },
    "13": {
        "precision": 0.6711590296495957,
        "recall": 0.7033898305084746,
        "f1-score": 0.6868965517241379,
        "support": 708.0
    },
    "14": {
        "precision": 0.5669014084507042,
        "recall": 0.7511664074650077,
        "f1-score": 0.6461538461538462,
        "support": 643.0
    },
    "15": {
        "precision": 0.6321243523316062,
        "recall": 0.48412698412698413,
        "f1-score": 0.5483146067415731,
        "support": 504.0
    },
    "16": {
        "precision": 0.7733333333333333,
        "recall": 0.1895424836601307,
        "f1-score": 0.30446194225721784,
        "support": 306.0
    },
    "17": {
        "precision": 0.8144329896907216,
        "recall": 0.3147410358565737,
        "f1-score": 0.4540229885057471,
        "support": 251.0
    },
    "18": {
        "precision": 0.43863636363636366,
        "recall": 0.7255639097744361,
        "f1-score": 0.546742209631728,
        "support": 532.0
    },
    "19": {
        "precision": 0.9565217391304348,
        "recall": 0.25287356321839083,
        "f1-score": 0.4,
        "support": 261.0
    },
    "accuracy": 0.6334,
    "macro avg": {
        "precision": 0.759873943048639,
        "recall": 0.48353361815301915,
        "f1-score": 0.5240972005678152,
        "support": 10000.0
    },
    "weighted avg": {
        "precision": 0.6973374670463991,
        "recall": 0.6334,
        "f1-score": 0.6133460627795958,
        "support": 10000.0
    },
    "roc_auc": null,
    "model": "LogisticRegression",
    "params": {
        "max_iter": 5000,
        "random_state": 42,
        "C": 0.7,
        "tol": 0.0005,
        "grid_search": false
    },
    "mode": "training"
}