{
    "0": {
        "precision": 1.0,
        "recall": 0.058394160583941604,
        "f1-score": 0.1103448275862069,
        "support": 137.0
    },
    "1": {
        "precision": 0.6729559748427673,
        "recall": 0.4897025171624714,
        "f1-score": 0.5668874172185431,
        "support": 437.0
    },
    "2": {
        "precision": 0.7238924050632911,
        "recall": 0.8019281332164768,
        "f1-score": 0.760914760914761,
        "support": 1141.0
    },
    "3": {
        "precision": 0.8,
        "recall": 0.4,
        "f1-score": 0.5333333333333333,
        "support": 330.0
    },
    "4": {
        "precision": 0.8769230769230769,
        "recall": 0.22440944881889763,
        "f1-score": 0.3573667711598746,
        "support": 254.0
    },
    "5": {
        "precision": 0.844632768361582,
        "recall": 0.542649727767695,
        "f1-score": 0.6607734806629835,
        "support": 551.0
    },
    "6": {
        "precision": 0.4051094890510949,
        "recall": 0.7016434892541087,
        "f1-score": 0.5136510874595095,
        "support": 791.0
    },
    "7": {
        "precision": 0.6415094339622641,
        "recall": 0.32929782082324455,
        "f1-score": 0.4352,
        "support": 413.0
    },
    "8": {
        "precision": 0.8888888888888888,
        "recall": 0.20512820512820512,
        "f1-score": 0.3333333333333333,
        "support": 234.0
    },
    "9": {
        "precision": 1.0,
        "recall": 0.09022556390977443,
        "f1-score": 0.16551724137931034,
        "support": 133.0
    },
    "10": {
        "precision": 0.5906040268456376,
        "recall": 0.3893805309734513,
        "f1-score": 0.4693333333333333,
        "support": 226.0
    },
    "11": {
        "precision": 0.5940517574353033,
        "recall": 0.9068396226415094,
        "f1-score": 0.717852975495916,
        "support": 1696.0
    },
    "12": {
        "precision": 0.5986842105263158,
        "recall": 0.4026548672566372,
        "f1-score": 0.48148148148148145,
        "support": 452.0
    },
    "13": {
        "precision": 0.57421875,
        "recall": 0.6228813559322034,
        "f1-score": 0.5975609756097561,
        "support": 708.0
    },
    "14": {
        "precision": 0.5476804123711341,
        "recall": 0.6609642301710731,
        "f1-score": 0.5990133897110641,
        "support": 643.0
    },
    "15": {
        "precision": 0.4841075794621027,
        "recall": 0.39285714285714285,
        "f1-score": 0.43373493975903615,
        "support": 504.0
    },
    "16": {
        "precision": 0.6707317073170732,
        "recall": 0.17973856209150327,
        "f1-score": 0.28350515463917525,
        "support": 306.0
    },
    "17": {
        "precision": 0.7857142857142857,
        "recall": 0.26294820717131473,
        "f1-score": 0.3940298507462687,
        "support": 251.0
    },
    "18": {
        "precision": 0.3920750782064651,
        "recall": 0.706766917293233,
        "f1-score": 0.5043594902749833,
        "support": 532.0
    },
    "19": {
        "precision": 0.9310344827586207,
        "recall": 0.20689655172413793,
        "f1-score": 0.3385579937304075,
        "support": 261.0
    },
    "accuracy": 0.5799,
    "macro avg": {
        "precision": 0.7011407163864952,
        "recall": 0.42876535273885114,
        "f1-score": 0.4628375918914639,
        "support": 10000.0
    },
    "weighted avg": {
        "precision": 0.6403890397953,
        "recall": 0.5799,
        "f1-score": 0.5558313290316729,
        "support": 10000.0
    },
    "roc_auc": null,
    "model": "LogisticRegression",
    "params": {
        "max_iter": 5000,
        "random_state": 42,
        "C": 0.7,
        "tol": 0.005,
        "grid_search": false
    },
    "mode": "training"
}