{
    "processing_time_seconds": 124.99146389961243,
    "memory_usage_mb": -680.90625,
    "successful_samples": 10000,
    "total_samples": 10000,
    "error_rate": 0.0,
    "samples_per_second": 80.00546347734237,
    "timestamp": "2025-06-03 17:54:47"
}