{
    "processing_time_seconds": 84.00747084617615,
    "memory_usage_mb": 126.984375,
    "successful_samples": 10000,
    "total_samples": 10000,
    "error_rate": 0.0,
    "samples_per_second": 119.03703205528869,
    "timestamp": "2025-06-03 17:56:13"
}