{
    "0": {
        "precision": 0.0,
        "recall": 0.0,
        "f1-score": 0.0,
        "support": 127.0
    },
    "1": {
        "precision": 0.5609756097560976,
        "recall": 0.42990654205607476,
        "f1-score": 0.48677248677248675,
        "support": 428.0
    },
    "2": {
        "precision": 0.6785095320623917,
        "recall": 0.7407757805108799,
        "f1-score": 0.7082767978290366,
        "support": 1057.0
    },
    "3": {
        "precision": 0.6791044776119403,
        "recall": 0.2676470588235294,
        "f1-score": 0.38396624472573837,
        "support": 340.0
    },
    "4": {
        "precision": 0.8913043478260869,
        "recall": 0.1413793103448276,
        "f1-score": 0.24404761904761904,
        "support": 290.0
    },
    "5": {
        "precision": 0.779746835443038,
        "recall": 0.5347222222222222,
        "f1-score": 0.6343975283213182,
        "support": 576.0
    },
    "6": {
        "precision": 0.30208993033565545,
        "recall": 0.5767835550181378,
        "f1-score": 0.39650872817955113,
        "support": 827.0
    },
    "7": {
        "precision": 0.5081081081081081,
        "recall": 0.2017167381974249,
        "f1-score": 0.2887864823348694,
        "support": 466.0
    },
    "8": {
        "precision": 0.9696969696969697,
        "recall": 0.1461187214611872,
        "f1-score": 0.25396825396825395,
        "support": 219.0
    },
    "9": {
        "precision": 1.0,
        "recall": 0.04827586206896552,
        "f1-score": 0.09210526315789473,
        "support": 145.0
    },
    "10": {
        "precision": 0.5811965811965812,
        "recall": 0.3487179487179487,
        "f1-score": 0.4358974358974359,
        "support": 195.0
    },
    "11": {
        "precision": 0.5362962962962963,
        "recall": 0.8644776119402985,
        "f1-score": 0.6619428571428572,
        "support": 1675.0
    },
    "12": {
        "precision": 0.4226415094339623,
        "recall": 0.24190064794816415,
        "f1-score": 0.3076923076923077,
        "support": 463.0
    },
    "13": {
        "precision": 0.39759036144578314,
        "recall": 0.4520547945205479,
        "f1-score": 0.4230769230769231,
        "support": 657.0
    },
    "14": {
        "precision": 0.3819951338199513,
        "recall": 0.48833592534992226,
        "f1-score": 0.4286689419795222,
        "support": 643.0
    },
    "15": {
        "precision": 0.4126984126984127,
        "recall": 0.2719665271966527,
        "f1-score": 0.32786885245901637,
        "support": 478.0
    },
    "16": {
        "precision": 0.375,
        "recall": 0.07584269662921349,
        "f1-score": 0.1261682242990654,
        "support": 356.0
    },
    "17": {
        "precision": 0.6851851851851852,
        "recall": 0.15352697095435686,
        "f1-score": 0.25084745762711863,
        "support": 241.0
    },
    "18": {
        "precision": 0.3313373253493014,
        "recall": 0.6014492753623188,
        "f1-score": 0.4272844272844273,
        "support": 552.0
    },
    "19": {
        "precision": 0.8,
        "recall": 0.13584905660377358,
        "f1-score": 0.23225806451612904,
        "support": 265.0
    },
    "accuracy": 0.4818,
    "macro avg": {
        "precision": 0.5646738308132881,
        "recall": 0.3360723622963223,
        "f1-score": 0.35552674481557855,
        "support": 10000.0
    },
    "weighted avg": {
        "precision": 0.5344710545473922,
        "recall": 0.4818,
        "f1-score": 0.45044963583390246,
        "support": 10000.0
    },
    "model": "LogisticRegression"
}