{
    "0": {
        "precision": 0.8877659574468085,
        "recall": 0.878421052631579,
        "f1-score": 0.8830687830687831,
        "support": 1900.0
    },
    "1": {
        "precision": 0.9370774830993239,
        "recall": 0.9484210526315789,
        "f1-score": 0.9427151451739472,
        "support": 1900.0
    },
    "2": {
        "precision": 0.8274406332453826,
        "recall": 0.8252631578947368,
        "f1-score": 0.8263504611330699,
        "support": 1900.0
    },
    "3": {
        "precision": 0.8349106203995794,
        "recall": 0.8357894736842105,
        "f1-score": 0.8353498158863756,
        "support": 1900.0
    },
    "accuracy": 0.8719736842105263,
    "macro avg": {
        "precision": 0.8717986735477736,
        "recall": 0.8719736842105263,
        "f1-score": 0.871871051315544,
        "support": 7600.0
    },
    "weighted avg": {
        "precision": 0.8717986735477735,
        "recall": 0.8719736842105263,
        "f1-score": 0.8718710513155439,
        "support": 7600.0
    },
    "roc_auc": {
        "0": 0.9622774699907665,
        "1": 0.9919110803324099,
        "2": 0.9578635272391506,
        "3": 0.9665858725761773
    },
    "model": "LogisticRegression",
    "params": {
        "C": 1,
        "max_iter": 1000,
        "penalty": "l2",
        "solver": "lbfgs",
        "tol": 1e-05
    },
    "mode": "training"
}