{
    "0": {
        "precision": 0.8904946061469571,
        "recall": 0.875,
        "f1-score": 0.8826793099969736,
        "support": 30000.0
    },
    "1": {
        "precision": 0.933372258985338,
        "recall": 0.9591333333333333,
        "f1-score": 0.9460774643256395,
        "support": 30000.0
    },
    "2": {
        "precision": 0.8441580236968416,
        "recall": 0.8383333333333334,
        "f1-score": 0.8412355961400164,
        "support": 30000.0
    },
    "3": {
        "precision": 0.8462593224306879,
        "recall": 0.8434666666666667,
        "f1-score": 0.8448606867998865,
        "support": 30000.0
    },
    "accuracy": 0.8789833333333333,
    "macro avg": {
        "precision": 0.8785710528149561,
        "recall": 0.8789833333333333,
        "f1-score": 0.878713264315629,
        "support": 120000.0
    },
    "weighted avg": {
        "precision": 0.8785710528149561,
        "recall": 0.8789833333333333,
        "f1-score": 0.8787132643156289,
        "support": 120000.0
    },
    "roc_auc": null,
    "model": "LogisticRegression",
    "params": {
        "C": 1,
        "max_iter": 1000,
        "penalty": "l2",
        "solver": "lbfgs",
        "tol": 1e-05
    },
    "mode": "training"
}