{
    "processing_time_seconds": 35.228644371032715,
    "memory_usage_mb": 429.2265625,
    "successful_samples": 120000,
    "total_samples": 120000,
    "error_rate": 0.0,
    "samples_per_second": 3406.318981115033,
    "timestamp": "2025-05-25 19:18:14"
}