{
    "processing_time_seconds": 2.3881802558898926,
    "memory_usage_mb": 27.02734375,
    "successful_samples": 7600,
    "total_samples": 7600,
    "error_rate": 0.0,
    "samples_per_second": 3182.339348655263,
    "timestamp": "2025-05-25 19:18:59"
}