{
    "0": {
        "precision": 0.7184115523465704,
        "recall": 0.6238244514106583,
        "f1-score": 0.6677852348993288,
        "support": 319.0
    },
    "1": {
        "precision": 0.7004830917874396,
        "recall": 0.7455012853470437,
        "f1-score": 0.7222914072229141,
        "support": 389.0
    },
    "2": {
        "precision": 0.6691176470588235,
        "recall": 0.6928934010152284,
        "f1-score": 0.6807980049875312,
        "support": 394.0
    },
    "3": {
        "precision": 0.6295454545454545,
        "recall": 0.7066326530612245,
        "f1-score": 0.6658653846153846,
        "support": 392.0
    },
    "4": {
        "precision": 0.7652173913043478,
        "recall": 0.6857142857142857,
        "f1-score": 0.7232876712328767,
        "support": 385.0
    },
    "5": {
        "precision": 0.8579234972677595,
        "recall": 0.7949367088607595,
        "f1-score": 0.8252299605781866,
        "support": 395.0
    },
    "6": {
        "precision": 0.8257756563245824,
        "recall": 0.8871794871794871,
        "f1-score": 0.8553770086526576,
        "support": 390.0
    },
    "7": {
        "precision": 0.864,
        "recall": 0.8181818181818182,
        "f1-score": 0.8404669260700389,
        "support": 396.0
    },
    "8": {
        "precision": 0.8603491271820449,
        "recall": 0.8668341708542714,
        "f1-score": 0.8635794743429287,
        "support": 398.0
    },
    "9": {
        "precision": 0.9408740359897172,
        "recall": 0.9219143576826196,
        "f1-score": 0.9312977099236641,
        "support": 397.0
    },
    "10": {
        "precision": 0.9527363184079602,
        "recall": 0.9598997493734336,
        "f1-score": 0.9563046192259675,
        "support": 399.0
    },
    "11": {
        "precision": 0.9138888888888889,
        "recall": 0.8308080808080808,
        "f1-score": 0.8703703703703703,
        "support": 396.0
    },
    "12": {
        "precision": 0.7035175879396985,
        "recall": 0.712468193384224,
        "f1-score": 0.7079646017699115,
        "support": 393.0
    },
    "13": {
        "precision": 0.9067357512953368,
        "recall": 0.8838383838383839,
        "f1-score": 0.8951406649616368,
        "support": 396.0
    },
    "14": {
        "precision": 0.9060913705583756,
        "recall": 0.9060913705583756,
        "f1-score": 0.9060913705583756,
        "support": 394.0
    },
    "15": {
        "precision": 0.7461706783369803,
        "recall": 0.8567839195979899,
        "f1-score": 0.7976608187134503,
        "support": 398.0
    },
    "16": {
        "precision": 0.6840909090909091,
        "recall": 0.8269230769230769,
        "f1-score": 0.7487562189054726,
        "support": 364.0
    },
    "17": {
        "precision": 0.9083333333333333,
        "recall": 0.8696808510638298,
        "f1-score": 0.8885869565217391,
        "support": 376.0
    },
    "18": {
        "precision": 0.6241379310344828,
        "recall": 0.5838709677419355,
        "f1-score": 0.6033333333333334,
        "support": 310.0
    },
    "19": {
        "precision": 0.5213270142180095,
        "recall": 0.43824701195219123,
        "f1-score": 0.47619047619047616,
        "support": 251.0
    },
    "accuracy": 0.7908921933085502,
    "macro avg": {
        "precision": 0.7849363618455357,
        "recall": 0.7806112112274459,
        "f1-score": 0.7813189106538122,
        "support": 7532.0
    },
    "weighted avg": {
        "precision": 0.7929038848912302,
        "recall": 0.7908921933085502,
        "f1-score": 0.7905140662843182,
        "support": 7532.0
    },
    "roc_auc": {
        "0": 0.9743036236819013,
        "1": 0.9757761657106191,
        "2": 0.9729651696148305,
        "3": 0.9735537071971645,
        "4": 0.9835935157608587,
        "5": 0.9901994065513469,
        "6": 0.9926261407779189,
        "7": 0.9918877678126556,
        "8": 0.9954394202580044,
        "9": 0.9963715250503513,
        "10": 0.9989019935229915,
        "11": 0.9915570715563709,
        "12": 0.976964863825448,
        "13": 0.9900741580604248,
        "14": 0.9941223991705223,
        "15": 0.9911038934509947,
        "16": 0.9834141514177787,
        "17": 0.9942114488065363,
        "18": 0.9431245030864472,
        "19": 0.954448925900573
    },
    "model": "XGBClassifier",
    "params": {
        "learning_rate": 0.1,
        "max_depth": 3,
        "n_estimators": 300,
        "num_class": 20,
        "eval_metric": "mlogloss",
        "objective": "multi:softmax"
    },
    "mode": "training"
}