{
    "0": {
        "precision": 0.9273412271259419,
        "recall": 0.9068421052631579,
        "f1-score": 0.9169771154869611,
        "support": 1900.0
    },
    "1": {
        "precision": 0.9652309289050337,
        "recall": 0.9789473684210527,
        "f1-score": 0.9720407629997387,
        "support": 1900.0
    },
    "2": {
        "precision": 0.8782929399367756,
        "recall": 0.8773684210526316,
        "f1-score": 0.8778304370721433,
        "support": 1900.0
    },
    "3": {
        "precision": 0.883150756390193,
        "recall": 0.8910526315789473,
        "f1-score": 0.8870840974587372,
        "support": 1900.0
    },
    "accuracy": 0.9135526315789474,
    "macro avg": {
        "precision": 0.9135039630894861,
        "recall": 0.9135526315789473,
        "f1-score": 0.9134831032543951,
        "support": 7600.0
    },
    "weighted avg": {
        "precision": 0.9135039630894861,
        "recall": 0.9135526315789474,
        "f1-score": 0.9134831032543951,
        "support": 7600.0
    },
    "roc_auc": {
        "0": 0.9845512465373962,
        "1": 0.9974336103416436,
        "2": 0.9769783010156972,
        "3": 0.980609325946445
    },
    "model": "LogisticRegression",
    "params": {
        "max_iter": 200,
        "random_state": 42,
        "C": 0.9
    },
    "mode": "training"
}